task,Название,Краткая формулировка,Тема,Уровень сложности
"Вычислить $\displaystyle \lim_{n \to \infty} \frac{n \cos(n^2 + e^n)}{2^n - 1}$. Ответ запишите в виде десятичной дроби, округлив по правилам математического округления до 3 знаков после запятой.",Предел последовательности с косинусом,Вычислить предел последовательности $\frac{n \cos(n^2 + e^n)}{2^n - 1}$ при $n \to \infty$.,Мат. анализ,легкий
"Вычислить $\displaystyle \lim_{n \to \infty} (\sqrt{n + 1} - \sqrt{n})$. Ответ запишите в виде десятичной дроби, округлив по правилам математического округления до 3 знаков после запятой.",Предел разности корней,Вычислить предел $\lim_{n \to \infty} (\sqrt{n + 1} - \sqrt{n})$.,Мат. анализ,легкий
"Вычислить интеграл: $\displaystyle \int_{0}^{\pi} \sin 2x dx$. Ответ запишите в виде десятичной дроби, округлив по правилам математического округления до 3 знаков после запятой.",Вычисление определенного интеграла синуса,Вычислить определенный интеграл $\int_{0}^{\pi} \sin 2x dx$.,Мат. анализ,легкий
"Два охотника стреляют по волку (вероятности попадания 0.7 и 0.8). Найти вероятность хотя бы одного попадания по одному выстрелу. Ответ запишите в виде десятичной дроби, округлив по правилам математического округления до 3 знаков после запятой.",Вероятность хотя бы одного попадания,Найти вероятность хотя бы одного попадания по волку при двух стрелках с заданными вероятностями попадания.,Теор. вер. и статистика,легкий
"Вычисли $ \displaystyle \int_1^2 \dfrac{2e^{2x}-e^x}{\sqrt{3e^{2x}-6e^x-1}}dx$.Ответ запишите в виде десятичной дроби, округлив по правилам математического округления до 3 знаков после запятой.",Вычисление определённого интеграла,Вычислить определённый интеграл с экспоненциальными функциями,Мат. анализ,средний
"Существует 8! восьмизначных положительных чисел, которые используют каждую из цифр 1,2,3,4,5,6,7,8 ровно один раз. Пусть $ N - $ количество таких чисел, которые делятся на 22. Найди модуль разности $ N - 2025.$Ответ запишите в виде десятичной дроби, округлив по правилам математического округления до 3 знаков после запятой.","Количество чисел, делящихся на 22","Найти количество 8-значных чисел из цифр 1-8 без повторений, делящихся на 22, и вычислить модуль разности с 2025.",теория чисел,средний
"Вычисли $ \displaystyle \int_0^1 \dfrac{4}{x^4+4}dx$.Ответ запишите в виде десятичной дроби, округлив по правилам математического округления до 3 знаков после запятой.",Вычисление определенного интеграла,Вычислить определенный интеграл от рациональной функции,Мат. анализ,средний
"Вычислить несобственный интеграл: $\displaystyle \int_{2}^{+\infty} \frac{dx}{x^2+2x-3}$. Ответ запишите в виде десятичной дроби, округлив по правилам математического округления до 3 знаков после запятой.",Вычисление несобственного интеграла,Вычислить несобственный интеграл от рациональной функции.,Мат. анализ,средний
"Найдите сумму ряда: $\displaystyle \frac{1}{1 \cdot 2 \cdot 3} + \frac{1}{2 \cdot 3 \cdot 4} + \frac{1}{3 \cdot 4 \cdot 5} + \frac{1}{4 \cdot 5 \cdot 6} + \ldots$. Ответ запишите в виде десятичной дроби, округлив по правилам математического округления до 3 знаков после запятой.",Сумма ряда с произведениями в знаменателе,Найти сумму ряда $\sum_{n=1}^{\infty} \frac{1}{n(n+1)(n+2)}$,Мат. анализ,средний
"Найти вероятность правильно угадать 2 последние разные нечетные цифры номера. Ответ запишите в виде десятичной дроби, округлив по правилам математического округления до 3 знаков после запятой.",Вероятность угадать две последние разные нечетные цифры,Найти вероятность правильно угадать 2 последние разные нечетные цифры номера.,Теор. вер. и статистика,легкий
"Вычисли $ \displaystyle \int_0^1 -\sin^{-1}(\sqrt{x}-\sqrt{x+1})dx$.Ответ запишите в виде десятичной дроби, округлив по правилам математического округления до 3 знаков после запятой.",Вычисление определенного интеграла с арксинусом,"Вычислить определенный интеграл от функции, содержащей арксинус и корни.",Мат. анализ,средний
"При каком натуральном $K$ величина $\frac{n^2}{1.001^n}$ достигает максимального значения? Ответ запишите в виде десятичной дроби, округлив по правилам математического округления до 3 знаков после запятой.",Максимум функции,"Найти натуральное K, при котором функция n^2 / 1.001^n достигает максимума.",Мат. анализ,средний
"Вычисли $ \displaystyle \lim_{x \rightarrow +\infty}\sqrt[3]{x^3+3x^2}-\sqrt{x^2-2x}$. Ответ запиши в виде десятичной дроби, округлив по правилам математического округления до 3 знаков после запятой.",Вычисление предела с корнями,Вычислить предел разности кубического и квадратного корней при x стремящемся к бесконечности.,Мат. анализ,средний
"Вычисли $ \displaystyle \int_1^8 (4\sqrt[3]{x}-2/\sqrt[3]{x}) dx$. Ответ запиши в виде десятичной дроби, округлив по правилам математического округления до 3 знаков после запятой.",Вычисление определённого интеграла,"Вычислить определённый интеграл от функции, содержащей корни.",Мат. анализ,легкий
"В телефонном номере 135-3?-?? стерлись три последние цифры. Найти вероятность, что стерлись одинаковые цифры. Ответ запишите в виде десятичной дроби, округлив по правилам математического округления до 3 знаков после запятой.",Вероятность одинаковых цифр в телефонном номере,"Найти вероятность, что стерлись три одинаковые цифры в телефонном номере.",Теор. вер. и статистика,легкий
"Вычисли $ \displaystyle \lim_{x \rightarrow 0} (1-\sqrt{\cos x})/(1-\cos(\sqrt{x}) $. Ответ запиши в виде десятичной дроби, округлив по правилам математического округления до 3 знаков после запятой.",Вычисление предела с неопределенностью,"Вычислить предел отношения функций при x, стремящемся к 0.",Мат. анализ,средний
"Решите уравнение $2 \sin \frac{\pi x}{2} - 2 \cos \pi x = x^5 + 10x - 54$. Ответ запишите в виде десятичной дроби, округлив по правилам математического округления до 3 знаков после запятой.",Решение тригонометрического уравнения с многочленом,Решить уравнение $2 \sin \frac{\pi x}{2} - 2 \cos \pi x = x^5 + 10x - 54$.,Мат. анализ,средний
"Вычислить интеграл: $\displaystyle \int_{0}^{1} \frac{x^2 + 1}{\sqrt{x}} dx$. Ответ запишите в виде десятичной дроби, округлив по правилам математического округления до 3 знаков после запятой.",Вычисление определенного интеграла,"Вычислить определенный интеграл от функции, содержащей степень и корень.",Мат. анализ,легкий
"Кусочно-линейная периодическая функция определена как: $f(x)=$ \begin{cases} x, \text{если } x\in [-1;1)\\ 2-x, \text{если } x \in [1;3) \end{cases} и $f(x+4) = f(x) $ для всех действительных $ x. $ График $f(x) $ имеет пилообразную форму. Парабола $ x =34y^2 $ пересекает график $f(x) $ в конечном числе точек. Сумма $ y-$координат этих точек пересечения может быть выражена в виде $ \dfrac{a+b\sqrt{c}}{d}, $ где $a,b,c,d - $ положительные целые числа, $a,b,d $ взаимно просты, а $ c $ не делится на квадрат любого просто числа. Найди $ a+b+c+d.$Ответ запишите в виде десятичной дроби, округлив по правилам математического округления до 3 знаков после запятой.",Пересечение кусочно-линейной функции и параболы,Найти сумму y-координат точек пересечения кусочно-линейной периодической функции и параболы.,Мат. анализ,сложный
"Вычисли $ \displaystyle \lim_{x \rightarrow 0}\sqrt[x]{1-2x} $. Ответ запиши в виде десятичной дроби, округлив по правилам математического округления до 3 знаков после запятой.",Предел функции с показателем,Вычислить предел $\lim_{x \rightarrow 0}\sqrt[x]{1-2x}$,Мат. анализ,средний
"Вычислить $\displaystyle \lim_{n \to \infty} \frac{(1+n)^4 - (1-n)^4}{(1+n)^3 - (1-n)^3}$. Ответ запишите в виде десятичной дроби, округлив по правилам математического округления до 3 знаков после запятой.",Вычисление предела рациональной функции,Вычислить предел отношения многочленов при n стремящемся к бесконечности.,Мат. анализ,легкий
"Вычисли $ \displaystyle \lim_{x \rightarrow \infty} (1^3+2^3+...+n^3)/n^3 - n/4$. Ответ запиши в виде десятичной дроби, округлив по правилам математического округления до 3 знаков после запятой.",Вычисление предела отношения сумм кубов,Вычислить предел выражения с суммой кубов и линейным членом.,Мат. анализ,средний
"Вычислить несобственный интеграл: $\displaystyle \int_{-\infty}^{+\infty} xe^{-x^2} dx$. Ответ запишите в виде десятичной дроби, округлив по правилам математического округления до 3 знаков после запятой.",Вычисление несобственного интеграла,Вычислить несобственный интеграл от функции xe^(-x^2) от минус бесконечности до плюс бесконечности.,Мат. анализ,средний
"Вычисли $ \displaystyle \lim_{n \rightarrow \infty} (1/(1*2)+1/(2*3)+...+1/(n*(n+1))$. Ответ запиши в виде десятичной дроби, округлив по правилам математического округления до 3 знаков после запятой.",Предел суммы ряда,Вычислить предел суммы ряда $1/(1*2)+1/(2*3)+...+1/(n*(n+1))$ при $n \rightarrow \infty$.,Мат. анализ,легкий
"Вычислить $\displaystyle \lim_{n \to \infty} (\sqrt{n^2 + 4n} - n - 2)$. Ответ запишите в виде десятичной дроби, округлив по правилам математического округления до 3 знаков после запятой.",Предел с корнями,"Вычислить предел функции с корнями при n, стремящемся к бесконечности.",Мат. анализ,легкий
"Вычислить $\displaystyle \lim_{n \to \infty} \frac{\sin (n^{100} + e^n)}{n^2 + 1}$. Ответ запишите в виде десятичной дроби, округлив по правилам математического округления до 3 знаков после запятой.",Предел отношения функции синуса к многочлену,"Вычислить предел при n стремящемся к бесконечности от дроби, где в числителе sin(n^100 + e^n), а в знаменателе n^2 + 1.",Мат. анализ,легкий
"Вычислите интеграл: $\displaystyle \int_0^\pi \left( |\sin(1999x)| - |\sin(2000x)| \right) dx$. Ответ запишите в виде десятичной дроби, округлив по правилам математического округления до 3 знаков после запятой.",Интеграл с модулями синуса,Вычислить определенный интеграл от разности модулей синусов.,Мат. анализ,средний
"Вычислить $\displaystyle \lim_{n \to \infty} \frac{n^2 + n \sin(2^n + n)}{(n - 1)^3 - (n + 1)^3}$. Ответ запишите в виде десятичной дроби, округлив по правилам математического округления до 3 знаков после запятой.",Вычисление предела отношения многочленов,Вычислить предел отношения выражений с n и синусом при n стремящемся к бесконечности.,Мат. анализ,средний
"Вычислить $\displaystyle \lim_{n \to \infty} \frac{\sqrt{n^2 + n + 4}}{n^2 + 1}$. Ответ запишите в виде десятичной дроби, округлив по правилам математического округления до 3 знаков после запятой.",Предел отношения функций,"Вычислить предел функции при n, стремящемся к бесконечности",Мат. анализ,легкий
"Вычислить $\displaystyle \lim_{n \to \infty} (\sqrt{n^4 - 3n^2 + 2} - \sqrt{n^4 + 5n^2 + 1})$. Ответ запишите в виде десятичной дроби, округлив по правилам математического округления до 3 знаков после запятой.",Предел с корнями,Вычислить предел разности квадратных корней.,Мат. анализ,средний
"Вычисли $ \displaystyle \lim_{x \rightarrow \pi/3}(\operatorname{tg}^3x-3\operatorname{tg}x)/\cos(x+\pi/6)$. Ответ запиши в виде десятичной дроби, округлив по правилам математического округления до 3 знаков после запятой.",Вычисление предела функции,"Вычислить предел функции при x, стремящемся к pi/3.",Мат. анализ,средний
"Вычисли $ \displaystyle \lim_{x \rightarrow \pi/4 + 0} (\operatorname{tg}(\pi/8+x))^{\operatorname{tg}2x}$. Ответ запиши в виде десятичной дроби, округлив по правилам математического округления до 3 знаков после запятой.",Вычисление предела функции,Вычислить предел функции вида $f(x)^{g(x)}$ при $x \to \pi/4 + 0$.,Мат. анализ,средний
"Из букв А, А, М, М наугад составляют слово. Найти вероятность получить ""МАМА"". Ответ запишите в виде десятичной дроби, округлив по правилам математического округления до 3 знаков после запятой.",Вероятность составить слово,Найти вероятность составить слово 'МАМА' из заданных букв.,Теор. вер. и статистика,легкий
"Указать такие $N$, начиная с которых можно гарантировать выполнение неравенства $|a_n| < \varepsilon$ при $a_n = \frac{1}{n}$ и $\varepsilon = 0.001$. Ответ запишите в виде десятичной дроби, округлив по правилам математического округления до 3 знаков после запятой.",Оценка члена последовательности,"Найти N, при котором |a_n| < epsilon для a_n = 1/n и epsilon = 0.001.",Мат. анализ,легкий
"Вычисли $ \displaystyle \lim_{x \rightarrow +\infty}\sqrt{x+\sqrt{x+\sqrt{x}}}-\sqrt{x}$. Ответ запиши в виде десятичной дроби, округлив по правилам математического округления до 3 знаков после запятой.",Предел с корнями,"Вычислить предел функции с корнями при x, стремящемся к бесконечности.",Мат. анализ,средний
"Указать такие $N$, начиная с которых можно гарантировать выполнение неравенства $|a_n| < \varepsilon$ при $a_n = \frac{1}{n}$ и $\varepsilon = 0.01$. Ответ запишите в виде десятичной дроби, округлив по правилам математического округления до 3 знаков после запятой.",Определение N для сходимости последовательности,"Найти N, при котором |1/n| < 0.01.",Мат. анализ,легкий
"Решить матричное уравнение \( A A^T X = B \), где \[ A = \begin{pmatrix} 1 & 1 & 1 \\ 1 & -1 & 1 \end{pmatrix}, \quad B = \begin{pmatrix} 1 & 3 \\ 2 & 4 \end{pmatrix} \] Ответ запиши в формате $ a_{11}; a_{12}; \dots; a_{1n}; a_{21}; a_{22}; \dots; a_{mn}, $ округлив по правилам математического округления до 3 знаков после запятой.",Решение матричного уравнения,Решить матричное уравнение вида A A^T X = B,Линал и геометрия,средний
"Вычислить $\displaystyle \lim_{n \to \infty} \sqrt[n]{a}$ при $a > 0$. Ответ запишите в виде десятичной дроби, округлив по правилам математического округления до 3 знаков после запятой.",Предел корня n-ой степени,Вычислить предел $\lim_{n \to \infty} \sqrt[n]{a}$ при $a > 0$.,Мат. анализ,легкий
"Вычисли $ \displaystyle \lim_{n \rightarrow \infty} (1-2+3-...+(-1)^{n-1}n)/n$. Ответ запиши в виде десятичной дроби, округлив по правилам математического округления до 3 знаков после запятой.",Предел знакопеременной суммы,"Вычислить предел последовательности, содержащей знакопеременную сумму.",Мат. анализ,средний
"Брошены три монеты. Найти вероятность выпадения двух ""гербов"". Ответ запишите в виде десятичной дроби, округлив по правилам математического округления до 3 знаков после запятой.",Вероятность выпадения двух гербов при бросании трех монет,Найти вероятность выпадения двух гербов при бросании трех монет.,Теор. вер. и статистика,легкий
"Найти обратную матрицу для: \[ \begin{pmatrix} 1 & 4 & 5 \\ 3 & 13 & 21 \\ 2 & 9 & 17 \end{pmatrix} \] Ответ запиши в формате $ a_{11}; a_{12}; \dots; a_{1n}; a_{21}; a_{22}; \dots; a_{mn}, $ округлив по правилам математического округления до 3 знаков после запятой.",Нахождение обратной матрицы,Найти обратную матрицу для заданной матрицы 3x3.,Линал и геометрия,средний
"Вычисли $ \displaystyle \int_0^1 \dfrac{\sqrt[3]{x}-1}{\ln(x)}$.Ответ запишите в виде десятичной дроби, округлив по правилам математического округления до 3 знаков после запятой.",Вычисление определённого интеграла,Вычислить определённый интеграл от функции с логарифмом и корнем.,Мат. анализ,средний
"Вычисли $ \displaystyle \int_1^2 \left(\dfrac{\cos^8x+\sin^8x-1}{\cos^6x+\sin^6x-1}+\dfrac{2}{3}\cos^2x\sin^2x\right)dx$.Ответ запишите в виде десятичной дроби, округлив по правилам математического округления до 3 знаков после запятой.",Вычисление определённого интеграла,Вычислить определённый интеграл от тригонометрической функции.,Мат. анализ,средний
"Вычисли $ \displaystyle \int_0^{e-1} (3x-5)/(x+1)dx$. Ответ запиши в виде десятичной дроби, округлив по правилам математического округления до 3 знаков после запятой.",Определенный интеграл рациональной функции,Вычислить определенный интеграл от рациональной функции.,Мат. анализ,легкий
"Вычисли $ \displaystyle \lim_{n \rightarrow \infty} ((-2)^n+3^n)/((-2)^{n+1}+3^{n+1}$. Ответ запиши в виде десятичной дроби, округлив по правилам математического округления до 3 знаков после запятой.",Предел отношения степенных выражений,"Вычислить предел отношения выражений, содержащих степени (-2)^n и 3^n, при n стремящемся к бесконечности.",Мат. анализ,легкий
"Пусть $a$ — положительный корень уравнения $x^{2017} - x - 1 = 0$, а $b$ — положительный корень уравнения $y^{4034} - y = 3a$. Найдите десятый знак после запятой числа $|a - b|$. Ответ запишите в виде десятичной дроби, округлив по правилам математического округления до 3 знаков после запятой.",Вычисление разности корней уравнений,"Найти десятый знак после запятой числа |a - b|, где a и b - корни заданных уравнений.",Мат. анализ,сложный
"Вычислить интеграл: $\displaystyle \int_{2}^{3} \frac{3x^2}{x^3 - 7} dx$. Ответ запишите в виде десятичной дроби, округлив по правилам математического округления до 3 знаков после запятой.",Вычисление определенного интеграла,Вычислить определенный интеграл от рациональной функции.,Мат. анализ,легкий
"Вычисли $ \displaystyle \int_3^6 e^{x/3} dx$. Ответ запиши в виде десятичной дроби, округлив по правилам математического округления до 3 знаков после запятой.",Вычисление определенного интеграла от экспоненциальной функции,Вычислить определенный интеграл от $e^{x/3}$ на заданном интервале.,Мат. анализ,легкий
"Вычисли $ \displaystyle \lim_{x \rightarrow 0}(1-\cos x)/x^2$. Ответ запиши в виде десятичной дроби, округлив по правилам математического округления до 3 знаков после запятой.",Вычисление предела функции,Вычислить предел функции (1-cos x)/x^2 при x стремящемся к 0.,Мат. анализ,легкий
"Вычислить $\displaystyle \lim_{n \to \infty} \frac{n^2 \sin(3n + n^5)}{4^n + 4^{-n}}$. Ответ запишите в виде десятичной дроби, округлив по правилам математического округления до 3 знаков после запятой.",Предел отношения функций,"Вычислить предел при n стремящемся к бесконечности от дроби, в числителе которой n^2 * sin(3n + n^5), а в знаменателе 4^n + 4^(-n).",Мат. анализ,средний
"Вычисли $ \displaystyle \lim_{x \rightarrow 1}(1+\sin(\pi x))^{\operatorname{ctg}\pi x} $. Ответ запиши в виде десятичной дроби, округлив по правилам математического округления до 3 знаков после запятой.",Вычисление предела с неопределенностью,Вычислить предел функции вида $f(x)^{g(x)}$ при $x \to 1$.,Мат. анализ,средний
"Вычислить интеграл: $\displaystyle \int_{0}^{\ln 2} x e^{-x} dx$. Ответ запишите в виде десятичной дроби, округлив по правилам математического округления до 3 знаков после запятой.",Вычисление определенного интеграла,Вычислить определенный интеграл функции xe^(-x) от 0 до ln(2).,Мат. анализ,легкий
"В телефонном номере 135-3?-?? стерлись три последние цифры. Найти вероятность, что стерлись различные цифры, отличные от 1, 3, 5. Ответ запишите в виде десятичной дроби, округлив по правилам математического округления до 3 знаков после запятой.",Вероятность различных цифр в телефонном номере,"Найти вероятность, что стерлись различные цифры, отличные от 1, 3, 5.",Теор. вер. и статистика,средний
"Вычисли $ \displaystyle \lim_{x \rightarrow 8}(\sqrt{9+2x}-5)/(\sqrt[3]{x}-2)$. Ответ запиши в виде десятичной дроби, округлив по правилам математического округления до 3 знаков после запятой.",Вычисление предела функции,Найти предел функции при x стремящемся к 8,Мат. анализ,средний
"Вычисли $ \displaystyle \lim_{x \rightarrow 0} (1-\cos x \cos 2x \cos 3x)/(1-\cos x)$. Ответ запиши в виде десятичной дроби, округлив по правилам математического округления до 3 знаков после запятой.",Предел с тригонометрическими функциями,"Вычислить предел отношения выражений с косинусами при x, стремящемся к 0.",Мат. анализ,средний
"Вероятность неполадки станка за смену 0.05. Найти вероятность отсутствия неполадок за 3 смены. Ответ запишите в виде десятичной дроби, округлив по правилам математического округления до 3 знаков после запятой.",Вероятность отсутствия неполадок станка,"Найти вероятность отсутствия неполадок станка за 3 смены, если вероятность неполадки за одну смену 0.05.",Теор. вер. и статистика,легкий
"Указать предел последовательности $x_n = \frac{1}{n^2 + 1}$. Ответ запишите в виде десятичной дроби, округлив по правилам математического округления до 3 знаков после запятой.",Предел последовательности,Найти предел последовательности $x_n = rac{1}{n^2 + 1}$,Мат. анализ,легкий
"Вычислить $\displaystyle \lim_{n \to \infty} \left(\frac{n^2 + 3n}{n^2 + 2n + 2}\right)^{n^2}$. Ответ запишите в виде десятичной дроби, округлив по правилам математического округления до 3 знаков после запятой.",Предел последовательности с показательной функцией,Вычислить предел последовательности вида (f(n))^g(n) при n стремящемся к бесконечности.,Мат. анализ,средний
"Вычислить $\displaystyle \lim_{n \to \infty} \left(\frac{n^2 + 3n}{n^2 + 2n + 2}\right)^n$. Ответ запишите в виде десятичной дроби, округлив по правилам математического округления до 3 знаков после запятой.",Предел последовательности с показательной функцией,Вычислить предел вида (1+1/f(n))^n,Мат. анализ,средний
"Вычислить несобственный интеграл: $\displaystyle \int_{1}^{+\infty} \frac{dx}{x^2}$. Ответ запишите в виде десятичной дроби, округлив по правилам математического округления до 3 знаков после запятой.",Вычисление несобственного интеграла от 1/x^2,Вычислить несобственный интеграл от 1 до бесконечности функции 1/x^2.,Мат. анализ,легкий
"Вычислить $\displaystyle \lim_{n \to \infty} \left(1 + \frac{2}{n}\right)^n$. Ответ запишите в виде десятичной дроби, округлив по правилам математического округления до 3 знаков после запятой.",Предел последовательности,Вычислить предел вида (1 + a/n)^n при n стремящемся к бесконечности.,Мат. анализ,легкий
"Найдите сумму ряда: $\displaystyle \frac{1}{1 \cdot 2} + \frac{1}{2 \cdot 3} + \frac{1}{3 \cdot 4} + \frac{1}{4 \cdot 5} + \ldots$. Ответ запишите в виде десятичной дроби, округлив по правилам математического округления до 3 знаков после запятой.",Сумма телескопического ряда,Найти сумму бесконечного ряда $\sum_{n=1}^{\infty} \frac{1}{n(n+1)}$,Мат. анализ,легкий
"Вычисли $ \displaystyle \int_1^2 \dfrac{1}{4x^5+5x}dx$.Ответ запишите в виде десятичной дроби, округлив по правилам математического округления до 3 знаков после запятой.",Вычисление определенного интеграла,Вычислить определенный интеграл от рациональной функции.,Мат. анализ,средний
"Вычисли $ \displaystyle \lim_{x \rightarrow 0} \sin{5x}/x$. Ответ запиши в виде десятичной дроби, округлив по правилам математического округления до 3 знаков после запятой.",Вычисление предела с синусом,Вычислить предел функции sin(5x)/x при x стремящемся к 0.,Мат. анализ,легкий
"Вычисли $ \displaystyle \int_0^1 x\arcsin x dx$.Ответ запишите в виде десятичной дроби, округлив по правилам математического округления до 3 знаков после запятой.",Вычисление определенного интеграла с арксинусом,"Вычислить определенный интеграл от произведения x и arcsin(x) на отрезке [0, 1].",Мат. анализ,средний
"Вычислить $\displaystyle \lim_{n \to \infty} \left(\frac{n^3 + 4n}{n^3 + 2n - 3}\right)^{n^2 - 3}$. Ответ запишите в виде десятичной дроби, округлив по правилам математического округления до 3 знаков после запятой.",Предел последовательности со степенью,Вычислить предел последовательности вида $f(n)^{g(n)}$ при $n \to \infty$.,Мат. анализ,средний
"Вычисли $ \displaystyle \lim_{x \rightarrow \infty} ((x^2-1)/(x^2+1))^{(x-1)/(x+1)} $. Ответ запиши в виде десятичной дроби, округлив по правилам математического округления до 3 знаков после запятой.",Предел функции,"Вычислить предел функции при x, стремящемся к бесконечности.",Мат. анализ,средний
"Вычисли $ \displaystyle \lim_{x \rightarrow 0} (1+x^2)^{\operatorname{ctg}^2 x}$. Ответ запиши в виде десятичной дроби, округлив по правилам математического округления до 3 знаков после запятой.",Предел функции,Вычислить предел функции при x стремящемся к 0.,Мат. анализ,средний
"Вычисли $ \displaystyle \lim_{x \rightarrow \infty}((2x-3)^{20}(3x+2)^{30}/(2x+1)^{50}$. Ответ запиши в виде десятичной дроби, округлив по правилам математического округления до 3 знаков после запятой.",Предел рациональной функции,Вычислить предел при x стремящемся к бесконечности для заданной рациональной функции.,Мат. анализ,легкий
"Вычисли $ \displaystyle \lim_{x \rightarrow 0} ((1+x)/(2+x))^{(1-\sqrt{x})/(1-x)} $. Ответ запиши в виде десятичной дроби, округлив по правилам математического округления до 3 знаков после запятой.",Вычисление предела функции,Вычислить предел функции при x стремящемся к 0.,Мат. анализ,средний
"Вычислить интеграл: $\displaystyle \int_{1}^{e} \frac{2 \ln x}{x} dx$. Ответ запишите в виде десятичной дроби, округлив по правилам математического округления до 3 знаков после запятой.",Вычисление определенного интеграла,Вычислить определенный интеграл от функции с логарифмом.,Мат. анализ,легкий
"Вычисли $ \displaystyle \lim_{n \rightarrow \infty} (1^2+3^2+...+(2n-1)^2)/n^3$. Ответ запиши в виде десятичной дроби, округлив по правилам математического округления до 3 знаков после запятой.",Предел суммы квадратов нечетных чисел,Вычислить предел отношения суммы квадратов нечетных чисел к кубу n.,Мат. анализ,средний
"Вычислить $\displaystyle \lim_{n \to \infty} \frac{3^{n+1} + 2^{n+1} + 1}{3^n + 2^n + 5}$. Ответ запишите в виде десятичной дроби, округлив по правилам математического округления до 3 знаков после запятой.",Предел отношения степенных функций,Вычислить предел отношения $3^{n+1} + 2^{n+1} + 1$ к $3^n + 2^n + 5$ при $n \to \infty$.,Мат. анализ,легкий
"Вычисли $ \displaystyle \int_1^2 \dfrac{1}{x^2\sqrt[4]{(x^4+1)^3}}dx$.Ответ запишите в виде десятичной дроби, округлив по правилам математического округления до 3 знаков после запятой.",Вычисление определённого интеграла,Вычислить определённый интеграл от функции.,Мат. анализ,средний
"Найти вероятность, что четырехзначный номер автомобиля имеет только три одинаковые цифры. Ответ запишите в виде десятичной дроби, округлив по правилам математического округления до 3 знаков после запятой.",Вероятность четырехзначного номера с тремя одинаковыми цифрами,"Найти вероятность, что четырехзначный номер автомобиля имеет только три одинаковые цифры.",Теор. вер. и статистика,средний
"В телефонном номере 135-3?-?? стерлись три последние цифры. Найти вероятность, что две из стершихся цифр совпадают. Ответ запишите в виде десятичной дроби, округлив по правилам математического округления до 3 знаков после запятой.",Вероятность совпадения цифр в телефонном номере,"Найти вероятность, что две из трех стершихся цифр телефонного номера совпадают.",Теор. вер. и статистика,средний
"Вычисли $ \displaystyle \int_{-1}^8 \sqrt[3]{x} dx$. Ответ запиши в виде десятичной дроби, округлив по правилам математического округления до 3 знаков после запятой.",Вычисление определённого интеграла,Вычислить определённый интеграл от кубического корня.,Мат. анализ,легкий
"Вычислить $\displaystyle \lim_{n \to \infty} \frac{\sqrt[3]{n^3 - 2n}}{n + 2}$. Ответ запишите в виде десятичной дроби, округлив по правилам математического округления до 3 знаков после запятой.",Предел отношения функций,Вычислить предел при n стремящемся к бесконечности от отношения $\frac{\sqrt[3]{n^3 - 2n}}{n + 2}$.,Мат. анализ,легкий
"Вычисли $ \displaystyle \int_0^{0.5} x/(\sqrt{1-x^2}) dx$. Ответ запиши в виде десятичной дроби, округлив по правилам математического округления до 3 знаков после запятой.",Вычисление определенного интеграла,Вычислить определенный интеграл от функции x/sqrt(1-x^2) на заданном отрезке.,Мат. анализ,легкий
"Вычислить несобственный интеграл: $\displaystyle \int_{-\infty}^{+\infty} \frac{dx}{1+x^2}$. Ответ запишите в виде десятичной дроби, округлив по правилам математического округления до 3 знаков после запятой.",Вычисление несобственного интеграла,Вычислить несобственный интеграл от 1/(1+x^2) от минус бесконечности до плюс бесконечности.,Мат. анализ,легкий
"Вычисли $ \displaystyle \lim_{x \rightarrow 0} x^2/(\sqrt{1+x\sin x}-\sqrt{\cos x})$. Ответ запиши в виде десятичной дроби, округлив по правилам математического округления до 3 знаков после запятой.",Вычисление предела функции,"Вычислить предел функции при x, стремящемся к 0.",Мат. анализ,средний
"Парабола с уравнением $ y=x^2-4 $ поворачивается на $ 60^{\circ} $ против часовой стрелки вокруг начала координат. Единственная точка в четвертом квадранте, где исходная парабола и ее образ пересекаются, имеет координату $ y, $ равную $ \dfrac{a-\sqrt{b}}{c}, $ где $ a,b,c- $ положительные целые числа, и $ a $ и $ c $ взаимно просты. Найди $ a+b+c.$Ответ запишите в виде десятичной дроби, округлив по правилам математического округления до 3 знаков после запятой.",Пересечение параболы и ее образа после поворота,Найти y-координату точки пересечения параболы и ее образа после поворота на 60 градусов,Линал и геометрия,сложный
"Вычислить интеграл: $\displaystyle \int_{-1/2}^{1/2} \frac{dx}{\sqrt{1 - x^2}}$. Ответ запишите в виде десятичной дроби, округлив по правилам математического округления до 3 знаков после запятой.",Вычисление определенного интеграла,Вычислить определенный интеграл от функции 1/sqrt(1-x^2) в заданных пределах.,Мат. анализ,легкий
"Вычислить $\displaystyle \lim_{n \to \infty} \frac{n^3 - 2n - 1}{n^2 + 2n + 1}$. Ответ запишите в виде десятичной дроби, округлив по правилам математического округления до 3 знаков после запятой.",Вычисление предела рациональной функции,Вычислить предел отношения многочленов при n стремящемся к бесконечности.,Мат. анализ,легкий
"Найти вероятность, что случайное двузначное число кратно 2 или 5. Ответ запишите в виде десятичной дроби, округлив по правилам математического округления до 3 знаков после запятой.",Вероятность кратности двузначного числа 2 или 5,"Найти вероятность, что случайное двузначное число кратно 2 или 5.",Теор. вер. и статистика,легкий
"Вычислить $\displaystyle \lim_{n \to \infty} (\sqrt{n^2 + 2n} - n)$. Ответ запишите в виде десятичной дроби, округлив по правилам математического округления до 3 знаков после запятой.",Предел с корнями,"Вычислить предел последовательности, содержащей корни.",Мат. анализ,легкий
"Вычисли $ \displaystyle \lim_{x \rightarrow 3} (x^2-5x+6)/(x^2-8x+15)$. Ответ запиши в виде десятичной дроби, округлив по правилам математического округления до 3 знаков после запятой.",Вычисление предела рациональной функции,"Вычислить предел рациональной функции при x, стремящемся к 3.",Мат. анализ,легкий
"Вычисли $ \displaystyle \lim_{x \rightarrow \infty} (1^2+3^2+...+(2n-1)^2)/(2^2+4^2+...+(2n)^2)$. Ответ запиши в виде десятичной дроби, округлив по правилам математического округления до 3 знаков после запятой.",Предел отношения сумм квадратов нечетных и четных чисел,Вычислить предел отношения суммы квадратов нечетных чисел к сумме квадратов четных чисел при n стремящемся к бесконечности.,Мат. анализ,средний
"Вычислить интеграл: $\displaystyle \int_{1/\sqrt{3}}^{\sqrt{3}} \frac{dx}{1 + x^2}$. Ответ запишите в виде десятичной дроби, округлив по правилам математического округления до 3 знаков после запятой.",Вычисление определенного интеграла,Вычислить определенный интеграл от функции 1/(1+x^2) в заданных пределах.,Мат. анализ,легкий
"Вычислить $\displaystyle \lim_{n \to \infty} \frac{2^n - 5^n}{3^n + 4^n}$. Ответ запишите в виде десятичной дроби, округлив по правилам математического округления до 3 знаков после запятой.",Предел отношения степенных функций,Вычислить предел отношения $2^n - 5^n$ к $3^n + 4^n$ при $n \to \infty$.,Мат. анализ,легкий
"Два охотника стреляют по волку (вероятности попадания 0.7 и 0.8). Найти вероятность хотя бы одного попадания по два выстрела. Ответ запишите в виде десятичной дроби, округлив по правилам математического округления до 3 знаков после запятой.",Вероятность хотя бы одного попадания,Найти вероятность хотя бы одного попадания по волку двумя охотниками с заданными вероятностями попадания.,Теор. вер. и статистика,легкий
"Вычислить несобственный интеграл: $\displaystyle \int_{0}^{+\infty} 2^{-x} dx$. Ответ запишите в виде десятичной дроби, округлив по правилам математического округления до 3 знаков после запятой.",Вычисление несобственного интеграла от показательной функции,Вычислить несобственный интеграл $\int_{0}^{+\infty} 2^{-x} dx$,Мат. анализ,легкий
"Решить матричное уравнение: \[ \begin{pmatrix} 1 & 2 & -3 \\ 3 & 2 & -4 \\ 2 & -1 & 0 \end{pmatrix} X = \begin{pmatrix} 1 & -3 & 0 \\ 10 & 2 & 7 \\ 10 & 7 & 8 \end{pmatrix} \] Ответ запиши в формате $ a_{11}; a_{12}; \dots; a_{1n}; a_{21}; a_{22}; \dots; a_{mn}, $ округлив по правилам математического округления до 3 знаков после запятой.",Решение матричного уравнения AX=B,"Найти матрицу X, удовлетворяющую уравнению AX=B.",Линал и геометрия,средний
"Вычислить $\displaystyle \lim_{n \to \infty} \frac{3^n + 2^n}{5^n - 2^n + 1}$. Ответ запишите в виде десятичной дроби, округлив по правилам математического округления до 3 знаков после запятой.",Предел отношения степенных функций,Вычислить предел отношения $3^n + 2^n$ к $5^n - 2^n + 1$ при $n \to \infty$.,Мат. анализ,легкий
"Вычислить определитель: \[ \begin{vmatrix} -5 & -2 & 2 \\ 11 & 3 & -5 \\ -3 & -1 & 1 \\ \end{vmatrix} \] Ответ запишите в виде десятичной дроби, округлив по правилам математического округления до 3 знаков после запятой.",Вычисление определителя матрицы 3x3,Вычислить определитель матрицы 3x3.,Линал и геометрия,легкий
"Вычислить $\displaystyle \lim_{n \to \infty} \frac{\cos (n^2 - 1)}{2^n}$. Ответ запишите в виде десятичной дроби, округлив по правилам математического округления до 3 знаков после запятой.",Предел отношения косинуса к экспоненте,Вычислить предел $\displaystyle \lim_{n \to \infty} \frac{\cos (n^2 - 1)}{2^n}$.,Мат. анализ,легкий
"Вычислить $\displaystyle \lim_{n \to \infty} \frac{2^n + \pi^{n+1}}{e^n + \pi^n}$. Ответ запишите в виде десятичной дроби, округлив по правилам математического округления до 3 знаков после запятой.",Предел отношения степенных функций,Вычислить предел отношения степенных функций при n стремящемся к бесконечности.,Мат. анализ,легкий
"Вычисли $ \displaystyle \lim_{x \rightarrow10}(x^4-3x+2)/(x^5-4x+3)$. Ответ запиши в виде десятичной дроби, округлив по правилам математического округления до 3 знаков после запятой.",Предел рациональной функции,"Вычислить предел рациональной функции при x, стремящемся к 10.",Мат. анализ,легкий
"Вычислить несобственный интеграл: $\displaystyle \int_{0}^{\frac{1}{2}} \frac{dx}{x^2}$. Ответ запишите в виде десятичной дроби, округлив по правилам математического округления до 3 знаков после запятой.",Вычисление несобственного интеграла,Вычислить несобственный интеграл $\displaystyle \int_{0}^{\frac{1}{2}} \frac{dx}{x^2}$.,Мат. анализ,средний
"Вычисли $ \displaystyle \int_1^2 (x^2+1/x + 1/x^3) dx$. Ответ запиши в виде десятичной дроби, округлив по правилам математического округления до 3 знаков после запятой.",Вычисление определённого интеграла,Вычислить определённый интеграл от многочлена и степенных функций.,Мат. анализ,легкий
"Числовая функция $f$ такова, что для любых $x$ и $y$ выполняется равенство $f(x + y) = f(x) + f(y) + 80xy$. Найдите $f(1)$, если $f(0.25) = 2$. Ответ запишите в виде десятичной дроби, округлив по правилам математического округления до 3 знаков после запятой.",Функциональное уравнение Коши с дополнительным членом,"Найти значение функции в точке, заданной функциональным уравнением.",Мат. анализ,средний
"Вычисли $ \displaystyle \lim_{x \rightarrow 1}(x^3-3x+2)/(x^4-4x+3)$. Ответ запиши в виде десятичной дроби, округлив по правилам математического округления до 3 знаков после запятой.",Предел функции,"Вычислить предел рациональной функции при x, стремящемся к 1.",Мат. анализ,легкий
"Указать такие $N$, начиная с которых можно гарантировать выполнение неравенства $|a_n| < \varepsilon$ при $a_n = \frac{1}{n}$ и $\varepsilon = 1$. Ответ запишите в виде десятичной дроби, округлив по правилам математического округления до 3 знаков после запятой.",Определение N для неравенства с последовательностью,"Найти N, при котором |1/n| < 1.",Мат. анализ,легкий
"Вычислить несобственный интеграл: $\displaystyle \int_{-\infty}^{0} xe^{-x^2} dx$. Ответ запишите в виде десятичной дроби, округлив по правилам математического округления до 3 знаков после запятой.",Вычисление несобственного интеграла,Вычислить несобственный интеграл от xe^{-x^2} на интервале от -бесконечности до 0.,Мат. анализ,средний
"Вычисли $ \displaystyle \lim_{x \rightarrow -2}(\sqrt[3]{x-6}+2)/(x^3+8)$. Ответ запиши в виде десятичной дроби, округлив по правилам математического округления до 3 знаков после запятой.",Вычисление предела функции,Вычислить предел функции при x стремящемся к -2.,Мат. анализ,средний
"Найти площадь фигуры, ограниченной линиями: $y = x^2$, $y = x$. Ответ запишите в виде десятичной дроби, округлив по правилам математического округления до 3 знаков после запятой.",Площадь между параболой и прямой,"Найти площадь фигуры, ограниченной линиями y = x^2 и y = x.",Мат. анализ,легкий
"Вычислить определитель: \[ \begin{vmatrix} 8 & 2 & -2 \\ 2 & 2 & 1 \\ -1 & 3 & 4 \\ \end{vmatrix} \] Ответ запишите в виде десятичной дроби, округлив по правилам математического округления до 3 знаков после запятой.",Вычисление определителя матрицы 3x3,Вычислить определитель матрицы 3x3.,Линал и геометрия,легкий
"Вычислить $\displaystyle \lim_{n \to \infty} \frac{1}{\sqrt{n^3 + 3n^2 - 1} - \sqrt{n^3 - 2n^2 + 2n}}$. Ответ запишите в виде десятичной дроби, округлив по правилам математического округления до 3 знаков после запятой.",Предел с корнями,Вычислить предел последовательности с разностью корней.,Мат. анализ,средний
"Вычислить несобственный интеграл: $\displaystyle \int_{0}^{+\infty} e^{-3x} dx$. Ответ запишите в виде десятичной дроби, округлив по правилам математического округления до 3 знаков после запятой.",Вычисление несобственного интеграла от экспоненциальной функции,Вычислить несобственный интеграл от e^(-3x) от 0 до бесконечности.,Мат. анализ,легкий
"Указать предел последовательности $x_n = 1 + \frac{(-1)^n}{n}$. Ответ запишите в виде десятичной дроби, округлив по правилам математического округления до 3 знаков после запятой.",Предел последовательности с чередующимся знаком,Найти предел последовательности $x_n = 1 + \frac{(-1)^n}{n}$.,Мат. анализ,легкий
"Найти обратную матрицу для: \[ \begin{pmatrix} 1 & 1 & 1 \\ 0 & 1 & 1 \\ 0 & 0 & 1 \end{pmatrix} \] Ответ запиши в формате $ a_{11}; a_{12}; \dots; a_{1n}; a_{21}; a_{22}; \dots; a_{mn}, $ округлив по правилам математического округления до 3 знаков после запятой.",Нахождение обратной матрицы,Найти обратную матрицу для заданной верхнетреугольной матрицы 3x3.,Линал и геометрия,легкий
"Вычисли $ \displaystyle \lim_{x \rightarrow 0}(\sqrt{1+\operatorname{tg}x} - \sqrt{1+\sin x})/x^3$. Ответ запиши в виде десятичной дроби, округлив по правилам математического округления до 3 знаков после запятой.",Предел с тангенсом и синусом,Вычислить предел функции при x стремящемся к 0.,Мат. анализ,средний
"Найдите рациональные корни многочлена: $x^5 - 2x^4 - 4x^3 + 4x^2 - 5x + 6$. Ответы запишите в виде десятичной дроби, округлив по правилам математического округления до 3 знаков после запятой, по возрастанию.",Нахождение рациональных корней многочлена,Найти рациональные корни многочлена $x^5 - 2x^4 - 4x^3 + 4x^2 - 5x + 6$.,Мат. анализ,средний
"В одном ящике 5 белых и 10 красных шаров, в другом 10 белых и 5 красных. Найти вероятность, что хотя бы из одного ящика будет вынут белый шар (по одному шару из каждого). Ответ запишите в виде десятичной дроби, округлив по правилам математического округления до 3 знаков после запятой.",Вероятность вынуть белый шар из двух ящиков,"Найти вероятность, что хотя бы из одного ящика будет вынут белый шар, если из каждого ящика вынимается по одному шару.",Теор. вер. и статистика,легкий
"Вычисли $ \displaystyle \lim_{x \rightarrow \infty} ((x-1)(x-2)(x-3)(x-4)(x-5))/(5x-1)^5$. Ответ запиши в виде десятичной дроби, округлив по правилам математического округления до 5 знаков после запятой.",Предел рациональной функции,Вычислить предел при x стремящемся к бесконечности для заданной рациональной функции.,Мат. анализ,легкий
"Вычисли $ \displaystyle \lim_{n \rightarrow \infty} (1^2+2^2+...+(n-1)^2)/n^3$. Ответ запиши в виде десятичной дроби, округлив по правилам математического округления до 3 знаков после запятой.",Предел суммы квадратов,Вычислить предел отношения суммы квадратов первых n-1 натуральных чисел к кубу n.,Мат. анализ,легкий
"Найти площадь фигуры, ограниченной линиями: $y = 3x - x^2$, $y = 0$. Ответ запишите в виде десятичной дроби, округлив по правилам математического округления до 3 знаков после запятой.","Площадь фигуры, ограниченной параболой и осью абсцисс","Найти площадь фигуры, ограниченной параболой $y = 3x - x^2$ и осью $y = 0$.",Мат. анализ,легкий
"Вычислить интеграл: $\displaystyle \int_{-2}^{2} x^2 dx$. Ответ запишите в виде десятичной дроби, округлив по правилам математического округления до 3 знаков после запятой.",Вычисление определенного интеграла,Вычислить определенный интеграл функции $x^2$ на отрезке от -2 до 2.,Мат. анализ,легкий
"Вычисли $ \displaystyle \int_0^{\sqrt{5}} x\sqrt{x^2+4} dx$. Ответ запиши в виде десятичной дроби, округлив по правилам математического округления до 3 знаков после запятой.",Вычисление определенного интеграла,Вычислить определенный интеграл функции $x\sqrt{x^2+4}$ от 0 до $\sqrt{5}$.,Мат. анализ,легкий
"Вычисли $ \displaystyle \lim_{x \rightarrow 3}(\sqrt{x+13}-2\sqrt{x+1})/(x^2-9)$. Ответ запиши в виде десятичной дроби, округлив по правилам математического округления до 3 знаков после запятой.",Вычисление предела функции,Вычислить предел функции при x стремящемся к 3,Мат. анализ,средний
"Вычисли $ \displaystyle \lim_{x \rightarrow 2}(x^2-x-2)^{20}/(x^3-12x+16)^{10}$. Ответ запиши в виде десятичной дроби, округлив по правилам математического округления до 3 знаков после запятой.",Вычисление предела функции,"Вычислить предел рациональной функции при x, стремящемся к 2.",Мат. анализ,средний
"Колода из 36 карт хорошо перемешана. Найти вероятность, что места расположения тузов образуют арифметическую прогрессию с шагом 7. Ответ запишите в виде десятичной дроби, округлив по правилам математического округления до 3 знаков после запятой.",Вероятность расположения тузов в арифметической прогрессии,"Найти вероятность, что места расположения тузов в колоде из 36 карт образуют арифметическую прогрессию с шагом 7.",Теор. вер. и статистика,средний
"Найти вероятность, что четырехзначный номер автомобиля имеет все цифры разные. Ответ запишите в виде десятичной дроби, округлив по правилам математического округления до 3 знаков после запятой.",Вероятность уникальных цифр в номере автомобиля,"Найти вероятность, что четырехзначный номер автомобиля имеет все цифры разные.",Теор. вер. и статистика,средний
"Вычисли $ \displaystyle \lim_{x \rightarrow \pi/3}\sin(x-\pi/3)/(1-2\cos x)$. Ответ запиши в виде десятичной дроби, округлив по правилам математического округления до 3 знаков после запятой.",Вычисление предела функции,"Вычислить предел функции при x, стремящемся к pi/3.",Мат. анализ,средний
"Вычислить определитель: \[ \begin{vmatrix} -7 & -2 & 2 \\ 16 & 3 & -5 \\ -8 & -3 & 2 \\ \end{vmatrix} \] Ответ запишите в виде десятичной дроби, округлив по правилам математического округления до 3 знаков после запятой.",Вычисление определителя матрицы 3x3,Вычислить определитель матрицы 3x3.,Линал и геометрия,легкий
"Вычисли $ \displaystyle \lim_{x \rightarrow 0} (x^2-1)/(2x^2-x-1)$. Ответ запиши в виде десятичной дроби, округлив по правилам математического округления до 3 знаков после запятой.",Вычисление предела рациональной функции,"Вычислить предел рациональной функции при x, стремящемся к 0.",Мат. анализ,легкий
"Вычислить интеграл: $\displaystyle \int_{0}^{12} \frac{x}{\sqrt{2x+1}} dx$. Ответ запишите в виде десятичной дроби, округлив по правилам математического округления до 3 знаков после запятой.",Вычисление определённого интеграла,"Вычислить определённый интеграл от функции, содержащей корень.",Мат. анализ,средний
"Вычислить интеграл: $\displaystyle \int_{0}^{6} \frac{dx}{\sqrt{4x+1}}$. Ответ запишите в виде десятичной дроби, округлив по правилам математического округления до 3 знаков после запятой.",Вычисление определенного интеграла,Вычислить определенный интеграл от функции вида 1/sqrt(ax+b).,Мат. анализ,легкий
"Вычисли $ \displaystyle \int_0^2 1/\sqrt{5-x^2}dx$. Ответ запиши в виде десятичной дроби, округлив по правилам математического округления до 3 знаков после запятой.",Вычисление определенного интеграла,Вычислить определенный интеграл от функции $1/\sqrt{5-x^2}$ на отрезке от 0 до 2.,Мат. анализ,легкий
"Вычислить $\displaystyle \lim_{n \to \infty} \left(\frac{n^2 + 2n}{n^2 + 2n + 2}\right)^n$. Ответ запишите в виде десятичной дроби, округлив по правилам математического округления до 3 знаков после запятой.",Вычисление предела последовательности,Вычислить предел последовательности вида (1 + a/n)^n,Мат. анализ,средний
"Вычисли $ \displaystyle \int_0^{+\infty} \dfrac{x^3e^{-x^2-y^2}(1-e^{-3y^2})}{y^2}dxdy.$.Ответ запишите в виде десятичной дроби, округлив по правилам математического округления до 3 знаков после запятой.",Вычисление двойного интеграла,Вычислить двойной интеграл от функции с экспонентами,Мат. анализ,сложный
"Найти вероятность, что четырехзначный номер автомобиля имеет две пары одинаковых цифр. Ответ запишите в виде десятичной дроби, округлив по правилам математического округления до 3 знаков после запятой.",Вероятность четырехзначного номера с двумя парами одинаковых цифр,"Найти вероятность, что четырехзначный номер автомобиля имеет две пары одинаковых цифр.",Теор. вер. и статистика,средний
"Решить матричное уравнение: \[ \begin{pmatrix} 1 & 2 \\ 3 & 4 \end{pmatrix} X = \begin{pmatrix} 3 & 5 \\ -5 & 9 \end{pmatrix} \] Ответ запиши в формате $ a_{11}; a_{12}; \dots; a_{1n}; a_{21}; a_{22}; \dots; a_{mn}, $ округлив по правилам математического округления до 3 знаков после запятой.",Решение матричного уравнения,Найти матрицу X в уравнении AX=B.,Линал и геометрия,легкий
"Вычислить интеграл: $\displaystyle \int_{0}^{1} (x^3 - \sqrt[3]{x}) dx$. Ответ запишите в виде десятичной дроби, округлив по правилам математического округления до 3 знаков после запятой.",Вычисление определенного интеграла,Вычислить определенный интеграл от разности степенных функций.,Мат. анализ,легкий
"Вычислить $\displaystyle \lim_{n \to \infty} \frac{2n + \sin 3n}{n + \sqrt{\pi}}$. Ответ запишите в виде десятичной дроби, округлив по правилам математического округления до 3 знаков после запятой.",Предел последовательности с синусом,Вычислить предел последовательности $\frac{2n + \sin 3n}{n + \sqrt{\pi}}$ при $n \to \infty$.,Мат. анализ,легкий
"Вычисли $ \displaystyle \int_3^7 \sqrt{x-3} dx$. Ответ запиши в виде десятичной дроби, округлив по правилам математического округления до 3 знаков после запятой.",Вычисление определённого интеграла,Вычислить определённый интеграл от функции с корнем.,Мат. анализ,легкий
"Вычисли $ \displaystyle \lim_{x \rightarrow \infty} ((x+2)/(2x-1))^{x^2}$. Ответ запиши в виде десятичной дроби, округлив по правилам математического округления до 3 знаков после запятой.",Вычисление предела функции,"Вычислить предел функции при x, стремящемся к бесконечности.",Мат. анализ,средний
"В очереди из 10 человек найти вероятность, что A и B разделены тремя лицами. Ответ запишите в виде десятичной дроби, округлив по правилам математического округления до 3 знаков после запятой.",Вероятность разделения двух людей в очереди,"Найти вероятность, что в очереди из 10 человек A и B разделены тремя лицами.",Теор. вер. и статистика,средний
"Вычисли $ \displaystyle \int_0^1 (2x-x^2-1)/(x+1) dx$. Ответ запиши в виде десятичной дроби, округлив по правилам математического округления до 3 знаков после запятой.",Вычисление определённого интеграла,Вычислить определённый интеграл от рациональной функции.,Мат. анализ,легкий
"Вычислить несобственный интеграл: $\displaystyle \int_{0}^{1} \frac{dx}{x}$. Ответ запишите в виде десятичной дроби, округлив по правилам математического округления до 3 знаков после запятой.",Вычисление несобственного интеграла,Вычислить несобственный интеграл от 0 до 1 функции 1/x.,Мат. анализ,легкий
"Вычисли $ \displaystyle \int_0^2 (2x-1)/(2x+1) dx$. Ответ запиши в виде десятичной дроби, округлив по правилам математического округления до 3 знаков после запятой.",Вычисление определенного интеграла,Вычислить определенный интеграл от рациональной функции.,Мат. анализ,легкий
"Вычислить $\displaystyle \lim_{n \to \infty} \frac{n^2 + n \sin(n^2 - \ln n)}{(n + 1)^2 + (n - 1)^2}$. Ответ запишите в виде десятичной дроби, округлив по правилам математического округления до 3 знаков после запятой.",Предел отношения полиномов с осциллирующим членом,"Вычислить предел отношения функций, содержащих $n^2$ и $n \sin(n^2 - \ln n)$ в числителе и $(n+1)^2 + (n-1)^2$ в знаменателе при $n \to \infty$.",Мат. анализ,средний
"Вычисли $ \displaystyle \lim_{x \rightarrow +\infty} ((1+x)/(2+x))^{(1-\sqrt{x})/(1-x)}$. Ответ запиши в виде десятичной дроби, округлив по правилам математического округления до 3 знаков после запятой.",Вычисление предела функции,Вычислить предел функции при x стремящемся к бесконечности,Мат. анализ,средний
"Вычисли $ \displaystyle \lim_{x \rightarrow 1} (x^{100}-2x+1)/(x^{50}-2x+1)$. Ответ запиши в виде десятичной дроби, округлив по правилам математического округления до 3 знаков после запятой.",Вычисление предела функции,Вычислить предел функции при x стремящемся к 1,Мат. анализ,средний
"Вычисли $ \displaystyle \lim_{x \rightarrow 0}(\sqrt{1+x}-\sqrt{1-x})/(\sqrt[3]{1+x}-\sqrt[3]{1-x})$. Ответ запиши в виде десятичной дроби, округлив по правилам математического округления до 3 знаков после запятой.",Вычисление предела с корнями,"Вычислить предел функции при x стремящемся к 0, содержащей корни.",Мат. анализ,средний
"Вычислить $\displaystyle \lim_{n \to \infty} \frac{2^{n+3} + 3^{n+2}}{4^n + 5^n}$. Ответ запишите в виде десятичной дроби, округлив по правилам математического округления до 3 знаков после запятой.",Предел отношения степенных функций,Вычислить предел отношения $2^{n+3} + 3^{n+2}$ к $4^n + 5^n$ при $n \to \infty$.,Мат. анализ,легкий
"Указать такие $N$, начиная с которых можно гарантировать выполнение неравенства $|a_n| < \varepsilon$ при $a_n = \frac{1}{n^2 + 7n + 1}$ и $\varepsilon = 0.01$. Ответ запишите в виде десятичной дроби, округлив по правилам математического округления до 3 знаков после запятой.",Оценка хвоста последовательности,"Найти N, при котором |a_n| < epsilon для заданной последовательности.",Мат. анализ,легкий
"Вычисли $ \displaystyle \lim_{x \rightarrow 1} ((1+x)/(2+x))^{(1-\sqrt{x})/(1-x)}$. Ответ запиши в виде десятичной дроби, округлив по правилам математического округления до 3 знаков после запятой.",Вычисление предела функции,Вычислить предел функции при x стремящемся к 1.,Мат. анализ,средний
"Вычислить определитель: \[ \begin{vmatrix} -1 & -1 & 2 \\ -1 & -1 & -1 \\ -3 & -1 & 2 \\ \end{vmatrix} \] Ответ запишите в виде десятичной дроби, округлив по правилам математического округления до 3 знаков после запятой.",Вычисление определителя матрицы 3x3,Вычислить определитель матрицы 3x3.,Линал и геометрия,легкий
"Вычислить $\displaystyle \lim_{n \to \infty} (\sqrt{2n + 3} - \sqrt{n + 1})$. Ответ запишите в виде десятичной дроби, округлив по правилам математического округления до 3 знаков после запятой.",Предел разности корней,Вычислить предел $\displaystyle \lim_{n \to \infty} (\sqrt{2n + 3} - \sqrt{n + 1})$.,Мат. анализ,легкий
"Указать предел последовательности $x_n = \frac{3n - 2}{2n}$. Ответ запишите в виде десятичной дроби, округлив по правилам математического округления до 3 знаков после запятой.",Предел последовательности,Найти предел последовательности (3n - 2) / (2n).,Мат. анализ,легкий
"Вычислить $\displaystyle \lim_{n \to \infty} \frac{\sqrt{n^2 + 1}}{2n + 3}$. Ответ запишите в виде десятичной дроби, округлив по правилам математического округления до 3 знаков после запятой.",Предел отношения функций,Вычислить предел при n стремящемся к бесконечности от дроби с корнем.,Мат. анализ,легкий
"Вычислить интеграл: $\displaystyle \int_{1}^{2} \frac{2x}{x^2 - 16} dx$. Ответ запишите в виде десятичной дроби, округлив по правилам математического округления до 3 знаков после запятой.",Вычисление определенного интеграла,Вычислить определенный интеграл функции $\frac{2x}{x^2 - 16}$ от 1 до 2.,Мат. анализ,легкий
"Вычисли $ \displaystyle \int_1^6 (7-x-6/x) dx$. Ответ запиши в виде десятичной дроби, округлив по правилам математического округления до 3 знаков после запятой.",Вычисление определённого интеграла,"Вычислить определённый интеграл от функции $7-x-6/x$ на отрезке $[1,6]$.",Мат. анализ,легкий
"Из ящика с тремя билетами (номера 1, 2, 3) вынимают по одному все билеты. Все последовательности равновероятны. Найти вероятность, что хотя бы у одного билета порядковый номер совпадает с собственным. Ответ запишите в виде десятичной дроби, округлив по правилам математического округления до 3 знаков после запятой.",Совпадение порядкового номера билета с собственным,"Найти вероятность, что хотя бы у одного билета порядковый номер совпадает с собственным при вынимании всех билетов из ящика.",Теор. вер. и статистика,средний
"Вычислить $\displaystyle \lim_{n \to \infty} (\sqrt{n^4 + 2n^3 + n + 1} - \sqrt{n^4 + 2n^3 + 2n + 1})$. Ответ запишите в виде десятичной дроби, округлив по правилам математического округления до 3 знаков после запятой.",Предел разности корней,Вычислить предел разности двух квадратных корней при n стремящемся к бесконечности.,Мат. анализ,средний
"Колода из 36 карт хорошо перемешана. Найти вероятность, что четыре туза расположены рядом. Ответ запишите в виде десятичной дроби, округлив по правилам математического округления до 3 знаков после запятой.",Вероятность расположения тузов рядом,"Найти вероятность, что четыре туза в колоде из 36 карт расположены рядом.",Теор. вер. и статистика,средний
"Брошена игральная кость. Найти вероятность выпадения 4. Ответ запишите в виде десятичной дроби, округлив по правилам математического округления до 3 знаков после запятой.",Вероятность выпадения числа на игральной кости,Найти вероятность выпадения 4 на игральной кости.,Теор. вер. и статистика,легкий
"Вычислить несобственный интеграл: $\displaystyle \int_{0}^{1} \frac{dx}{\sqrt{x}}$. Ответ запишите в виде десятичной дроби, округлив по правилам математического округления до 3 знаков после запятой.",Вычисление несобственного интеграла,Вычислить несобственный интеграл от 0 до 1 функции 1/sqrt(x).,Мат. анализ,легкий
"Вычисли $ \displaystyle \int_1^2 \left(\dfrac{x^4}{x^6+1}\right)^2dx$.Ответ запишите в виде десятичной дроби, округлив по правилам математического округления до 3 знаков после запятой.",Вычисление определённого интеграла,Вычислить определённый интеграл от рациональной функции,Мат. анализ,средний
"Вычислить определитель: \[ \begin{vmatrix} 3 & 2 & -1 \\ 1 & 4 & 1 \\ -2 & 6 & 4 \\ \end{vmatrix} \] Ответ запишите в виде десятичной дроби, округлив по правилам математического округления до 3 знаков после запятой.",Вычисление определителя матрицы 3x3,Вычислить определитель матрицы 3x3.,Линал и геометрия,легкий
"Вычислить $\displaystyle \lim_{n \to \infty} \left(1 + \frac{3}{n + 1}\right)^n$. Ответ запишите в виде десятичной дроби, округлив по правилам математического округления до 3 знаков после запятой.",Вычисление предела с экспонентой,Вычислить предел вида (1 + a/n)^n,Мат. анализ,легкий
"Вычислить интеграл: $\displaystyle \int_{0}^{\sqrt{\pi}} x \cos x^2 dx$. Ответ запишите в виде десятичной дроби, округлив по правилам математического округления до 3 знаков после запятой.",Вычисление определенного интеграла,Вычислить определенный интеграл функции $x \cos x^2$ от 0 до $\sqrt{\pi}$.,Мат. анализ,легкий
"Указать предел последовательности $x_n = \frac{(n + 1) \sin \frac{\pi n}{2}}{n^2}$. Ответ запишите в виде десятичной дроби, округлив по правилам математического округления до 3 знаков после запятой.",Предел последовательности с синусом,Найти предел последовательности $x_n = \frac{(n + 1) \sin \frac{\pi n}{2}}{n^2}$,Мат. анализ,средний
"Вычисли $ \displaystyle \lim_{x \rightarrow 7}(\sqrt{x+2}-\sqrt[3]{x+20})/(\sqrt[4]{x+9}-2)$. Ответ запиши в виде десятичной дроби, округлив по правилам математического округления до 3 знаков после запятой.",Вычисление предела функции,Вычислить предел функции при x стремящемся к 7.,Мат. анализ,средний
"Вычислить несобственный интеграл: $\displaystyle \int_{1}^{+\infty} e^{2x} dx$. Ответ запишите в виде десятичной дроби, округлив по правилам математического округления до 3 знаков после запятой.",Вычисление несобственного интеграла от экспоненты,Вычислить несобственный интеграл $\int_{1}^{+\infty} e^{2x} dx$.,Мат. анализ,легкий
"Найти вероятность, что четырехзначный номер автомобиля имеет только две одинаковые цифры. Ответ запишите в виде десятичной дроби, округлив по правилам математического округления до 3 знаков после запятой.",Вероятность двух одинаковых цифр в четырехзначном номере,"Найти вероятность, что четырехзначный номер автомобиля имеет только две одинаковые цифры.",Теор. вер. и статистика,средний
"Вычислить $\displaystyle \lim_{n \to \infty} \frac{\cos n}{n + 1}$. Ответ запишите в виде десятичной дроби, округлив по правилам математического округления до 3 знаков после запятой.",Предел отношения косинуса к линейной функции,Вычислить предел $\lim_{n \to \infty} \frac{\cos n}{n + 1}$.,Мат. анализ,легкий
"Найдите рациональные корни многочлена: $x^5 + x^4 - 6x^3 - 14x^2 - 11x - 3$. Ответы запишите в виде десятичной дроби, округлив по правилам математического округления до 3 знаков после запятой, по возрастанию.",Поиск рациональных корней многочлена,Найти рациональные корни многочлена пятой степени.,Дискретная математика,средний
"Найти площадь фигуры, ограниченной линиями: $f(x) = \frac{1}{(x+1)(x+2)}$, $x = 1$, $x = 2$, $y = 0$. Ответ запишите в виде десятичной дроби, округлив по правилам математического округления до 3 знаков после запятой.","Площадь фигуры, ограниченной функциями","Найти площадь фигуры, ограниченной графиком функции $f(x) = \frac{1}{(x+1)(x+2)}$, прямыми $x=1$, $x=2$ и осью $y=0$.",Мат. анализ,легкий
"Вычисли $ \displaystyle \int_1^2 (x^6+x^3)\sqrt[3]{x^3+2}dx$.Ответ запишите в виде десятичной дроби, округлив по правилам математического округления до 3 знаков после запятой.",Вычисление определенного интеграла,"Вычислить определенный интеграл от функции, содержащей степень и кубический корень.",Мат. анализ,средний
"Указать такие $N$, начиная с которых можно гарантировать выполнение неравенства $|a_n| < \varepsilon$ при $a_n = \frac{1}{n}$ и $\varepsilon = 0.1$. Ответ запишите в виде десятичной дроби, округлив по правилам математического округления до 3 знаков после запятой.",Оценка хвоста последовательности,"Найти N, при котором |1/n| < 0.1",Мат. анализ,легкий
"Вычисли $ \displaystyle \int_0^{0.9} \dfrac{x^3 e^{\sin^{-1}(x)}}{\sqrt{1-x^2}}dx$.Ответ запишите в виде десятичной дроби, округлив по правилам математического округления до 3 знаков после запятой.",Определенный интеграл с обратной тригонометрической функцией,"Вычислить определенный интеграл от функции, содержащей $x^3$, экспоненту и обратную тригонометрическую функцию.",Мат. анализ,средний
"Пусть $ k - $ действительное число такое, что система $|25+20i-z|=5 $ и $ |z-4-k|=|z-3i-k| $ имеет ровно одно комплексное решение $ z. $ Сумма всех возможных значений $ k $ может быть записана как $ \dfrac{m}{n}, $ где $ m $ и $ n - $ взаимно простые положительные целые числа. Найди $ m + n.$ Ответ запишите в виде десятичной дроби, округлив по правилам математического округления до 3 знаков после запятой.",Комплексные числа и геометрия,"Найти сумму значений k, при которых система уравнений имеет единственное комплексное решение.",Линал и геометрия,сложный
"Вычисли $ \displaystyle \int_0^{0.9} \dfrac{x\arcsin(x)}{\sqrt{1-x^2}}dx$.Ответ запишите в виде десятичной дроби, округлив по правилам математического округления до 3 знаков после запятой.",Вычисление определенного интеграла,"Вычислить определенный интеграл от функции, содержащей арксинус.",Мат. анализ,средний
"Вычисли $ \displaystyle \int_1^2 \log(x\sqrt{x^2+1}+1)dx$.Ответ запишите в виде десятичной дроби, округлив по правилам математического округления до 3 знаков после запятой.",Вычисление определённого интеграла от логарифмической функции,Вычислить определённый интеграл от сложной логарифмической функции.,Мат. анализ,средний
"Вычислить $\displaystyle \lim_{n \to \infty} (\sqrt{n^4 + 2n^3 + 1} - \sqrt{n^4 + n^3 + 2n + 1})$. Ответ запишите в виде десятичной дроби, округлив по правилам математического округления до 3 знаков после запятой.",Вычисление предела с корнями,Вычислить предел разности квадратных корней.,Мат. анализ,средний
"Бросаем монету до первого герба. Найти вероятность, что потребуется четное число бросков. Ответ запишите в виде десятичной дроби, округлив по правилам математического округления до 3 знаков после запятой.",Вероятность четного числа бросков до первого герба,"Найти вероятность, что потребуется четное число бросков монеты до первого герба.",Теор. вер. и статистика,средний
"Вычислить интеграл: $\displaystyle \int_{0}^{\pi/2} \sin x dx$. Ответ запишите в виде десятичной дроби, округлив по правилам математического округления до 3 знаков после запятой.",Вычисление определенного интеграла от синуса,"Вычислить определенный интеграл от sin(x) на отрезке [0, π/2].",Мат. анализ,легкий
"Вычислить $\displaystyle \lim_{n \to \infty} (\sqrt{n^2 + 4n} - n)$. Ответ запишите в виде десятичной дроби, округлив по правилам математического округления до 3 знаков после запятой.",Предел с корнями,"Вычислить предел разности корня и линейной функции при n, стремящемся к бесконечности.",Мат. анализ,легкий
"Вычислить интеграл: $\displaystyle \int_{0}^{\pi/2} \cos^3 x dx$. Ответ запишите в виде десятичной дроби, округлив по правилам математического округления до 3 знаков после запятой.",Вычисление определенного интеграла от степенной функции косинуса,"Вычислить определенный интеграл от cos^3 x на отрезке [0, pi/2].",Мат. анализ,легкий
"Вычисли $ \displaystyle \lim_{n \rightarrow \infty }\sqrt[3]{n^2}\sin(n!)/(n+1)$. Ответ запиши в виде десятичной дроби, округлив по правилам математического округления до 3 знаков после запятой.",Предел с синусом факториала,Вычислить предел $\displaystyle \lim_{n \rightarrow \infty }\sqrt[3]{n^2}\sin(n!)/(n+1)$,Мат. анализ,средний
"Решите уравнение $2x^x = \sqrt{2}$ в положительных числах. Ответы запишите в виде десятичной дроби, округлив по правилам математического округления до 3 знаков после запятой, по возрастанию.",Решение уравнения с экспонентой,Решить уравнение $2x^x = \sqrt{2}$ в положительных числах.,Мат. анализ,средний
"Вычислить $\displaystyle \lim_{n \to \infty} \frac{n^2 + 3^{-n}n}{(n + 2)^2 + (n + 3)^2}$. Ответ запишите в виде десятичной дроби, округлив по правилам математического округления до 3 знаков после запятой.",Предел отношения многочленов,Вычислить предел отношения многочленов при n стремящемся к бесконечности.,Мат. анализ,легкий
"Вычислить интеграл: $\displaystyle \int_{-1}^{1} x e^{x^2} dx$. Ответ запишите в виде десятичной дроби, округлив по правилам математического округления до 3 знаков после запятой.",Определенный интеграл от нечетной функции,Вычислить определенный интеграл от функции $x e^{x^2}$ на симметричном интервале.,Мат. анализ,легкий
"Указать такие $N$, начиная с которых можно гарантировать выполнение неравенства $|a_n| < \varepsilon$ при $a_n = \frac{1}{n^2 + 7n + 1}$ и $\varepsilon = 1$. Ответ запишите в виде десятичной дроби, округлив по правилам математического округления до 3 знаков после запятой.",Оценка члена последовательности,"Найти N, при котором |a_n| < epsilon для заданной последовательности.",Мат. анализ,легкий
"Вычислить несобственный интеграл: $\displaystyle \int_{0}^{+\infty} xe^{-x} dx$. Ответ запишите в виде десятичной дроби, округлив по правилам математического округления до 3 знаков после запятой.",Вычисление несобственного интеграла,Вычислить несобственный интеграл $\int_{0}^{+\infty} xe^{-x} dx$.,Мат. анализ,средний
"Из множества всех последовательностей длины $n$ из цифр 0, 1, 2 случайно выбирается одна. Найти вероятность, что последовательность начинается с 0. Ответ запишите в виде десятичной дроби, округлив по правилам математического округления до 3 знаков после запятой.","Вероятность последовательности, начинающейся с 0","Найти вероятность, что случайно выбранная последовательность длины n из цифр 0, 1, 2 начинается с 0.",Теор. вер. и статистика,легкий
"Указать предел последовательности $x_n = \frac{\cos \frac{\pi n}{2}}{n + 2}$. Ответ запишите в виде десятичной дроби, округлив по правилам математического округления до 3 знаков после запятой.",Предел последовательности с косинусом,Найти предел последовательности $x_n = \frac{\cos \frac{\pi n}{2}}{n + 2}$.,Мат. анализ,легкий
"Вычисли $ \displaystyle \lim_{x \rightarrow \infty} ((x^2+2x-1)/(2x^2-3x-2))^{1/x}$. Ответ запиши в виде десятичной дроби, округлив по правилам математического округления до 3 знаков после запятой.",Вычисление предела функции,Вычислить предел функции вида (P(x)/Q(x))^(1/x) при x стремящемся к бесконечности.,Мат. анализ,средний
"Найти обратную матрицу для: \[ \begin{pmatrix} 25 & 5 & 3 \\ 10 & 2 & 1 \\ 4 & 1 & 1 \end{pmatrix} \] Ответ запиши в формате $ a_{11}; a_{12}; \dots; a_{1n}; a_{21}; a_{22}; \dots; a_{mn}, $ округлив по правилам математического округления до 3 знаков после запятой.",Нахождение обратной матрицы,Найти обратную матрицу для заданной матрицы 3x3.,Линал и геометрия,средний
"Вычисли $ \displaystyle \lim_{x \rightarrow -3}(\sqrt{1-x}-3)/(2+\sqrt[3]{x})$. Ответ запиши в виде десятичной дроби, округлив по правилам математического округления до 3 знаков после запятой.",Вычисление предела функции,"Вычислить предел функции при x, стремящемся к -3.",Мат. анализ,средний
"Вычисли $ \displaystyle \int_{-1}^0 (2x^2-x+7)/(x+3) dx$. Ответ запиши в виде десятичной дроби, округлив по правилам математического округления до 3 знаков после запятой.",Вычисление определённого интеграла,Вычислить определённый интеграл от рациональной функции.,Мат. анализ,легкий
"Решить матричное уравнение: \[ X \begin{pmatrix} 3 & -2 \\ 5 & -4 \end{pmatrix} = \begin{pmatrix} -1 & 2 \\ -5 & 6 \end{pmatrix} \] Ответ запиши в формате $ a_{11}; a_{12}; \dots; a_{1n}; a_{21}; a_{22}; \dots; a_{mn}, $ округлив по правилам математического округления до 3 знаков после запятой.",Решение матричного уравнения,"Найти матрицу X, удовлетворяющую уравнению AX = B.",Линал и геометрия,легкий
"Решите уравнение $[x^3] + [x^2] + [x] = \{x\} - 1$. Ответ запишите в виде десятичной дроби, округлив по правилам математического округления до 3 знаков после запятой.",Решение уравнения с целой и дробной частью,"Найти x, удовлетворяющий уравнению с целой и дробной частью.",Мат. анализ,средний
"Вычислить $\displaystyle \lim_{n \to \infty} \frac{2^n + 729n^{10}}{2^{n+1} + 1024n^8}$. Ответ запишите в виде десятичной дроби, округлив по правилам математического округления до 3 знаков после запятой.",Предел отношения функций с экспонентой,"Вычислить предел отношения функций, содержащих экспоненту и степенные функции.",Мат. анализ,легкий
"Студент знает 24 из 30 вопросов. Найти вероятность сдать зачет при возможности ответа на 2 вопроса. Ответ запишите в виде десятичной дроби, округлив по правилам математического округления до 3 знаков после запятой.",Вероятность сдачи зачета,"Найти вероятность сдать зачет, зная 24 из 30 вопросов, при ответе на 2 вопроса.",Теор. вер. и статистика,легкий
"Вычислить $\displaystyle \lim_{n \to \infty} \frac{n^2 - 2n - 1}{n^3 + 2n + 1}$. Ответ запишите в виде десятичной дроби, округлив по правилам математического округления до 3 знаков после запятой.",Предел рациональной функции,Вычислить предел отношения многочленов при n стремящемся к бесконечности.,Мат. анализ,легкий
"Вычислить $\displaystyle \lim_{n \to \infty} \left(\frac{2}{1 + 2^{-n}} + \frac{1}{n}\right)$. Ответ запишите в виде десятичной дроби, округлив по правилам математического округления до 3 знаков после запятой.",Предел последовательности с суммой,Вычислить предел последовательности $\left(\frac{2}{1 + 2^{-n}} + \frac{1}{n}\right)$ при $n \to \infty$.,Мат. анализ,легкий
"Найти площадь фигуры, ограниченной линиями: $y = x$, $y = x^3$. Ответ запишите в виде десятичной дроби, округлив по правилам математического округления до 3 знаков после запятой.",Площадь между кривыми,"Найти площадь фигуры, ограниченной линиями y=x и y=x^3.",Мат. анализ,легкий
"Вычисли $ \displaystyle \lim_{x \rightarrow +\infty}x^{3/2}(\sqrt{x+2}-2\sqrt{x+1}+\sqrt{x})$. Ответ запиши в виде десятичной дроби, округлив по правилам математического округления до 3 знаков после запятой.",Вычисление предела функции,Вычислить предел функции при x стремящемся к бесконечности.,Мат. анализ,средний
"Вычисли $ \displaystyle \int_0^1 \sin(x) \tan^{-1}(\sqrt{\sec(x)-1})dx$.Ответ запишите в виде десятичной дроби, округлив по правилам математического округления до 3 знаков после запятой.",Вычисление определённого интеграла с обратной тригонометрической функцией,Вычислить определённый интеграл от произведения синуса и арктангенса корня из секанса минус один.,Мат. анализ,сложный
"Вычисли $ \displaystyle \lim_{x \rightarrow +\infty} \sin{\sqrt{x+1}} - \sin{\sqrt{x}}$. Ответ запиши в виде десятичной дроби, округлив по правилам математического округления до 3 знаков после запятой.",Предел разности синусов,Вычислить предел $\lim_{x \rightarrow +\infty} (\sin{\sqrt{x+1}} - \sin{\sqrt{x}})$.,Мат. анализ,средний
"Найди сумму всех целых оснований $ b > 9, $ для которых $ 17_b $ является делителем $ 97_b.$Ответ запишите в виде десятичной дроби, округлив по правилам математического округления до 3 знаков после запятой.",Сумма оснований,"Найти сумму всех целых оснований $ b > 9, $ для которых $ 17_b $ является делителем $ 97_b.$",теория чисел,средний
"Вычисли $ \displaystyle \int_{-\pi/2}^{\pi/12} \cos^32x dx$. Ответ запиши в виде десятичной дроби, округлив по правилам математического округления до 3 знаков после запятой.",Вычисление определенного интеграла от тригонометрической функции,Вычислить определенный интеграл от cos^3(2x) на заданном интервале.,Мат. анализ,средний
"Вычислить $\displaystyle \lim_{n \to \infty} \frac{n^2 + n \sin(2^{-n}n) + 3^{-2n}}{(2n + \cos n)^2}$. Ответ запишите в виде десятичной дроби, округлив по правилам математического округления до 3 знаков после запятой.",Предел отношения многочленов с добавками,Вычислить предел при n стремящемся к бесконечности для заданного рационального выражения.,Мат. анализ,средний
"Вычисли $ \displaystyle \lim_{x \rightarrow \infty} ((3x^2-x+1)/(2x^2+x+1))^{x^3/(1-x)}$. Ответ запиши в виде десятичной дроби, округлив по правилам математического округления до 3 знаков после запятой.",Вычисление предела функции,Вычислить предел функции вида f(x)^g(x) при x стремящемся к бесконечности,Мат. анализ,средний
"Вычислить $\displaystyle \lim_{n \to \infty} (\sqrt{n^6 + 10n^3 + 5} - \sqrt{n^6 + 8n^3 + 6})$. Ответ запишите в виде десятичной дроби, округлив по правилам математического округления до 3 знаков после запятой.",Предел с корнями,Вычислить предел разности корней.,Мат. анализ,средний
"Вычисли $ \displaystyle \lim_{x \rightarrow \infty}(x^2-1)/(2x^2-x-1)$. Ответ запиши в виде десятичной дроби, округлив по правилам математического округления до 3 знаков после запятой.",Вычисление предела рациональной функции,"Найти предел функции при x, стремящемся к бесконечности.",Мат. анализ,легкий
"Вычисли $ \displaystyle \lim_{x \rightarrow 0}(\sqrt[3]{8+3x-x^2}-2)/(x+x^2)$. Ответ запиши в виде десятичной дроби, округлив по правилам математического округления до 3 знаков после запятой.",Вычисление предела функции,Вычислить предел функции при x стремящемся к 0.,Мат. анализ,средний
"Вычисли $ \displaystyle \lim_{x \rightarrow 4} (\sqrt{1+2x}-3)/(\sqrt{x}-2)$. Ответ запиши в виде десятичной дроби, округлив по правилам математического округления до 3 знаков после запятой.",Вычисление предела функции,"Найти предел функции при x, стремящемся к 4.",Мат. анализ,легкий
"Вычислить $\displaystyle \lim_{n \to \infty} \left(1 + \frac{2}{n^2}\right)^{n^2 + 1}$. Ответ запишите в виде десятичной дроби, округлив по правилам математического округления до 3 знаков после запятой.",Предел последовательности,Вычислить предел последовательности вида (1 + a/n^2)^(n^2 + 1),Мат. анализ,легкий
"Вычислить $\displaystyle \lim_{n \to \infty} \frac{3 \cdot 2^{n+1} - 7 \cdot 3^n + 1}{2^{n+1} - 7 \cdot 3^{n+1} + 6}$. Ответ запишите в виде десятичной дроби, округлив по правилам математического округления до 3 знаков после запятой.",Предел отношения функций,"Вычислить предел при n стремящемся к бесконечности отношения двух выражений, содержащих степени.",Мат. анализ,легкий
"Найти площадь фигуры, ограниченной линиями: $y = x^4 - 2x^2$, $y = 0$. Ответ запишите в виде десятичной дроби, округлив по правилам математического округления до 3 знаков после запятой.","Площадь фигуры, ограниченной параболой четвертой степени и осью абсцисс","Найти площадь фигуры, ограниченной линиями y = x^4 - 2x^2 и y = 0.",Мат. анализ,средний
"Вычислить $\displaystyle \lim_{n \to \infty} \frac{n^2 - 1}{n^3 + 3n^2 + 31\sqrt{e^{\pi}}}$. Ответ запишите в виде десятичной дроби, округлив по правилам математического округления до 3 знаков после запятой.",Предел рациональной функции,Вычислить предел при n стремящемся к бесконечности от отношения многочленов.,Мат. анализ,легкий
"Решить матричное уравнение \( A A^T X = B \), где \[ A = \begin{pmatrix} 1 & 1 & 1 \\ 1 & -1 & 1 \end{pmatrix}, \quad B = \begin{pmatrix} 1 & 2 \\ 3 & 4 \end{pmatrix} \] Ответ запиши в формате $ a_{11}; a_{12}; \dots; a_{1n}; a_{21}; a_{22}; \dots; a_{mn}, $ округлив по правилам математического округления до 3 знаков после запятой.",Решение матричного уравнения,Найти матрицу X из уравнения A A^T X = B,Линал и геометрия,средний
"Вычисли $ \displaystyle \lim_{x \rightarrow 0} (\cos x - \cos 3x)/x^2$. Ответ запиши в виде десятичной дроби, округлив по правилам математического округления до 3 знаков после запятой.",Вычисление предела с косинусами,Вычислить предел функции при x стремящемся к 0.,Мат. анализ,легкий
"Вычисли $ \displaystyle \int_1^{\sqrt{5}} x/\sqrt{x^2-1} dx$. Ответ запиши в виде десятичной дроби, округлив по правилам математического округления до 3 знаков после запятой.",Вычисление определенного интеграла,Вычислить определенный интеграл от функции $x/\sqrt{x^2-1}$ в пределах от 1 до $\sqrt{5}$.,Мат. анализ,легкий
"Брошено три монеты. Найти вероятность, что выпало не больше двух «гербов». Ответ запишите в виде десятичной дроби, округлив по правилам математического округления до 3 знаков после запятой.",Вероятность выпадения не более двух гербов при бросании трех монет,"Найти вероятность, что при бросании трех монет выпало не более двух гербов.",Теор. вер. и статистика,легкий
"Вычислить $\displaystyle \lim_{n \to \infty} \frac{\cos (7n - \pi \sqrt{n})}{n^2 + 1}$. Ответ запишите в виде десятичной дроби, округлив по правилам математического округления до 3 знаков после запятой.",Предел отношения косинуса к многочлену,Вычислить предел функции при n стремящемся к бесконечности.,Мат. анализ,легкий
"Найти вероятность, что 2 случайные точки в круге радиуса R окажутся во вписанном квадрате. Ответ запишите в виде десятичной дроби, округлив по правилам математического округления до 3 знаков после запятой.","Вероятность попадания двух точек в квадрат, вписанный в круг","Найти вероятность, что 2 случайные точки в круге радиуса R окажутся во вписанном квадрате.",Теор. вер. и статистика,легкий
"Указать такие $N$, начиная с которых можно гарантировать выполнение неравенства $|a_n| < \varepsilon$ при $a_n = \frac{1}{n^2 + 7n + 1}$ и $\varepsilon = 0.001$. Ответ запишите в виде десятичной дроби, округлив по правилам математического округления до 3 знаков после запятой.",Оценка хвоста последовательности,"Найти N, при котором |a_n| < ε для заданной последовательности.",Мат. анализ,легкий
"Вычисли $ \displaystyle \lim_{x \rightarrow \infty}\sqrt[3]{x^3+x^2+1}-\sqrt[3]{x^3-x^2+1}$. Ответ запиши в виде десятичной дроби, округлив по правилам математического округления до 3 знаков после запятой.",Предел с корнями,"Вычислить предел разности кубических корней при x, стремящемся к бесконечности.",Мат. анализ,средний
"Вычисли $ \displaystyle \int_0^1 (3x^3+1)^6x^2 dx$. Ответ запиши в виде десятичной дроби, округлив по правилам математического округления до 3 знаков после запятой.",Вычисление определённого интеграла методом замены переменной,Вычислить определённый интеграл $\int_0^1 (3x^3+1)^6x^2 dx$.,Мат. анализ,легкий
"Вычислить определитель: \[ \begin{vmatrix} -2 & 3 & 2 \\ -3 & 5 & 3 \\ 1 & -3 & -2 \\ \end{vmatrix} \] Ответ запишите в виде десятичной дроби, округлив по правилам математического округления до 3 знаков после запятой.",Вычисление определителя матрицы 3x3,Вычислить определитель матрицы 3x3.,Линал и геометрия,легкий
"Сколько раз бросить кость, чтобы вероятность хотя бы одной шестерки была $\geq 0.9$? Ответ запишите в виде десятичной дроби, округлив по правилам математического округления до 3 знаков после запятой.",Вероятность хотя бы одной шестерки,"Найти минимальное количество бросков кости, чтобы вероятность хотя бы одной шестерки была не менее 0.9.",Теор. вер. и статистика,средний
"Вычислить $\displaystyle \lim_{n \to \infty} \frac{(2n+1)^3 - (2n-1)^3}{(n-2)^3 - (n+2)^3}$. Ответ запишите в виде десятичной дроби, округлив по правилам математического округления до 3 знаков после запятой.",Предел отношения многочленов,Вычислить предел отношения разности кубов,Мат. анализ,легкий
"Вычисли $ \displaystyle \lim_{x \rightarrow +\infty} (\sqrt{x+\sqrt{x+\sqrt{x}}})/\sqrt{x+1}$. Ответ запиши в виде десятичной дроби, округлив по правилам математического округления до 3 знаков после запятой.",Предел функции с корнями,Вычислить предел функции при x стремящемся к бесконечности,Мат. анализ,средний
"Вычисли $ \displaystyle \lim_{n \rightarrow \infty} \sum_{i=1}^n \dfrac{n^3}{(i^2+n^2)^2}.$.Ответ запишите в виде десятичной дроби, округлив по правилам математического округления до 3 знаков после запятой.",Вычисление предела суммы,Вычислить предел суммы при n стремящемся к бесконечности,Мат. анализ,средний
"Вычислить $\displaystyle \lim_{n \to \infty} \frac{(-2)^n + 3^n}{(-2)^{n+1} + 3^{n+1}}$. Ответ запишите в виде десятичной дроби, округлив по правилам математического округления до 3 знаков после запятой.",Предел отношения степенных выражений,Вычислить предел при n стремящемся к бесконечности отношения сумм степеней.,Мат. анализ,легкий
"Решить матричное уравнение: \[ \begin{pmatrix} 3 & -1 \\ 5 & -2 \end{pmatrix} X \begin{pmatrix} 5 & 6 \\ 7 & 8 \end{pmatrix} = \begin{pmatrix} 14 & 16 \\ 9 & 10 \end{pmatrix} \] Ответ запиши в формате $ a_{11}; a_{12}; \dots; a_{1n}; a_{21}; a_{22}; \dots; a_{mn}, $ округлив по правилам математического округления до 3 знаков после запятой.",Решение матричного уравнения,Найти матрицу X в уравнении AXB = C.,Линал и геометрия,средний
"Вычисли $ \displaystyle \lim_{n \rightarrow \infty} (1+2+3+...+n-1)/n^2$. Ответ запиши в виде десятичной дроби, округлив по правилам математического округления до 3 знаков после запятой.",Предел отношения суммы арифметической прогрессии к квадрату n,Вычислить предел $\lim_{n \rightarrow \infty} (1+2+3+...+n-1)/n^2$.,Мат. анализ,легкий
"Вычисли $ \displaystyle \lim_{n \rightarrow \infty} 10000n/(n^2+1)$. Ответ запиши в виде десятичной дроби, округлив по правилам математического округления до 3 знаков после запятой.",Вычисление предела отношения многочленов,Вычислить предел функции при n стремящемся к бесконечности.,Мат. анализ,легкий
"Найди количество упорядоченных пар $ (x,y), $ где оба $ x $ и $ y - $ целые числа от -100 до 100 включительно, таких что $ 12x^2-xy-6y^2=0.$Ответ запишите в виде десятичной дроби, округлив по правилам математического округления до 3 знаков после запятой.","Количество пар (x,y) для квадратного уравнения","Найти количество целочисленных пар (x,y) в заданном диапазоне, удовлетворяющих уравнению 12x^2-xy-6y^2=0.",Дискретная математика,средний
"Брошено три монеты. Найти вероятность, что первая монета выпала «гербом» вверх. Ответ запишите в виде десятичной дроби, округлив по правилам математического округления до 3 знаков после запятой.",Вероятность выпадения герба на первой монете,Найти вероятность выпадения герба на первой из трех брошенных монет.,Теор. вер. и статистика,легкий
"Вычисли $ \displaystyle \int_1^2 \dfrac{\cos^2(x)}{\sqrt{\cos^4(x)+\cos^2(x)+1}}dx$.Ответ запишите в виде десятичной дроби, округлив по правилам математического округления до 3 знаков после запятой.",Определенный интеграл с тригонометрическими функциями,"Вычислить определенный интеграл от функции, содержащей тригонометрические выражения.",Мат. анализ,сложный
"Вычисли $ \displaystyle \int_1^2 1/(x^2+x) dx$. Ответ запиши в виде десятичной дроби, округлив по правилам математического округления до 3 знаков после запятой.",Вычисление определённого интеграла,Вычислить определённый интеграл от рациональной функции,Мат. анализ,легкий
"Вычислить интеграл: $\displaystyle \int_{2}^{3} e^{x^2} dx$. Ответ запишите в виде десятичной дроби, округлив по правилам математического округления до 3 знаков после запятой.",Вычисление определённого интеграла,Вычислить интеграл от e в степени x квадрат от 2 до 3.,Мат. анализ,средний
"Вычислить $\displaystyle \lim_{n \to \infty} \frac{2^n}{n!}$. Ответ запишите в виде десятичной дроби, округлив по правилам математического округления до 3 знаков после запятой.",Предел отношения экспоненты к факториалу,Вычислить предел $\displaystyle \lim_{n \to \infty} \frac{2^n}{n!}$.,Мат. анализ,легкий
"Брошено три монеты. Найти вероятность, что выпало ровно два «герба». Ответ запишите в виде десятичной дроби, округлив по правилам математического округления до 3 знаков после запятой.",Вероятность выпадения двух гербов при броске трех монет,Найти вероятность выпадения ровно двух гербов при броске трех монет.,Теор. вер. и статистика,легкий
"В урне 3 белых и 7 черных шаров. Найти вероятность вынуть 2 черных шара. Ответ запишите в виде десятичной дроби, округлив по правилам математического округления до 3 знаков после запятой.",Вероятность вынуть два черных шара,Найти вероятность вынуть 2 черных шара из урны с 3 белыми и 7 черными шарами.,Теор. вер. и статистика,легкий
"При частоте попаданий 0.6 и 12 промахах найти количество выстрелов. Ответ запишите в виде десятичной дроби, округлив по правилам математического округления до 3 знаков после запятой.",Расчет количества выстрелов по частоте попаданий и промахам,"Найти общее количество выстрелов, зная частоту попаданий и количество промахов.",Теор. вер. и статистика,легкий
"Решите уравнение $x^3 - [x] = 3$. Ответ запишите в виде десятичной дроби, округлив по правилам математического округления до 3 знаков после запятой.",Уравнение с целой частью,Решить уравнение $x^3 - [x] = 3$.,Мат. анализ,средний
"Вычислить $\displaystyle \lim_{n \to \infty} \left(\frac{n^2 + 2}{n^2 + 1}\right)^{n^2 + 2n}$. Ответ запишите в виде десятичной дроби, округлив по правилам математического округления до 3 знаков после запятой.",Вычисление предела последовательности,Вычислить предел вида (1+1/f(n))^g(n),Мат. анализ,средний
"Вычисли $ \displaystyle \int_3^4 (x^3+3)/(x-2) dx$. Ответ запиши в виде десятичной дроби, округлив по правилам математического округления до 3 знаков после запятой.",Вычисление определенного интеграла,Вычислить определенный интеграл от рациональной функции.,Мат. анализ,средний
"Вычисли $ \displaystyle \lim_{x \rightarrow 0}(\sqrt[3]{27+x}-\sqrt[3]{27-x})/(x+2\sqrt[3]{x^4})$. Ответ запиши в виде десятичной дроби, округлив по правилам математического округления до 3 знаков после запятой.",Вычисление предела с корнями,Вычислить предел функции при x стремящемся к 0.,Мат. анализ,средний
"Брошены две игральные кости. Найти вероятность хотя бы одной 1. Ответ запишите в виде десятичной дроби, округлив по правилам математического округления до 3 знаков после запятой.",Вероятность выпадения хотя бы одной единицы на двух игральных костях,Найти вероятность выпадения хотя бы одной 1 при броске двух игральных костей.,Теор. вер. и статистика,легкий
"Вычисли $ \displaystyle \lim_{x \rightarrow 0} (\sqrt{\cos x}-\sqrt[3]{\cos x})/\sin^2 x$. Ответ запиши в виде десятичной дроби, округлив по правилам математического округления до 3 знаков после запятой.",Предел с корнями и тригонометрическими функциями,Вычислить предел функции при x стремящемся к 0.,Мат. анализ,средний
"Вычислить $\displaystyle \lim_{n \to \infty} \frac{\sqrt[3]{n^3 + n - 1}}{n^2 - 3n + 15}$. Ответ запишите в виде десятичной дроби, округлив по правилам математического округления до 3 знаков после запятой.",Вычисление предела отношения многочленов,Вычислить предел отношения корня третьей степени из многочлена и многочлена при n стремящемся к бесконечности.,Мат. анализ,легкий
"Найти площадь фигуры, ограниченной линиями: $y = 4 - x^2$, $y = x^2 - 2$. Ответ запишите в виде десятичной дроби, округлив по правилам математического округления до 3 знаков после запятой.",Площадь фигуры между параболами,"Найти площадь фигуры, ограниченной параболами $y = 4 - x^2$ и $y = x^2 - 2$.",Мат. анализ,средний
"Вычисли $ \displaystyle \lim_{x \rightarrow 0}\operatorname{tg}x/x$. Ответ запиши в виде десятичной дроби, округлив по правилам математического округления до 3 знаков после запятой.",Предел отношения тангенса к аргументу,"Вычислить предел tg(x)/x при x, стремящемся к 0.",Мат. анализ,легкий
"Вычисли $ \displaystyle \lim_{x \rightarrow 16}(\sqrt[4]{x}-2)/(\sqrt{x}-4)$. Ответ запиши в виде десятичной дроби, округлив по правилам математического округления до 3 знаков после запятой.",Вычисление предела функции,Найти предел функции при x стремящемся к 16.,Мат. анализ,легкий
"Решить матричное уравнение: \[ X \begin{pmatrix} 1 & 2 \\ 3 & 4 \end{pmatrix} = \begin{pmatrix} 3 & 5 \\ -5 & 9 \end{pmatrix} \] Ответ запиши в формате $ a_{11}; a_{12}; \dots; a_{1n}; a_{21}; a_{22}; \dots; a_{mn}, $ округлив по правилам математического округления до 3 знаков после запятой.",Решение матричного уравнения,Найти матрицу X из уравнения AX = B.,Линал и геометрия,легкий
"Вычисли $ \displaystyle \lim_{x \rightarrow 1} (x^2-1)/(2x^2-x-1)$. Ответ запиши в виде десятичной дроби, округлив по правилам математического округления до 3 знаков после запятой.",Вычисление предела функции,"Вычислить предел рациональной функции при x, стремящемся к 1.",Мат. анализ,легкий
"Вычисли $ \displaystyle \int_1^{\infty} \dfrac{\{x\}}{x^3}dx$.Ответ запишите в виде десятичной дроби, округлив по правилам математического округления до 3 знаков после запятой.",Вычисление несобственного интеграла с дробной частью,"Вычислить несобственный интеграл от функции, содержащей дробную часть числа.",Мат. анализ,средний
"Вероятность потопить корабль одной торпедой 1/2. Найти вероятность потопить корабль 4 торпедами. Ответ запишите в виде десятичной дроби, округлив по правилам математического округления до 3 знаков после запятой.",Вероятность потопить корабль несколькими торпедами,"Найти вероятность потопить корабль 4 торпедами, если вероятность потопить одной торпедой 1/2.",Теор. вер. и статистика,легкий
"Найди минимальное значение выражения $ S = 2^0x_0^2 + 2^1x_1^2+...+2^{100}x_{100}^2, $ где $ x_0,x_1,...,x_{100} $ неотрицательные целые числа такие, что $ x_0 + x_1 +...+x_{100} = 100.$ .Ответ запишите в виде десятичной дроби, округлив по правилам математического округления до 3 знаков после запятой.",Минимизация взвешенной суммы квадратов,Найти минимальное значение суммы $S = \sum_{i=0}^{100} 2^i x_i^2$ при условии $\sum_{i=0}^{100} x_i = 100$ и $x_i \in \mathbb{Z}_{\ge 0}$.,оптимизация,сложный
"Вычисли $ \displaystyle \lim_{x \rightarrow +\infty} (\sqrt{x}+\sqrt[3]{x}+\sqrt[4]{x})/\sqrt{2x+1}$. Ответ запиши в виде десятичной дроби, округлив по правилам математического округления до 3 знаков после запятой.",Предел функции с корнями,"Вычислить предел функции при x, стремящемся к бесконечности.",Мат. анализ,легкий
"Найти обратную матрицу для: \[ \begin{pmatrix} 1 & 3 & 2 \\ 4 & 11 & 10 \\ 5 & 8 & 25 \end{pmatrix} \] Ответ запиши в формате $ a_{11}; a_{12}; \dots; a_{1n}; a_{21}; a_{22}; \dots; a_{mn}, $ округлив по правилам математического округления до 3 знаков после запятой.",Нахождение обратной матрицы,Найти обратную матрицу для заданной матрицы 3x3.,Линал и геометрия,средний
"Вычислить интеграл: $\displaystyle \int_{1}^{4} \frac{dx}{\sqrt{5x-4}}$. Ответ запишите в виде десятичной дроби, округлив по правилам математического округления до 3 знаков после запятой.",Вычисление определенного интеграла,"Вычислить определенный интеграл от функции $\frac{1}{\sqrt{5x-4}}$ на отрезке [1, 4].",Мат. анализ,легкий
"Вычислить $\displaystyle \lim_{n \to \infty} (\sqrt{n^6 + 3n^4 + n^3 + 1} - \sqrt{n^6 + n^4 + 2n^3 + 5})$. Ответ запишите в виде десятичной дроби, округлив по правилам математического округления до 3 знаков после запятой.",Предел с корнями,Вычислить предел разности корней,Мат. анализ,средний
"На огромном шахматном поле размером 2025×2024 клеток изначально все клетки белые. Разрешено раскрашивать некоторые клетки в чёрный цвет, но при этом нельзя допускать появления фигуры, называемой «молния». Молния — это конфигурация из 6 чёрных клеток, образующаяся следующим образом: если взять квадрат 3×3 и удалить из него либо центральный столбец, либо центральную строку, то оставшиеся 6 клеток и есть «молния». Требуется определить, какое максимальное количество клеток можно раскрасить в чёрный цвет на таком поле, чтобы при этом ни одна «молния» не образовалась, и так, чтобы нельзя было добавить ни одну новую чёрную клетку без появления хотя бы одной «молнии».Ответ запишите в виде десятичной дроби, округлив по правилам математического округления до 3 знаков по- сле запятой. Ответ запишите в виде десятичной дроби, округлив по правилам математического округления до 3 знаков по- сле запятой. Ответ запишите в виде десятичной дроби, округлив по правилам математического округления до 3 знаков после запятой.",Максимальное количество черных клеток без молнии,Найти максимальное количество черных клеток на поле 2025x2024 без образования 'молнии' и без возможности добавить новую черную клетку.,Дискретная математика,сложный
"Вычислить $\displaystyle \lim_{n \to \infty} \frac{3^{n+1} + 2^{n+1}}{5^n + 1 + 2^n}$. Ответ запишите в виде десятичной дроби, округлив по правилам математического округления до 3 знаков после запятой.",Предел отношения степенных функций,Вычислить предел отношения $3^{n+1} + 2^{n+1}$ к $5^n + 1 + 2^n$ при $n \to \infty$.,Мат. анализ,легкий
"Вычисли $ \displaystyle \lim_{x \rightarrow 0} \sqrt{1-\cos x^2}/(1-\cos x)$. Ответ запиши в виде десятичной дроби, округлив по правилам математического округления до 3 знаков после запятой.",Предел с тригонометрическими функциями,Вычислить предел отношения корня из разности единицы и косинуса квадрата аргумента к разности единицы и косинуса аргумента при стремлении аргумента к нулю.,Мат. анализ,средний
"Вычислить $\displaystyle \lim_{n \to \infty} \frac{(n+2)^3 - (n+1)^3}{(n+2)^2 + (n+1)^2}$. Ответ запишите в виде десятичной дроби, округлив по правилам математического округления до 3 знаков после запятой.",Предел отношения многочленов,Вычислить предел отношения многочленов при n стремящемся к бесконечности.,Мат. анализ,легкий
"Указать предел последовательности $x_n = 2^{-n} \sin \frac{\pi n}{2}$. Ответ запишите в виде десятичной дроби, округлив по правилам математического округления до 3 знаков после запятой.",Предел последовательности с синусом,Найти предел последовательности $x_n = 2^{-n} \sin \frac{\pi n}{2}$.,Мат. анализ,легкий
"Вычисли $ \displaystyle \lim_{n \rightarrow \infty}(1/2+3/4+...+(2n-1))/2^n)$. Ответ запиши в виде десятичной дроби, округлив по правилам математического округления до 3 знаков после запятой.",Предел суммы ряда,"Вычислить предел суммы ряда, используя свойства пределов и возможно, формулу для суммы арифметической прогрессии.",Мат. анализ,средний
"Вычисли $ \displaystyle \lim_{x \rightarrow 0} (1-\cos x\sqrt{\cos 2x}\sqrt[3]{\cos 3x})/x^2$. Ответ запиши в виде десятичной дроби, округлив по правилам математического округления до 3 знаков после запятой.",Предел с тригонометрическими функциями,Вычислить предел функции при x стремящемся к 0.,Мат. анализ,средний
"Вычисли $ \displaystyle \lim_{x \rightarrow 0} ((1+x)^5-(1+5x))/(x^2+x^5)$. Ответ запиши в виде десятичной дроби, округлив по правилам математического округления до 3 знаков после запятой.",Вычисление предела функции,"Вычислить предел функции при x, стремящемся к 0.",Мат. анализ,средний
"Вычислить $\displaystyle \lim_{n \to \infty} (\sqrt{n^2 + n + 1} - \sqrt{n^2 + 1})$. Ответ запишите в виде десятичной дроби, округлив по правилам математического округления до 3 знаков после запятой.",Вычисление предела с корнями,Вычислить предел разности корней.,Мат. анализ,легкий
"Вычисли $ \displaystyle \lim_{x \rightarrow +\infty}x(\sqrt{x^2+2x}-2\sqrt{x^2+x}+x)$. Ответ запиши в виде десятичной дроби, округлив по правилам математического округления до 3 знаков после запятой.",Вычисление предела с иррациональными выражениями,Вычислить предел функции при x стремящемся к бесконечности,Мат. анализ,средний
"Вычисли $ \displaystyle \int_0^1 \sqrt{\tan^2(x)+2\tan(x)+2}dx$.Ответ запишите в виде десятичной дроби, округлив по правилам математического округления до 3 знаков после запятой.",Вычисление определённого интеграла с тангенсом,Вычислить определённый интеграл от корня квадратного из выражения с тангенсом.,Мат. анализ,средний
"Найти обратную матрицу для: \[ \begin{pmatrix} 11 & 3 & 2 \\ 14 & 4 & 3 \\ 4 & 1 & 1 \end{pmatrix} \] Ответ запиши в формате $ a_{11}; a_{12}; \dots; a_{1n}; a_{21}; a_{22}; \dots; a_{mn}, $ округлив по правилам математического округления до 3 знаков после запятой.",Нахождение обратной матрицы 3x3,Найти обратную матрицу для заданной матрицы 3x3.,Линал и геометрия,средний
"Найти вероятность, что две ладьи на шахматной доске не бьют друг друга. Ответ запишите в виде десятичной дроби, округлив по правилам математического округления до 3 знаков после запятой.",Вероятность небитья ладей,"Найти вероятность, что две ладьи на шахматной доске не бьют друг друга.",Теор. вер. и статистика,средний
"Из 28 костей домино случайно выбираются две. Найти вероятность, что из них можно составить «цепочку» по правилам игры. Ответ запишите в виде десятичной дроби, округлив по правилам математического округления до 3 знаков после запятой.",Вероятность составить цепочку из двух костей домино,"Найти вероятность, что из двух случайно выбранных костей домино можно составить цепочку.",Теор. вер. и статистика,средний
"Вычислить интеграл: $\displaystyle \int_{-1}^{3} \sqrt[3]{x} dx$. Ответ запишите в виде десятичной дроби, округлив по правилам математического округления до 3 знаков после запятой.",Вычисление определенного интеграла,Вычислить определенный интеграл от кубического корня.,Мат. анализ,легкий
"Найти вероятность, что на 4 костях выпадет одинаковое число очков. Ответ запишите в виде десятичной дроби, округлив по правилам математического округления до 3 знаков после запятой.",Вероятность выпадения одинакового числа очков на 4 костях,Найти вероятность выпадения одинакового числа очков на 4 игральных костях.,Теор. вер. и статистика,легкий
"Брошена игральная кость. Найти вероятность выпадения числа > 4. Ответ запишите в виде десятичной дроби, округлив по правилам математического округления до 3 знаков после запятой.",Вероятность выпадения числа больше 4 на игральной кости,Найти вероятность выпадения числа > 4 при броске игральной кости.,Теор. вер. и статистика,легкий
"Вычисли $ \displaystyle \int_0^1 \sqrt{\tan(x)}dx$.Ответ запишите в виде десятичной дроби, округлив по правилам математического округления до 3 знаков после запятой.",Вычисление определённого интеграла от корня тангенса,"Вычислить определённый интеграл от $\sqrt{\tan(x)}$ на отрезке $[0, 1]$ и округлить результат.",Мат. анализ,сложный
"Вычислить несобственный интеграл: $\displaystyle \int_{2}^{+\infty} \frac{2}{x^3} dx$. Ответ запишите в виде десятичной дроби, округлив по правилам математического округления до 3 знаков после запятой.",Вычисление несобственного интеграла,Вычислить несобственный интеграл от функции 2/x^3 от 2 до +бесконечности.,Мат. анализ,легкий
"Вычисли $ \displaystyle \int_0^1 \dfrac{x^2}{x^4+1}dx$.Ответ запишите в виде десятичной дроби, округлив по правилам математического округления до 3 знаков после запятой.",Вычисление определенного интеграла,Вычислить определенный интеграл от рациональной функции,Мат. анализ,средний
"Вычисли $ \displaystyle \int_0^1 \dfrac{\tan(x)} {\sqrt{\sec^3(x)+1}}dx$.Ответ запишите в виде десятичной дроби, округлив по правилам математического округления до 3 знаков после запятой.",Вычисление определённого интеграла с тригонометрическими функциями,"Вычислить определённый интеграл от тангенса, деленного на корень из суммы секанса в кубе и единицы.",Мат. анализ,сложный
"Вычислить определитель: \[ \begin{vmatrix} 1 & 2 & 3 \\ 2 & 3 & 2 \\ 3 & 2 & 1 \\ \end{vmatrix} \] Ответ запишите в виде десятичной дроби, округлив по правилам математического округления до 3 знаков после запятой.",Вычисление определителя матрицы 3x3,Вычислить определитель матрицы 3x3.,Линал и геометрия,легкий
"В ящике 10 красных и 6 синих пуговиц. Найти вероятность, что 2 вынутые пуговицы одного цвета. Ответ запишите в виде десятичной дроби, округлив по правилам математического округления до 3 знаков после запятой.",Вероятность вынуть две пуговицы одного цвета,"Найти вероятность, что 2 вынутые пуговицы одного цвета из ящика с красными и синими пуговицами.",Теор. вер. и статистика,легкий
"Вычислить $\displaystyle \lim_{n \to \infty} (\sqrt{n^6 + 3n^4 + n^3 + 1} - \sqrt{n^6 + 3n^4 + 2n^3 + 5})$. Ответ запишите в виде десятичной дроби, округлив по правилам математического округления до 3 знаков после запятой.",Предел с корнями,"Вычислить предел разности двух корней, содержащих многочлены от n.",Мат. анализ,средний
"Вычисли $ \displaystyle \lim_{x \rightarrow \infty}x^{1/3}((x+1)^{1/3}-(x-1)^{2/3})$. Ответ запиши в виде десятичной дроби, округлив по правилам математического округления до 3 знаков после запятой.",Вычисление предела функции,"Вычислить предел функции при x, стремящемся к бесконечности.",Мат. анализ,средний
"Из букв А, Б, В, Г, Д наугад составляют слово из 3 букв. Найти вероятность получить ""ДВА"". Каждую букву можно использовать только один раз. Ответ запишите в виде десятичной дроби, округлив по правилам математического округления до 3 знаков после запятой.",Вероятность составить слово,"Найти вероятность составить слово 'ДВА' из 3 букв, используя каждую букву один раз.",Теор. вер. и статистика,легкий
"Вычислить $\displaystyle \lim_{n \to \infty} \frac{n}{2^n}$. Ответ запишите в виде десятичной дроби, округлив по правилам математического округления до 3 знаков после запятой.",Предел отношения n к 2^n,"Вычислить предел последовательности n / 2^n при n, стремящемся к бесконечности.",Мат. анализ,легкий
"Вычислить несобственный интеграл: $\displaystyle \int_{-\infty}^{\sqrt{3}} \frac{dx}{1+x^2}$. Ответ запишите в виде десятичной дроби, округлив по правилам математического округления до 3 знаков после запятой.",Вычисление несобственного интеграла,Вычислить несобственный интеграл от функции 1/(1+x^2) в пределах от -бесконечности до корня из 3.,Мат. анализ,легкий
"Для произвольного числа $x$ рассмотрим сумму: $\displaystyle Q(x) = |x| + \left\lfloor \frac{x}{2} \right\rfloor + \left\lfloor \frac{x}{3} \right\rfloor + \cdots + \left\lfloor \frac{x}{10000} \right\rfloor$. Найдите разность $Q(2023) - Q(2022)$. Ответ запишите в виде десятичной дроби, округлив по правилам математического округления до 3 знаков после запятой.",Разность сумм с целой частью,Найти разность $Q(2023) - Q(2022)$ для функции $Q(x) = |x| + \sum_{k=2}^{10000} \lfloor x/k \rfloor$.,Дискретная математика,средний
"Вычисли $ \displaystyle \lim_{x \rightarrow 1}(1-x)\operatorname{tg}(\pi x/2)$. Ответ запиши в виде десятичной дроби, округлив по правилам математического округления до 3 знаков после запятой.",Вычисление предела с тангенсом,Вычислить предел функции при x стремящемся к 1.,Мат. анализ,средний
"Вычисли $ \displaystyle \lim_{n \rightarrow \infty} \sqrt{n+1}-\sqrt{n}$. Ответ запиши в виде десятичной дроби, округлив по правилам математического округления до 3 знаков после запятой.",Предел разности корней,Вычислить предел разности $\sqrt{n+1}-\sqrt{n}$ при $n \rightarrow \infty$.,Мат. анализ,легкий
"Вычисли $ \displaystyle \lim_{x \rightarrow 0}(\operatorname{tg}x-\operatorname{sin}x)/\operatorname{sin}^3x$. Ответ запиши в виде десятичной дроби, округлив по правилам математического округления до 3 знаков после запятой.",Вычисление предела с тригонометрическими функциями,Вычислить предел функции при x стремящемся к 0.,Мат. анализ,средний
"Вычисли $ \displaystyle \int_0^3 (\sqrt{x}+\sqrt[3]{x^2}) dx$. Ответ запиши в виде десятичной дроби, округлив по правилам математического округления до 3 знаков после запятой.",Вычисление определенного интеграла,Вычислить определенный интеграл от суммы степенных функций.,Мат. анализ,легкий
"Сколько раз бросить кость, чтобы вероятность хотя бы одной шестерки была $\geq 0.5$? Ответ запишите в виде десятичной дроби, округлив по правилам математического округления до 3 знаков после запятой.",Вероятность выпадения шестерки,"Сколько раз бросить кость, чтобы вероятность хотя бы одной шестерки была не менее 0.5?",Теор. вер. и статистика,легкий
"Вычисли $ \displaystyle \lim_{x \rightarrow 0}(\sqrt{1-2x-x^2}-(1+x))/x$. Ответ запиши в виде десятичной дроби, округлив по правилам математического округления до 3 знаков после запятой.",Вычисление предела функции,"Вычислить предел функции при x, стремящемся к 0.",Мат. анализ,средний
"Вычислить несобственный интеграл: $\displaystyle \int_{0}^{1} \ln x dx$. Ответ запишите в виде десятичной дроби, округлив по правилам математического округления до 3 знаков после запятой.",Вычисление несобственного интеграла логарифма,"Вычислить несобственный интеграл от ln x на отрезке [0, 1].",Мат. анализ,средний
"Вычисли $ \displaystyle \int_1^4 (1+\sqrt{x})^3/\sqrt{x} dx$. Ответ запиши в виде десятичной дроби, округлив по правилам математического округления до 3 знаков после запятой.",Вычисление определённого интеграла,Вычислить определённый интеграл от функции $(1+\sqrt{x})^3/\sqrt{x}$,Мат. анализ,легкий
"Вычисли $ \displaystyle \lim_{x \rightarrow \pi/4} \operatorname{tg}2x\cdot \operatorname{tg}(\pi/4-x)$. Ответ запиши в виде десятичной дроби, округлив по правилам математического округления до 3 знаков после запятой.",Предел с тангенсами,"Вычислить предел произведения тангенсов при x, стремящемся к pi/4.",Мат. анализ,средний
"Вычислить несобственный интеграл: $\displaystyle \int_{-1}^{1} \frac{dx}{\sqrt{1-x^2}}$. Ответ запишите в виде десятичной дроби, округлив по правилам математического округления до 3 знаков после запятой.",Вычисление несобственного интеграла,Вычислить несобственный интеграл от функции 1/sqrt(1-x^2) в пределах от -1 до 1.,Мат. анализ,средний
"Вычислить интеграл: $\displaystyle \int_{0}^{\pi} x \sin x dx$. Ответ запишите в виде десятичной дроби, округлив по правилам математического округления до 3 знаков после запятой.",Вычисление определенного интеграла,Вычислить определенный интеграл функции x*sin(x) от 0 до pi.,Мат. анализ,легкий
"Вычисли $ \displaystyle \lim_{x \rightarrow 0} ((1+x)(1+2x)(1+3x)-1)/x$. Ответ запиши в виде десятичной дроби, округлив по правилам математического округления до 3 знаков после запятой.",Вычисление предела,Найти предел функции при x стремящемся к 0,Мат. анализ,легкий
"Вычисли $ \displaystyle \int_{-2}^1 (2-x-x^2) dx$. Ответ запиши в виде десятичной дроби, округлив по правилам математического округления до 3 знаков после запятой.",Вычисление определённого интеграла,Вычислить определённый интеграл от квадратного трёхчлена.,Мат. анализ,легкий
"Вычислить определитель: \[ \begin{vmatrix} -1 & -2 & 2 \\ -1 & 1 & -1 \\ -3 & -1 & 2 \\ \end{vmatrix} \] Ответ запишите в виде десятичной дроби, округлив по правилам математического округления до 3 знаков после запятой.",Вычисление определителя матрицы 3x3,Вычислить определитель матрицы 3x3.,Линал и геометрия,легкий
"Вычислить $\displaystyle \lim_{n \to \infty} (\sqrt{n^5 - 3n^2 - 14} - \sqrt{n^5 + 5n^2 - 9n}) \cdot n$. Ответ запишите в виде десятичной дроби, округлив по правилам математического округления до 3 знаков после запятой.",Предел с корнями,"Вычислить предел выражения с разностью корней, умноженной на n.",Мат. анализ,средний
"Вычисли $ \displaystyle \int_0^{\infty} \ln\left(\dfrac{1+e^{-x}}{1-e^{-x}}\right)dx$.Ответ запишите в виде десятичной дроби, округлив по правилам математического округления до 3 знаков после запятой.",Вычисление определённого интеграла,Вычислить определённый интеграл от логарифмической функции.,Мат. анализ,средний
"Вычислить $\displaystyle \lim_{n \to \infty} \frac{(1+n)^3 + (1-n)^3}{(1+n)^2 + (1-n)^2}$. Ответ запишите в виде десятичной дроби, округлив по правилам математического округления до 3 знаков после запятой.",Предел отношения многочленов,Вычислить предел отношения многочленов при n стремящемся к бесконечности.,Мат. анализ,легкий
"Найти вероятность, что четырехзначный номер автомобиля имеет все цифры одинаковые. Ответ запишите в виде десятичной дроби, округлив по правилам математического округления до 3 знаков после запятой.",Вероятность одинаковых цифр в четырехзначном номере,"Найти вероятность, что четырехзначный номер автомобиля имеет все цифры одинаковые.",Теор. вер. и статистика,легкий
"Пусть $ N - $ количество троек натуральных чисел $ (a,b,c) $ таких, что $a,b,c \leq 3^6 $ и $ a^3+b^3+c^3 $ делится на $ 3^7. $ Найди остаток от деления $ N $ на 1000.Ответ запишите в виде десятичной дроби, округлив по правилам математического округления до 3 знаков после запятой.","Количество троек чисел, удовлетворяющих условию делимости","Найти количество троек натуральных чисел (a,b,c) таких, что a,b,c <= 3^6 и a^3+b^3+c^3 делится на 3^7. Найти остаток от деления этого количества на 1000.",теория чисел,сложный
"Вычислить интеграл: $\displaystyle \int_{-\sqrt{\pi}}^{\sqrt{\pi}} x \sin x^2 dx$. Ответ запишите в виде десятичной дроби, округлив по правилам математического округления до 3 знаков после запятой.",Вычисление определенного интеграла,Вычислить определенный интеграл от функции $x \sin x^2$ на симметричном интервале.,Мат. анализ,легкий
"Вычисли $ \displaystyle \lim_{x \rightarrow \pi/6}(2\sin^2 x + \sin x - 1)/(2\sin^2 x -3 \sin x +1)$. Ответ запиши в виде десятичной дроби, округлив по правилам математического округления до 3 знаков после запятой.",Вычисление предела функции,"Вычислить предел рациональной функции, содержащей тригонометрические выражения, при x стремящемся к pi/6.",Мат. анализ,средний
"Вычисли $ \displaystyle \lim_{x \rightarrow 0}(\operatorname{sin}5x-\operatorname{sin}3x)/\operatorname{sin}x$. Ответ запиши в виде десятичной дроби, округлив по правилам математического округления до 3 знаков после запятой.",Вычисление предела с тригонометрическими функциями,Вычислить предел отношения разности синусов к синусу при x стремящемся к 0.,Мат. анализ,легкий
"Вычислить $\displaystyle \lim_{n \to \infty} \left(\frac{n^2 + 2n}{n^2 + 2n + 2}\right)^{n^2}$. Ответ запишите в виде десятичной дроби, округлив по правилам математического округления до 3 знаков после запятой.",Вычисление предела с неопределенностью 1 в степени бесконечность,Найти предел функции при n стремящемся к бесконечности,Мат. анализ,средний
"Вычислить $\displaystyle \lim_{n \to \infty} (\sqrt{n^2 + 2n + 2\sin(n + 2)} - \sqrt{n^2 + \sin(n - 3)})$. Ответ запишите в виде десятичной дроби, округлив по правилам математического округления до 3 знаков после запятой.",Предел с квадратными корнями,"Вычислить предел разности квадратных корней, содержащих n и синусы.",Мат. анализ,средний
"Вычисли $ \displaystyle \int_0^{+\infty} \ln\left(\dfrac{1+x^{\pi}}{1+x^e}\right) \cdot \dfrac{dx}{(1+x^2)\ln (x)}$.Ответ запишите в виде десятичной дроби, округлив по правилам математического округления до 3 знаков после запятой.",Вычисление несобственного интеграла с логарифмами,"Вычислить несобственный интеграл от функции, содержащей логарифмы и рациональные выражения.",Мат. анализ,сложный
"Вычислить $\displaystyle \lim_{n \to \infty} \frac{\sqrt{n^2 + \sin(2^n + 1)}}{(\sqrt{n + 1})^2 + (\sqrt{n - 1})^2}$. Ответ запишите в виде десятичной дроби, округлив по правилам математического округления до 3 знаков после запятой.",Предел отношения функций с корнями,Вычислить предел при n стремящемся к бесконечности от отношения функции с корнем и синусом в числителе и суммы квадратов корней в знаменателе.,Мат. анализ,легкий
"Вычислить $\displaystyle \lim_{n \to \infty} \left(\frac{3n + 1}{4n + 5}\right)^n$. Ответ запишите в виде десятичной дроби, округлив по правилам математического округления до 3 знаков после запятой.",Предел последовательности с показателем n,Вычислить предел $\displaystyle \lim_{n \to \infty} \left(\frac{3n + 1}{4n + 5}\right)^n$.,Мат. анализ,средний
"Вычисли $ \displaystyle \lim_{x \rightarrow \pi/4}(1-\operatorname{ctg}^3x)/(2-\operatorname{ctg}x-\operatorname{ctg}^3x)$. Ответ запиши в виде десятичной дроби, округлив по правилам математического округления до 3 знаков после запятой.",Вычисление предела функции,"Вычислить предел функции при x, стремящемся к pi/4",Мат. анализ,средний
"Вычисли $ \displaystyle \lim_{x \rightarrow 0}x \operatorname{ctg}3x$. Ответ запиши в виде десятичной дроби, округлив по правилам математического округления до 3 знаков после запятой.",Вычисление предела с котангенсом,Вычислить предел функции $x \operatorname{ctg}3x$ при $x \rightarrow 0$.,Мат. анализ,легкий
"Вычислить интеграл: $\displaystyle \int_{\frac{\pi}{4}}^{2} \frac{\sin \sqrt{x}}{\sqrt{x}} dx$. Ответ запишите в виде десятичной дроби, округлив по правилам математического округления до 3 знаков после запятой.",Вычисление определенного интеграла с заменой переменной,Вычислить определенный интеграл $\int_{\frac{\pi}{4}}^{2} \frac{\sin \sqrt{x}}{\sqrt{x}} dx$.,Мат. анализ,легкий
"Вычислить несобственный интеграл: $\displaystyle \int_{e}^{+\infty} \frac{dx}{x \ln x}$. Ответ запишите в виде десятичной дроби, округлив по правилам математического округления до 3 знаков после запятой.",Вычисление несобственного интеграла,Вычислить несобственный интеграл от функции 1/(x ln x) от e до бесконечности.,Мат. анализ,легкий
"Вычисли $ \displaystyle \lim_{x \rightarrow -1}(x^3-2x-1)/(x^5-2x-1)$. Ответ запиши в виде десятичной дроби, округлив по правилам математического округления до 3 знаков после запятой.",Вычисление предела функции,"Вычислить предел отношения многочленов при x, стремящемся к -1.",Мат. анализ,легкий
"Вычисли $ \displaystyle \int_0^1 \tan(x) \sqrt{\tan^4(x)+1}dx$.Ответ запишите в виде десятичной дроби, округлив по правилам математического округления до 3 знаков после запятой.",Вычисление определённого интеграла с тангенсом,Вычислить определённый интеграл от произведения тангенса и корня из суммы четвертой степени тангенса и единицы.,Мат. анализ,сложный
"Вычислить $\displaystyle \lim_{n \to \infty} (\sqrt{n^4 + 3n + 7} - \sqrt{n^4 + n + 100})$. Ответ запишите в виде десятичной дроби, округлив по правилам математического округления до 3 знаков после запятой.",Вычисление предела с корнями,Вычислить предел разности корней.,Мат. анализ,средний
"Вычислить определитель: \[ \begin{vmatrix} 6 & 1 & -1 \\ 2 & 3 & 3 \\ 1 & 3 & 4 \\ \end{vmatrix} \] Ответ запишите в виде десятичной дроби, округлив по правилам математического округления до 3 знаков после запятой.",Вычисление определителя матрицы 3x3,Вычислить определитель матрицы 3x3.,Линал и геометрия,легкий
"Вычислить $\displaystyle \lim_{n \to \infty} nq^n$ при $|q| < 1$. Ответ запишите в виде десятичной дроби, округлив по правилам математического округления до 3 знаков после запятой.",Предел произведения n на q в степени n,Вычислить предел nq^n при n стремящемся к бесконечности и |q| < 1.,Мат. анализ,легкий
"На полке в случайном порядке расставлено 40 книг, среди которых находится трехтомник А. С. Пушкина. Найти вероятность, что тома стоят в порядке возрастания слева направо (не обязательно рядом). Ответ запишите в виде десятичной дроби, округлив по правилам математического округления до 3 знаков после запятой.",Вероятность расположения томов Пушкина,"Найти вероятность, что 3 тома из 40 книг стоят в порядке возрастания слева направо.",Теор. вер. и статистика,средний
"Вычислить несобственный интеграл: $\displaystyle \int_{1}^{+\infty} \frac{dx}{x}$. Ответ запишите в виде десятичной дроби, округлив по правилам математического округления до 3 знаков после запятой.",Вычисление несобственного интеграла,Вычислить несобственный интеграл от 1 до бесконечности от функции 1/x.,Мат. анализ,легкий
"Вычисли $ \displaystyle \int_{0.1}^1 \arcsin(x)\cdot \ln(x) dx$.Ответ запишите в виде десятичной дроби, округлив по правилам математического округления до 3 знаков после запятой.",Вычисление определённого интеграла,Вычислить определённый интеграл от произведения arcsin(x) и ln(x).,Мат. анализ,сложный
"Вычислить $\displaystyle \lim_{n \to \infty} \frac{\sqrt{n^3 - 2n + (-1)^n}}{n + \pi^2}$. Ответ запишите в виде десятичной дроби, округлив по правилам математического округления до 3 знаков после запятой.",Предел отношения функций,Вычислить предел отношения функций при n стремящемся к бесконечности.,Мат. анализ,легкий
"Вычислить $\displaystyle \lim_{n \to \infty} \frac{n^4 + 1}{n^2 + 3}$. Ответ запишите в виде десятичной дроби, округлив по правилам математического округления до 3 знаков после запятой.",Предел рациональной функции,"Вычислить предел рациональной функции при n, стремящемся к бесконечности.",Мат. анализ,легкий
"Вычислить $\displaystyle \lim_{n \to \infty} \frac{\sqrt[3]{n^3 + 3\pi n + e^2}}{n^2 + 3n + \ln 10}$. Ответ запишите в виде десятичной дроби, округлив по правилам математического округления до 3 знаков после запятой.",Предел отношения многочленов под корнем,"Вычислить предел при n стремящемся к бесконечности для дроби, где в числителе корень кубический из многочлена, а в знаменателе многочлен.",Мат. анализ,легкий
"Вычисли $ \displaystyle \int_0^1 x/(3x^2+1)^2 dx$. Ответ запиши в виде десятичной дроби, округлив по правилам математического округления до 3 знаков после запятой.",Вычисление определённого интеграла,Вычислить определённый интеграл от рациональной функции,Мат. анализ,легкий
"Вычисли $ \displaystyle \int_1^3 (x+1)^2 dx$. Ответ запиши в виде десятичной дроби, округлив по правилам математического округления до 3 знаков после запятой.",Вычисление определенного интеграла,"Вычислить определенный интеграл от функции (x+1)^2 на отрезке [1, 3].",Мат. анализ,легкий
"Двенадцать букв $ A,B,C,D,E,F,G,H,I,J,K,L $ случайным образом разбиваются на шесть пар. Две буквы в каждой паре ставятся рядом в алфавитном порядке, образуя шестибуквенные слова, и эти шесть слов перечисляются в алфавитном порядке. Например, $ AB, CJ,DG,EK,FL,HI. $ Вероятность того, что последнее слово в спмске содержит $ G, $ равна $ \dfrac{m}{n}, $ где $m $ и $ n - $взаимно простые положительные целые числа. Найди $ m+n.$Ответ запишите в виде десятичной дроби, округлив по правилам математического округления до 3 знаков после запятой.",Вероятность наличия G в последнем слове,"Двенадцать букв разбиваются на шесть пар. Две буквы в каждой паре ставятся рядом в алфавитном порядке, образуя шестибуквенные слова, и эти шесть слов перечисляются в алфавитном порядке. Найдите вероятность того, что последнее слово в списке содержит G.",Теор. вер. и статистика,сложный
"Брошены две игральные кости. Найти вероятность суммы $\geq 9$. Ответ запишите в виде десятичной дроби, округлив по правилам математического округления до 3 знаков после запятой.",Вероятность суммы при броске двух игральных костей,"Найти вероятность того, что сумма очков на двух игральных костях будет не менее 9.",Теор. вер. и статистика,легкий
"Указать такие $N$, начиная с которых можно гарантировать выполнение неравенства $|a_n| < \varepsilon$ при $a_n = \frac{1}{n^2 + 7n + 1}$ и $\varepsilon = 0.1$. Ответ запишите в виде десятичной дроби, округлив по правилам математического округления до 3 знаков после запятой.",Нахождение N для заданного эпсилон,"Найти N, при котором последовательность $a_n = \frac{1}{n^2 + 7n + 1}$ удовлетворяет $|a_n| < \varepsilon$ для $\varepsilon = 0.1$.",Мат. анализ,легкий
"Вычисли $ \displaystyle \int_0^1 \dfrac{dx}{\sqrt{-\ln(x)}}$.Ответ запишите в виде десятичной дроби, округлив по правилам математического округления до 3 знаков после запятой.",Вычисление определенного интеграла с логарифмом,Вычислить определенный интеграл от 0 до 1 функции 1/sqrt(-ln(x)).,Мат. анализ,средний
"Вычисли $ \displaystyle \lim_{x \rightarrow 2}(x^3-2x^2-4x+8)/(x^4-8x^2+16)$. Ответ запиши в виде десятичной дроби, округлив по правилам математического округления до 3 знаков после запятой.",Вычисление предела рациональной функции,"Вычислить предел рациональной функции при x, стремящемся к 2.",Мат. анализ,средний
"Вычислить $\displaystyle \lim_{n \to \infty} \frac{\sqrt{n^2 - \cos(2^n - 1)}}{(\sqrt{n + \sin n})^2 + (\sqrt{n - \sin n})^2}$. Ответ запишите в виде десятичной дроби, округлив по правилам математического округления до 3 знаков после запятой.",Вычисление предела последовательности,"Вычислить предел последовательности, содержащей корни и тригонометрические функции.",Мат. анализ,средний
"Вычисли $ \displaystyle \lim_{n \rightarrow \infty} \sin^n(2\pi n/(3n+1))$. Ответ запиши в виде десятичной дроби, округлив по правилам математического округления до 3 знаков после запятой.",Предел последовательности с синусом,Вычислить предел последовательности $\lim_{n \rightarrow \infty} \sin^n(2\pi n/(3n+1))$,Мат. анализ,средний
"Для всех действительных $x$ и $y$ выполняется равенство $f(x^2 + y) = f(x) + f(y^2)$. Найдите $f(-1)$. Ответ запишите в виде десятичной дроби, округлив по правилам математического округления до 3 знаков после запятой.",Функциональное уравнение,"Найти значение функции в точке, заданной функциональным уравнением.",Мат. анализ,сложный
"Вычислить определитель: \[ \begin{vmatrix} -7 & 4 & 2 \\ -7 & 3 & 2 \\ -3 & 1 & 1 \\ \end{vmatrix} \] Ответ запишите в виде десятичной дроби, округлив по правилам математического округления до 3 знаков после запятой.",Вычисление определителя 3x3,Вычислить определитель матрицы 3x3.,Линал и геометрия,легкий
"Задано правило, которое каждой паре чисел $x, y$ ставит в соответствие некоторое число $x*y$, причём для любых $x, y, z$ выполняются тождества: 1) $x*x = 0$, 2) $x*y(x*z) = (x*y)*2 + z$. Найдите $1993*1932$. Ответ запишите в виде десятичной дроби, округлив по правилам математического округления до 3 знаков после запятой.",Операция с двумя тождествами,Даны два тождества для операции $x*y$. Найти значение $1993*1932$.,Дискретная математика,сложный
"Докажите: если оператор диагонализируем, то его минимальный многочлен не имеет кратных корней.",Связь диагонализируемости и минимального многочлена,"Доказать, что диагонализируемый оператор имеет минимальный многочлен без кратных корней.",Линал и геометрия,средний
"Вычисли $ \displaystyle \lim_{x \rightarrow 8}(\sqrt{9+2x}-5)/(\sqrt[3]{x}-2)$. Ответ запиши в виде десятичной дроби, округлив по правилам математического округления до 3 знаков после запятой.",Вычисление предела функции,Вычислить предел функции при x стремящемся к 8.,Мат. анализ,средний
Пусть \(1\le p\le\infty\). Требуется установить полноту \( \ell^p \).,Полнота пространств Lp,Установить полноту пространств \( \ell^p \) при \( 1 \le p \le \infty \).,функ. анализ,сложный
"Вычисли $ \displaystyle \lim_{x \rightarrow -1}(x^3-2x-1)/(x^5-2x-1)$. Ответ запиши в виде десятичной дроби, округлив по правилам математического округления до 3 знаков после запятой.",Вычисление предела функции,Вычислить предел отношения многочленов при x стремящемся к -1.,Мат. анализ,легкий
"Вычисли $ \displaystyle \lim_{x \rightarrow 8}(\sqrt{9+2x}-5)/(\sqrt[3]{x}-2)$. Ответ запиши в виде десятичной дроби, округлив по правилам математического округления до 3 знаков после запятой.",Вычисление предела функции,Вычислить предел функции при x стремящемся к 8.,Мат. анализ,средний
"Вычислить интеграл: $\displaystyle \int_{0}^{\pi/2} \cos^3 x dx$. Ответ запишите в виде десятичной дроби, округлив по правилам математического округления до 3 знаков после запятой.",Вычисление определенного интеграла от тригонометрической функции,Вычислить интеграл от косинуса в кубе на отрезке от 0 до \pi/2.,Мат. анализ,легкий
"Вычисли $ \displaystyle \lim_{x \rightarrow 0} (1-\cos x\sqrt{\cos 2x}\sqrt[3]{\cos 3x})/x^2$. Ответ запиши в виде десятичной дроби, округлив по правилам математического округления до 3 знаков после запятой.",Предел с косинусами,"Вычислить предел функции при x, стремящемся к 0, содержащей произведение косинусов.",Мат. анализ,средний
"Вычислить несобственный интеграл: $\displaystyle \int_{-\infty}^{+\infty} \frac{dx}{1+x^2}$. Ответ запишите в виде десятичной дроби, округлив по правилам математического округления до 3 знаков после запятой.",Вычисление несобственного интеграла,Вычислить несобственный интеграл от 1/(1+x^2) от минус бесконечности до плюс бесконечности.,Мат. анализ,легкий
Пусть \(A\in M_{m\times n}(\mathbb{R})\). Требуется обосновать равенство \( \mathcal{N}(A) = \mathcal{R}(A^T)^\perp\).,Ядро и ортогональное дополнение образа транспонированной матрицы,"Доказать, что ядро матрицы A равно ортогональному дополнению образа транспонированной матрицы A^T.",Линал и геометрия,средний
"Найди сумму всех целых оснований $ b > 9, $ для которых $ 17_b $ является делителем $ 97_b.$Ответ запишите в виде десятичной дроби, округлив по правилам математического округления до 3 знаков после запятой.","Сумма оснований, при которых одно число в системе счисления делит другое","Найдите сумму всех целых оснований $ b > 9, $ для которых $ 17_b $ является делителем $ 97_b.$",теория чисел,средний
"Вычисли $ \displaystyle \lim_{x \rightarrow 0}(\sqrt{1+x}-\sqrt{1-x})/(\sqrt[3]{1+x}-\sqrt[3]{1-x})$. Ответ запиши в виде десятичной дроби, округлив по правилам математического округления до 3 знаков после запятой.",Вычисление предела функции,"Вычислить предел функции при x, стремящемся к 0.",Мат. анализ,средний
Постройте моментную оценку для параметра λ в экспоненциальной модели и докажите её состоятельность.,Моментная оценка параметра экспоненциального распределения,Построение и доказательство состоятельности моментной оценки для параметра λ экспоненциальной модели.,Теор. вер. и статистика,средний
"Вычислить $\displaystyle \lim_{n \to \infty} \frac{\sqrt[3]{n^3 - 2n}}{n + 2}$. Ответ запишите в виде десятичной дроби, округлив по правилам математического округления до 3 знаков после запятой.",Предел отношения функций с корнем,Вычислить предел $\displaystyle \lim_{n \to \infty} \frac{\sqrt[3]{n^3 - 2n}}{n + 2}$.,Мат. анализ,легкий
"Вычисли $ \displaystyle \int_0^2 (2x-1)/(2x+1) dx$. Ответ запиши в виде десятичной дроби, округлив по правилам математического округления до 3 знаков после запятой.",Вычисление определённого интеграла,Вычислить определённый интеграл от рациональной функции.,Мат. анализ,легкий
"Найдите сумму ряда: $\displaystyle \frac{1}{1 \cdot 2} + \frac{1}{2 \cdot 3} + \frac{1}{3 \cdot 4} + \frac{1}{4 \cdot 5} + \ldots$. Ответ запишите в виде десятичной дроби, округлив по правилам математического округления до 3 знаков после запятой.",Сумма телескопического ряда,Найти сумму ряда $\sum_{n=1}^{\infty} \frac{1}{n(n+1)}$,Мат. анализ,легкий
"Вычислить несобственный интеграл: $\displaystyle \int_{-\infty}^{+\infty} \frac{dx}{1+x^2}$. Ответ запишите в виде десятичной дроби, округлив по правилам математического округления до 3 знаков после запятой.",Вычисление несобственного интеграла,Вычислить несобственный интеграл от функции 1/(1+x^2) от минус бесконечности до плюс бесконечности.,Мат. анализ,легкий
"Рассмотрим \(f\in C^{n+1}([a,b])\). Требуется установить формулу Тейлора с остатком Лагранжа: \(f(x)=\sum_{k=0}^n \frac{f^{(k)}(x_0)}{k!}(x-x_0)^k+\frac{f^{(n+1)}(\xi)}{(n+1)!}(x-x_0)^{n+1}\).",Формула Тейлора с остатком Лагранжа,Установить формулу Тейлора с остаточным членом в форме Лагранжа для функции класса C^(n+1).,Мат. анализ,средний
"Вычисли $ \displaystyle \int_1^2 (x^2+1/x + 1/x^3) dx$. Ответ запиши в виде десятичной дроби, округлив по правилам математического округления до 3 знаков после запятой.",Вычисление определённого интеграла,Вычислить определённый интеграл от многочлена и степенных функций.,Мат. анализ,легкий
"Докажите признак Дирихле для рядов: если частичные суммы A_n=∑_{k=1}^n a_k ограничены, а b_n монотонно → 0, то ∑ a_n b_n сходится.",Признак Дирихле для сходимости рядов,"Доказать признак Дирихле для рядов: если частичные суммы ряда a_k ограничены, а b_n монотонно стремится к нулю, то ряд a_n b_n сходится.",Мат. анализ,средний
"Вычисли $ \displaystyle \lim_{x \rightarrow \pi/3}(\operatorname{tg}^3x-3\operatorname{tg}x)/\cos(x+\pi/6)$. Ответ запиши в виде десятичной дроби, округлив по правилам математического округления до 3 знаков после запятой.",Вычисление предела с тригонометрическими функциями,Вычислить предел функции при x стремящемся к pi/3,Мат. анализ,средний
"Вычисли $ \displaystyle \lim_{n \rightarrow \infty} (1/(1*2)+1/(2*3)+...+1/(n*(n+1))$. Ответ запиши в виде десятичной дроби, округлив по правилам математического округления до 3 знаков после запятой.",Предел суммы ряда,Вычислить предел суммы ряда $1/(1*2)+1/(2*3)+...+1/(n*(n+1))$ при $n \rightarrow \infty$.,Мат. анализ,легкий
"Вычисли $ \displaystyle \lim_{x \rightarrow -2}(\sqrt[3]{x-6}+2)/(x^3+8)$. Ответ запиши в виде десятичной дроби, округлив по правилам математического округления до 3 знаков после запятой.",Вычисление предела с кубическим корнем,Вычислить предел функции при x стремящемся к -2.,Мат. анализ,средний
"Вычисли $ \displaystyle \lim_{x \rightarrow 0} x^2/(\sqrt{1+x\sin x}-\sqrt{\cos x})$. Ответ запиши в виде десятичной дроби, округлив по правилам математического округления до 3 знаков после запятой.",Вычисление предела с неопределенностью,"Вычислить предел функции при x, стремящемся к 0.",Мат. анализ,средний
"Пусть $a$ — положительный корень уравнения $x^{2017} - x - 1 = 0$, а $b$ — положительный корень уравнения $y^{4034} - y = 3a$. Найдите десятый знак после запятой числа $|a - b|$. Ответ запишите в виде десятичной дроби, округлив по правилам математического округления до 3 знаков после запятой.",Вычисление разности корней уравнений,"Найти десятый знак после запятой числа |a - b|, где a и b - корни заданных уравнений.",Мат. анализ,сложный
"Вычислить интеграл: $\displaystyle \int_{0}^{12} \frac{x}{\sqrt{2x+1}} dx$. Ответ запишите в виде десятичной дроби, округлив по правилам математического округления до 3 знаков после запятой.",Вычисление определенного интеграла,Вычислить определенный интеграл функции с корнем,Мат. анализ,средний
"Найти вероятность, что четырехзначный номер автомобиля имеет две пары одинаковых цифр. Ответ запишите в виде десятичной дроби, округлив по правилам математического округления до 3 знаков после запятой.",Вероятность четырехзначного номера с двумя парами одинаковых цифр,"Найти вероятность, что четырехзначный номер автомобиля имеет две пары одинаковых цифр.",Теор. вер. и статистика,средний
Докажите неравенство Минковского: \(\|f+g\|_{L^p}\le \|f\|_{L^p}+\|g\|_{L^p}\) для \(1\le p\le\infty\).,Неравенство Минковского,Доказать неравенство Минковского для норм в L^p пространствах.,функ. анализ,сложный
"Докажите: если ряд ∑ a_n с a_n≥0 сходится, то a_n→0.",Сходимость ряда и стремление общего члена к нулю,"Доказать, что если ряд с неотрицательными членами сходится, то его общий член стремится к нулю.",Мат. анализ,легкий
"Пусть $a$ — положительный корень уравнения $x^{2017} - x - 1 = 0$, а $b$ — положительный корень уравнения $y^{4034} - y = 3a$. Найдите десятый знак после запятой числа $|a - b|$. Ответ запишите в виде десятичной дроби, округлив по правилам математического округления до 3 знаков после запятой.",Вычисление разности корней уравнений,"Найти десятый знак после запятой числа |a - b|, где a и b - корни заданных уравнений.",Мат. анализ,сложный
"Вычисли $ \displaystyle \lim_{n \rightarrow \infty} 10000n/(n^2+1)$. Ответ запиши в виде десятичной дроби, округлив по правилам математического округления до 3 знаков после запятой.",Вычисление предела функции,Вычислить предел функции при n стремящемся к бесконечности,Мат. анализ,легкий
"Пусть \(X_1,\dots,X_n\) и матрица дизайна \(X\) полного столбцового ранга. Требуется установить существование и форму МНК-оценки \(\hat\beta=(X^TX)^{-1}X^Ty\) как решения условия ортогональности остатков.",Существование и форма МНК-оценки,Установить существование и форму МНК-оценки как решения условия ортогональности остатков.,Теор. вер. и статистика,средний
"Вычисли $ \displaystyle \lim_{x \rightarrow \pi/6}(2\sin^2 x + \sin x - 1)/(2\sin^2 x -3 \sin x +1)$. Ответ запиши в виде десятичной дроби, округлив по правилам математического округления до 3 знаков после запятой.",Вычисление предела функции с неопределенностью 0/0,Вычислить предел функции при x стремящемся к pi/6.,Мат. анализ,легкий
Пусть \(A\) — нормальная. Требуется установить формулу Гельфанда: \(\rho(A)=\lim_{k\to\infty}\|A^k\|^{1/k}\) для любой индуцированной нормы.,Формула Гельфанда для нормальных операторов,Доказать формулу Гельфанда для нормальных операторов.,функ. анализ,сложный
"Пусть \(f\in L^1([0,1])\) и \(S_N(x)=\sum_{k=-N}^N \hat f(k)e^{ikx}\). Требуется установить \(\|S_N\|_{L^1}\) ограниченность и \( \hat f(k)\to 0\).",Ограниченность частичных сумм и стремление коэффициентов Фурье к нулю,Доказать ограниченность нормы частичных сумм Фурье и стремление коэффициентов Фурье к нулю для функции из L1.,Мат. анализ,сложный
"Вычислить интеграл: $\displaystyle \int_{2}^{3} e^{x^2} dx$. Ответ запишите в виде десятичной дроби, округлив по правилам математического округления до 3 знаков после запятой.",Вычисление определённого интеграла,Вычислить определённый интеграл от $e^{x^2}$ на заданном интервале.,Мат. анализ,сложный
"Вычисли $ \displaystyle \int_{-1}^0 (2x^2-x+7)/(x+3) dx$. Ответ запиши в виде десятичной дроби, округлив по правилам математического округления до 3 знаков после запятой.",Вычисление определенного интеграла,Вычислить определенный интеграл от рациональной функции.,Мат. анализ,легкий
Пусть \(A\in M_{m\times n}(\mathbb{R})\). Требуется обосновать равенство \( \mathcal{N}(A) = \mathcal{R}(A^T)^\perp\).,Ядро матрицы и ортогональное дополнение образа транспонированной матрицы,Обосновать равенство ядра матрицы и ортогонального дополнения образа транспонированной матрицы.,Линал и геометрия,средний
"Пусть $a$ — положительный корень уравнения $x^{2017} - x - 1 = 0$, а $b$ — положительный корень уравнения $y^{4034} - y = 3a$. Найдите десятый знак после запятой числа $|a - b|$. Ответ запишите в виде десятичной дроби, округлив по правилам математического округления до 3 знаков после запятой.",Вычисление разности корней уравнений,"Найти десятый знак после запятой числа |a - b|, где a и b - корни заданных уравнений.",Мат. анализ,сложный
"Пусть \(X\sim \mathcal{N}(\mu,\sigma^2)\). Требуется получить характеристическую функцию \(\varphi_X(t)=\mathbb{E}e^{itX}=e^{it\mu-\frac12\sigma^2 t^2}\).",Характеристическая функция нормального распределения,Вывод характеристической функции нормального распределения,Теор. вер. и статистика,средний
"Брошено три монеты. Найти вероятность, что первая монета выпала «гербом» вверх. Ответ запишите в виде десятичной дроби, округлив по правилам математического округления до 3 знаков после запятой.",Вероятность выпадения герба на первой монете,Найти вероятность выпадения герба на первой из трех брошенных монет.,Теор. вер. и статистика,легкий
"Найди сумму всех целых оснований $ b > 9, $ для которых $ 17_b $ является делителем $ 97_b.$Ответ запишите в виде десятичной дроби, округлив по правилам математического округления до 3 знаков после запятой.",Сумма оснований,"Найти сумму целых оснований b > 9, для которых 17_b является делителем 97_b.",теория чисел,средний
"Вычисли $ \displaystyle \lim_{n \rightarrow \infty}(1/2+3/4+...+(2n-1))/2^n)$. Ответ запиши в виде десятичной дроби, округлив по правилам математического округления до 3 знаков после запятой.",Предел суммы ряда,Вычислить предел суммы ряда при n стремящемся к бесконечности.,Мат. анализ,средний
Докажите неравенство Маркова: для X≥0 и a>0 верно P(X≥a)≤E[X]/a.,Доказательство неравенства Маркова,Доказать P(X≥a)≤E[X]/a для X≥0 и a>0.,Теор. вер. и статистика,средний
"Вычислить интеграл: $\displaystyle \int_{0}^{\pi/2} \cos^3 x dx$. Ответ запишите в виде десятичной дроби, округлив по правилам математического округления до 3 знаков после запятой.",Вычисление определенного интеграла от степенной функции косинуса,"Вычислить определенный интеграл от $\cos^3 x$ на отрезке $[0, \pi/2]$.",Мат. анализ,легкий
"Вычислить несобственный интеграл: $\displaystyle \int_{-\infty}^{+\infty} \frac{dx}{1+x^2}$. Ответ запишите в виде десятичной дроби, округлив по правилам математического округления до 3 знаков после запятой.",Вычисление несобственного интеграла от 1/(1+x^2),Вычислить несобственный интеграл от функции 1/(1+x^2) от минус бесконечности до плюс бесконечности.,Мат. анализ,легкий
"Вычисли $ \displaystyle \lim_{x \rightarrow 0}(\sqrt{1+x}-\sqrt{1-x})/(\sqrt[3]{1+x}-\sqrt[3]{1-x})$. Ответ запиши в виде десятичной дроби, округлив по правилам математического округления до 3 знаков после запятой.",Вычисление предела с корнями,Вычислить предел функции при x стремящемся к 0.,Мат. анализ,средний
"Вычисли $ \displaystyle \int_0^1 \sqrt{\tan^2(x)+2\tan(x)+2}dx$.Ответ запишите в виде десятичной дроби, округлив по правилам математического округления до 3 знаков после запятой.",Вычисление определённого интеграла с тангенсом,Вычислить определённый интеграл от корня из квадратного трёхчлена от тангенса.,Мат. анализ,средний
"Докажите: если оператор диагонализируем, то его минимальный многочлен не имеет кратных корней.",Минимальный многочлен диагонализируемого оператора,"Доказать, что если оператор диагонализируем, то его минимальный многочлен не имеет кратных корней.",Линал и геометрия,сложный
"Пусть \(f\in C([a,b]\times[c,d])\). Требуется обосновать \(\int_a^b\int_c^d f=\int_c^d\int_a^b f\).",Теорема Фубини для непрерывных функций,Доказать равенство повторных интегралов для непрерывной функции двух переменных.,Мат. анализ,средний
"Найдите рациональные корни многочлена: $x^5 + x^4 - 6x^3 - 14x^2 - 11x - 3$. Ответы запишите в виде десятичной дроби, округлив по правилам математического округления до 3 знаков после запятой, по возрастанию.",Поиск рациональных корней многочлена,Найти рациональные корни многочлена пятой степени.,Дискретная математика,средний
"Докажите: если ряд Фурье непрерывной 2π-периодической функции имеет коэффициенты, стремящиеся к 0, то это необходимо (лемма Римана–Лебега).",Лемма Римана-Лебега для ряда Фурье,"Доказать, что коэффициенты Фурье непрерывной 2π-периодической функции стремятся к нулю.",Мат. анализ,средний
"Вычисли $ \displaystyle \lim_{x \rightarrow 1}(1-x)\operatorname{tg}(\pi x/2)$. Ответ запиши в виде десятичной дроби, округлив по правилам математического округления до 3 знаков после запятой.",Вычисление предела с тангенсом,Вычислить предел функции $(1-x)\operatorname{tg}(\pi x/2)$ при $x \rightarrow 1$.,Мат. анализ,средний
"Вычисли $ \displaystyle \lim_{x \rightarrow \pi/3}\sin(x-\pi/3)/(1-2\cos x)$. Ответ запиши в виде десятичной дроби, округлив по правилам математического округления до 3 знаков после запятой.",Вычисление предела функции,Вычислить предел функции $\sin(x-\pi/3)/(1-2\cos x)$ при $x \rightarrow \pi/3$.,Мат. анализ,средний
"Вычисли $ \displaystyle \lim_{x \rightarrow 0}(\sqrt[3]{8+3x-x^2}-2)/(x+x^2)$. Ответ запиши в виде десятичной дроби, округлив по правилам математического округления до 3 знаков после запятой.",Вычисление предела функции,Вычислить предел функции при x стремящемся к 0.,Мат. анализ,средний
Докажите неравенство Минковского: \(\|f+g\|_{L^p}\le \|f\|_{L^p}+\|g\|_{L^p}\) для \(1\le p\le\infty\).,Неравенство Минковского,Доказать неравенство Минковского для норм в L^p пространствах.,функ. анализ,сложный
"Вычисли $ \displaystyle \lim_{x \rightarrow 1} (x^2-1)/(2x^2-x-1)$. Ответ запиши в виде десятичной дроби, округлив по правилам математического округления до 3 знаков после запятой.",Вычисление предела функции,"Вычислить предел рациональной функции при x, стремящемся к 1.",Мат. анализ,легкий
"Рассмотрим \(f\in C^{n+1}([a,b])\). Требуется установить формулу Тейлора с остатком Лагранжа: \(f(x)=\sum_{k=0}^n \frac{f^{(k)}(x_0)}{k!}(x-x_0)^k+\frac{f^{(n+1)}(\xi)}{(n+1)!}(x-x_0)^{n+1}\).",Формула Тейлора с остатком Лагранжа,Доказать формулу Тейлора с остаточным членом в форме Лагранжа для функции класса C^(n+1).,Мат. анализ,средний
"Из букв А, А, М, М наугад составляют слово. Найти вероятность получить ""МАМА"". Ответ запишите в виде десятичной дроби, округлив по правилам математического округления до 3 знаков после запятой.",Вероятность составить слово,"Найти вероятность составить слово 'МАМА' из букв А, А, М, М.",Теор. вер. и статистика,легкий
"Найти вероятность правильно угадать 2 последние разные нечетные цифры номера. Ответ запишите в виде десятичной дроби, округлив по правилам математического округления до 3 знаков после запятой.",Вероятность угадать две последние разные нечетные цифры,Найти вероятность правильно угадать 2 последние разные нечетные цифры номера.,Теор. вер. и статистика,легкий
"Вычислить $\displaystyle \lim_{n \to \infty} \frac{3^{n+1} + 2^{n+1}}{5^n + 1 + 2^n}$. Ответ запишите в виде десятичной дроби, округлив по правилам математического округления до 3 знаков после запятой.",Предел отношения степенных функций,Вычислить предел отношения $3^{n+1} + 2^{n+1}$ к $5^n + 1 + 2^n$ при $n \to \infty$.,Мат. анализ,легкий
"Докажите теорему Слуцкого: если \(X_n\Rightarrow X\) и \(Y_n\to c\) по вероятности, то \(X_n+Y_n\Rightarrow X+c\) и \(X_nY_n\Rightarrow cX\).",Теорема Слуцкого,Доказать теорему Слуцкого о сходимости случайных величин.,Теор. вер. и статистика,сложный
"Вычислить интеграл: $\displaystyle \int_{0}^{\sqrt{\pi}} x \cos x^2 dx$. Ответ запишите в виде десятичной дроби, округлив по правилам математического округления до 3 знаков после запятой.",Вычисление определенного интеграла методом замены переменной,Вычислить определенный интеграл от функции x cos(x^2) в пределах от 0 до корня из пи.,Мат. анализ,легкий
"Вычисли $ \displaystyle \lim_{x \rightarrow +\infty} \sin{\sqrt{x+1}} - \sin{\sqrt{x}}$. Ответ запиши в виде десятичной дроби, округлив по правилам математического округления до 3 знаков после запятой.",Предел разности синусов,Вычислить предел $\lim_{x \rightarrow +\infty} (\sin{\sqrt{x+1}} - \sin{\sqrt{x}})$,Мат. анализ,средний
Докажите неравенство Минковского: \(\|f+g\|_{L^p}\le \|f\|_{L^p}+\|g\|_{L^p}\) для \(1\le p\le\infty\).,Неравенство Минковского,Доказать неравенство Минковского для норм в L^p пространствах,функ. анализ,сложный
"Вычислить $\displaystyle \lim_{n \to \infty} \frac{n^2 + n \sin(2^n + n)}{(n - 1)^3 - (n + 1)^3}$. Ответ запишите в виде десятичной дроби, округлив по правилам математического округления до 3 знаков после запятой.",Предел отношения многочленов с синусом,"Вычислить предел отношения выражений, содержащих n^2, n*sin и разность кубов.",Мат. анализ,средний
"Вычисли $ \displaystyle \lim_{x \rightarrow \infty} ((x^2-1)/(x^2+1))^{(x-1)/(x+1)} $. Ответ запиши в виде десятичной дроби, округлив по правилам математического округления до 3 знаков после запятой.",Вычисление предела функции,Найти предел функции при x стремящемся к бесконечности.,Мат. анализ,средний
"Вычислить $\displaystyle \lim_{n \to \infty} \frac{\cos (n^2 - 1)}{2^n}$. Ответ запишите в виде десятичной дроби, округлив по правилам математического округления до 3 знаков после запятой.",Предел отношения косинуса к показательной функции,Вычислить предел $\displaystyle \lim_{n \to \infty} \frac{\cos (n^2 - 1)}{2^n}$.,Мат. анализ,легкий
"Пусть $ N - $ количество троек натуральных чисел $ (a,b,c) $ таких, что $a,b,c \leq 3^6 $ и $ a^3+b^3+c^3 $ делится на $ 3^7. $ Найди остаток от деления $ N $ на 1000.Ответ запишите в виде десятичной дроби, округлив по правилам математического округления до 3 знаков после запятой.","Количество троек чисел, удовлетворяющих условию делимости","Найти количество троек натуральных чисел (a,b,c) таких, что a,b,c <= 3^6 и a^3+b^3+c^3 делится на 3^7, и остаток от деления этого количества на 1000.",теория чисел,сложный
"Найти вероятность, что четырехзначный номер автомобиля имеет две пары одинаковых цифр. Ответ запишите в виде десятичной дроби, округлив по правилам математического округления до 3 знаков после запятой.",Вероятность четырехзначного номера с двумя парами одинаковых цифр,"Найти вероятность, что четырехзначный номер автомобиля имеет две пары одинаковых цифр.",Теор. вер. и статистика,средний
"Вычисли $ \displaystyle \lim_{x \rightarrow 0}\operatorname{tg}x/x$. Ответ запиши в виде десятичной дроби, округлив по правилам математического округления до 3 знаков после запятой.",Предел отношения тангенса к аргументу,Вычислить предел $\lim_{x \rightarrow 0}\operatorname{tg}x/x$.,Мат. анализ,легкий
Докажите неравенство Минковского: \(\|f+g\|_{L^p}\le \|f\|_{L^p}+\|g\|_{L^p}\) для \(1\le p\le\infty\).,Неравенство Минковского,Доказать неравенство Минковского для норм в L^p пространстве.,функ. анализ,сложный
"Брошены две игральные кости. Найти вероятность суммы $\geq 9$. Ответ запишите в виде десятичной дроби, округлив по правилам математического округления до 3 знаков после запятой.",Вероятность суммы при броске двух костей,Найти вероятность суммы очков не менее 9 при броске двух игральных костей.,Теор. вер. и статистика,легкий
"Брошено три монеты. Найти вероятность, что первая монета выпала «гербом» вверх. Ответ запишите в виде десятичной дроби, округлив по правилам математического округления до 3 знаков после запятой.",Вероятность выпадения герба на первой монете,Найти вероятность выпадения герба на первой из трех брошенных монет.,Теор. вер. и статистика,легкий
"Вычислить $\displaystyle \lim_{n \to \infty} (\sqrt{n^6 + 3n^4 + n^3 + 1} - \sqrt{n^6 + 3n^4 + 2n^3 + 5})$. Ответ запишите в виде десятичной дроби, округлив по правилам математического округления до 3 знаков после запятой.",Предел с корнями,Вычислить предел разности корней.,Мат. анализ,средний
"Вычисли $ \displaystyle \lim_{x \rightarrow \pi/6}(2\sin^2 x + \sin x - 1)/(2\sin^2 x -3 \sin x +1)$. Ответ запиши в виде десятичной дроби, округлив по правилам математического округления до 3 знаков после запятой.",Вычисление предела функции,"Вычислить предел рациональной функции, содержащей синус, при x стремящемся к pi/6.",Мат. анализ,средний
"Вычислить интеграл: $\displaystyle \int_{0}^{\pi/2} \cos^3 x dx$. Ответ запишите в виде десятичной дроби, округлив по правилам математического округления до 3 знаков после запятой.",Вычисление определенного интеграла от степенной функции,"Вычислить определенный интеграл от cos^3 x на отрезке [0, pi/2].",Мат. анализ,легкий
"Пусть \(P\in M_n(\mathbb{F})\) удовлетворяет \(P^2=P\). Требуется вывести, что спектр \(P\subset\{0,1\}\).",Спектр проектора,"Доказать, что собственные значения матрицы P, удовлетворяющей P^2=P, равны 0 или 1.",Линал и геометрия,средний
"Вычисли $ \displaystyle \lim_{x \rightarrow \infty} ((x-1)(x-2)(x-3)(x-4)(x-5))/(5x-1)^5$. Ответ запиши в виде десятичной дроби, округлив по правилам математического округления до 5 знаков после запятой.",Предел рациональной функции,Вычислить предел при x стремящемся к бесконечности для рациональной функции вида ((x-1)(x-2)(x-3)(x-4)(x-5))/(5x-1)^5.,Мат. анализ,легкий
"Вычисли $ \displaystyle \lim_{x \rightarrow +\infty}\sqrt{x+\sqrt{x+\sqrt{x}}}-\sqrt{x}$. Ответ запиши в виде десятичной дроби, округлив по правилам математического округления до 3 знаков после запятой.",Предел с корнями,"Вычислить предел функции с корнями при x, стремящемся к бесконечности.",Мат. анализ,средний
Докажите: непрерывная функция на компактном множестве равномерно непрерывна.,Теорема Кантора о равномерной непрерывности,"Доказать, что непрерывная функция на компактном множестве равномерно непрерывна.",Мат. анализ,сложный
"Дан ортогональный проектор \(P=P^T=P^2\). Требуется показать, что \(\mathrm{tr}\,P=\mathrm{rank}\,P\).",След и ранг ортогонального проектора,"Доказать, что след ортогонального проектора равен его рангу.",Линал и геометрия,средний
"Вычисли $ \displaystyle \lim_{x \rightarrow \pi/3}\sin(x-\pi/3)/(1-2\cos x)$. Ответ запиши в виде десятичной дроби, округлив по правилам математического округления до 3 знаков после запятой.",Вычисление предела с неопределенностью,Вычислить предел функции при x стремящемся к pi/3.,Мат. анализ,средний
Докажите: матожидание геометрической величины с параметром p равно 1/p.,Матожидание геометрического распределения,"Доказать, что математическое ожидание геометрической случайной величины с параметром p равно 1/p.",Теор. вер. и статистика,средний
"Вычисли $ \displaystyle \lim_{x \rightarrow 1} (x^2-1)/(2x^2-x-1)$. Ответ запиши в виде десятичной дроби, округлив по правилам математического округления до 3 знаков после запятой.",Вычисление предела функции,Вычислить предел функции при x стремящемся к 1.,Мат. анализ,легкий
"Найти вероятность, что четырехзначный номер автомобиля имеет две пары одинаковых цифр. Ответ запишите в виде десятичной дроби, округлив по правилам математического округления до 3 знаков после запятой.",Вероятность четырехзначного номера с двумя парами одинаковых цифр,"Найти вероятность, что четырехзначный номер автомобиля имеет две пары одинаковых цифр.",Теор. вер. и статистика,средний
"Найдите рациональные корни многочлена: $x^5 - 2x^4 - 4x^3 + 4x^2 - 5x + 6$. Ответы запишите в виде десятичной дроби, округлив по правилам математического округления до 3 знаков после запятой, по возрастанию.",Поиск рациональных корней многочлена,Найти рациональные корни многочлена $x^5 - 2x^4 - 4x^3 + 4x^2 - 5x + 6$.,Дискретная математика,средний
"Вычислить интеграл: $\displaystyle \int_{0}^{\sqrt{\pi}} x \cos x^2 dx$. Ответ запишите в виде десятичной дроби, округлив по правилам математического округления до 3 знаков после запятой.",Вычисление определенного интеграла,Вычислить определенный интеграл с заменой переменной.,Мат. анализ,легкий
"Вычисли $ \displaystyle \lim_{x \rightarrow 0}(\operatorname{tg}x-\operatorname{sin}x)/\operatorname{sin}^3x$. Ответ запиши в виде десятичной дроби, округлив по правилам математического округления до 3 знаков после запятой.",Вычисление предела с тригонометрическими функциями,"Вычислить предел отношения разности тангенса и синуса к кубу синуса при x, стремящемся к 0.",Мат. анализ,средний
Докажите: непрерывная биекция между компактами имеет непрерывную обратную.,Непрерывность обратной функции для биекции на компактах,"Доказать, что непрерывная биекция между компактами имеет непрерывную обратную.",Мат. анализ,средний
"Докажите: если \(\varphi\) выпукла на \([a,b]\), то \(\varphi\) непрерывна на \([a,b]\).",Непрерывность выпуклой функции,Доказать непрерывность выпуклой функции на отрезке.,Мат. анализ,средний
"Вычислить $\displaystyle \lim_{n \to \infty} (\sqrt{n^6 + 3n^4 + n^3 + 1} - \sqrt{n^6 + n^4 + 2n^3 + 5})$. Ответ запишите в виде десятичной дроби, округлив по правилам математического округления до 3 знаков после запятой.",Предел с корнями,Вычислить предел разности корней,Мат. анализ,средний
"Вычислить интеграл: $\displaystyle \int_{0}^{\pi/2} \cos^3 x dx$. Ответ запишите в виде десятичной дроби, округлив по правилам математического округления до 3 знаков после запятой.",Вычисление определенного интеграла от степенной функции косинуса,Вычислить определенный интеграл от cos^3(x) на отрезке от 0 до pi/2.,Мат. анализ,легкий
"Пусть \(X\sim \mathcal{N}(\mu,\sigma^2)\). Требуется получить характеристическую функцию \(\varphi_X(t)=\mathbb{E}e^{itX}=e^{it\mu-\frac12\sigma^2 t^2}\).",Характеристическая функция нормального распределения,Вывод характеристической функции нормального распределения.,Теор. вер. и статистика,средний
"Пусть \(H\) — гильбертово пространство и \(\varphi\in H^*\) непрерывный функционал. Требуется установить существование единственного \(y\in H\) с \(\varphi(x)=\langle x,y\rangle\).",Теорема Рисса о представлении функционала,"Доказать существование и единственность элемента y в гильбертовом пространстве, представляющего непрерывный функционал.",функ. анализ,средний
"Найдите сумму ряда: $\displaystyle \frac{1}{1 \cdot 2} + \frac{1}{2 \cdot 3} + \frac{1}{3 \cdot 4} + \frac{1}{4 \cdot 5} + \ldots$. Ответ запишите в виде десятичной дроби, округлив по правилам математического округления до 3 знаков после запятой.",Сумма телескопического ряда,Найти сумму ряда $\sum_{n=1}^{\infty} \frac{1}{n(n+1)}$,Мат. анализ,легкий
Пусть \(f_n\searrow f\) непрерывны на компакте \(K\) и \(f\) непрерывна. Требуется показать равномерную сходимость \(f_n\to f\) (теорема Дини).,Теорема Дини,Доказать равномерную сходимость последовательности непрерывных функций на компакте.,Мат. анализ,средний
Докажите теорему Арцела–Асколи: на компакте \(K\) любая равномерно ограниченная и равностепенно непрерывная семейство \(\mathcal{F}\) относительно \(\|\cdot\|_\infty\) предкомпактно.,Теорема Арцела–Асколи,Доказательство предкомпактности равномерно ограниченного и равностепенно непрерывного семейства функций на компакте.,функ. анализ,сложный
"Дан ортогональный проектор \(P=P^T=P^2\). Требуется показать, что \(\mathrm{tr}\,P=\mathrm{rank}\,P\).",След и ранг ортогонального проектора,"Доказать, что след ортогонального проектора равен его рангу.",Линал и геометрия,средний
"Указать предел последовательности $x_n = 1 + \frac{(-1)^n}{n}$. Ответ запишите в виде десятичной дроби, округлив по правилам математического округления до 3 знаков после запятой.",Предел последовательности с чередующимся знаком,Найти предел последовательности $x_n = 1 + \frac{(-1)^n}{n}$.,Мат. анализ,легкий
Докажите: матожидание геометрической величины с параметром p равно 1/p.,Матожидание геометрического распределения,"Доказать, что матожидание геометрической величины с параметром p равно 1/p.",Теор. вер. и статистика,средний
"Вычисли $ \displaystyle \int_0^{0.9} \dfrac{x\arcsin(x)}{\sqrt{1-x^2}}dx$.Ответ запишите в виде десятичной дроби, округлив по правилам математического округления до 3 знаков после запятой.",Вычисление определенного интеграла с арксинусом,"Вычислить определенный интеграл от функции, содержащей арксинус.",Мат. анализ,средний
"Вычислить $\displaystyle \lim_{n \to \infty} \frac{(1+n)^4 - (1-n)^4}{(1+n)^3 - (1-n)^3}$. Ответ запишите в виде десятичной дроби, округлив по правилам математического округления до 3 знаков после запятой.",Вычисление предела рациональной функции,Вычислить предел отношения многочленов при n стремящемся к бесконечности.,Мат. анализ,легкий
Докажите неравенство Минковского: \(\|f+g\|_{L^p}\le \|f\|_{L^p}+\|g\|_{L^p}\) для \(1\le p\le\infty\).,Неравенство Минковского,Доказать неравенство Минковского для норм в L^p пространствах,функ. анализ,сложный
"Из букв А, Б, В, Г, Д наугад составляют слово из 3 букв. Найти вероятность получить ""ДВА"". Каждую букву можно использовать только один раз. Ответ запишите в виде десятичной дроби, округлив по правилам математического округления до 3 знаков после запятой.",Вероятность составить слово,"Найти вероятность составить слово 'ДВА' из букв А, Б, В, Г, Д, используя каждую букву не более одного раза.",Теор. вер. и статистика,легкий
"Вычисли $ \displaystyle \lim_{x \rightarrow 0}(\sqrt{1+x}-\sqrt{1-x})/(\sqrt[3]{1+x}-\sqrt[3]{1-x})$. Ответ запиши в виде десятичной дроби, округлив по правилам математического округления до 3 знаков после запятой.",Вычисление предела с корнями,"Вычислить предел функции при x стремящемся к 0, содержащей корни.",Мат. анализ,средний
"Вычислить $\displaystyle \lim_{n \to \infty} \frac{\cos (n^2 - 1)}{2^n}$. Ответ запишите в виде десятичной дроби, округлив по правилам математического округления до 3 знаков после запятой.",Предел отношения косинуса к показательной функции,Вычислить предел $\displaystyle \lim_{n \to \infty} \frac{\cos (n^2 - 1)}{2^n}$.,Мат. анализ,легкий
"Вычисли $ \displaystyle \lim_{x \rightarrow 0} (x^2-1)/(2x^2-x-1)$. Ответ запиши в виде десятичной дроби, округлив по правилам математического округления до 3 знаков после запятой.",Вычисление предела рациональной функции,"Вычислить предел рациональной функции при x, стремящемся к 0.",Мат. анализ,легкий
Докажите: непрерывная биекция между компактами имеет непрерывную обратную.,Непрерывность обратной функции для биекции на компакте,"Доказать, что непрерывная биекция между компактами имеет непрерывную обратную.",Мат. анализ,средний
Пусть \(A\in M_{m\times n}(\mathbb{R})\). Требуется обосновать равенство \( \mathcal{N}(A) = \mathcal{R}(A^T)^\perp\).,Ядро и ортогональное дополнение образа транспонированной матрицы,Обосновать равенство ядра матрицы и ортогонального дополнения образа ее транспонированной матрицы.,Линал и геометрия,средний
Докажите: непрерывная биекция между компактами имеет непрерывную обратную.,Непрерывность обратной функции для биекции между компактами,"Доказать, что непрерывная биекция между компактами имеет непрерывную обратную.",функ. анализ,средний
"Вычисли $ \displaystyle \int_{-1}^0 (2x^2-x+7)/(x+3) dx$. Ответ запиши в виде десятичной дроби, округлив по правилам математического округления до 3 знаков после запятой.",Вычисление определенного интеграла,Вычислить определенный интеграл от рациональной функции.,Мат. анализ,легкий
"Вычисли $ \displaystyle \lim_{x \rightarrow \pi/3}\sin(x-\pi/3)/(1-2\cos x)$. Ответ запиши в виде десятичной дроби, округлив по правилам математического округления до 3 знаков после запятой.",Вычисление предела функции,Вычислить предел функции при x стремящемся к pi/3,Мат. анализ,средний
"Кусочно-линейная периодическая функция определена как: $f(x)=$ \begin{cases} x, \text{если } x\in [-1;1)\\ 2-x, \text{если } x \in [1;3) \end{cases} и $f(x+4) = f(x) $ для всех действительных $ x. $ График $f(x) $ имеет пилообразную форму. Парабола $ x =34y^2 $ пересекает график $f(x) $ в конечном числе точек. Сумма $ y-$координат этих точек пересечения может быть выражена в виде $ \dfrac{a+b\sqrt{c}}{d}, $ где $a,b,c,d - $ положительные целые числа, $a,b,d $ взаимно просты, а $ c $ не делится на квадрат любого просто числа. Найди $ a+b+c+d.$Ответ запишите в виде десятичной дроби, округлив по правилам математического округления до 3 знаков после запятой.",Пересечение кусочно-линейной функции и параболы,Найти сумму y-координат точек пересечения кусочно-линейной периодической функции и параболы.,Мат. анализ,сложный
"Вычисли $ \displaystyle \lim_{x \rightarrow 0} ((1+x)(1+2x)(1+3x)-1)/x$. Ответ запиши в виде десятичной дроби, округлив по правилам математического округления до 3 знаков после запятой.",Предел функции при x стремящемся к 0,Вычислить предел функции ((1+x)(1+2x)(1+3x)-1)/x при x стремящемся к 0.,Мат. анализ,легкий
"Вычисли $ \displaystyle \lim_{x \rightarrow \pi/3}\sin(x-\pi/3)/(1-2\cos x)$. Ответ запиши в виде десятичной дроби, округлив по правилам математического округления до 3 знаков после запятой.",Вычисление предела функции,Вычислить предел функции при x стремящемся к pi/3,Мат. анализ,средний
"Вычислить интеграл: $\displaystyle \int_{0}^{12} \frac{x}{\sqrt{2x+1}} dx$. Ответ запишите в виде десятичной дроби, округлив по правилам математического округления до 3 знаков после запятой.",Вычисление определенного интеграла,Вычислить определенный интеграл функции с корнем.,Мат. анализ,средний
"Вычисли $ \displaystyle \int_0^{0.9} \dfrac{x\arcsin(x)}{\sqrt{1-x^2}}dx$.Ответ запишите в виде десятичной дроби, округлив по правилам математического округления до 3 знаков после запятой.",Вычисление определенного интеграла с арксинусом,"Вычислить определенный интеграл от функции, содержащей x и arcsin(x).",Мат. анализ,средний
"Пусть \(X_1,\dots,X_n\stackrel{\text{i.i.d.}}{\sim}\mathrm{Pois}(\lambda)\) и \(T=\sum X_i\). Требуется установить достаточность статистики \(T\) для \(\lambda\).",Достаточность статистики для распределения Пуассона,Установить достаточность статистики T = сумма X_i для параметра \lambda в распределении Пуассона.,Теор. вер. и статистика,средний
"Вычисли $ \displaystyle \lim_{x \rightarrow \infty} ((x^2-1)/(x^2+1))^{(x-1)/(x+1)} $. Ответ запиши в виде десятичной дроби, округлив по правилам математического округления до 3 знаков после запятой.",Вычисление предела функции,Вычислить предел функции при x стремящемся к бесконечности,Мат. анализ,средний
"Вычисли $ \displaystyle \lim_{x \rightarrow -2}(\sqrt[3]{x-6}+2)/(x^3+8)$. Ответ запиши в виде десятичной дроби, округлив по правилам математического округления до 3 знаков после запятой.",Вычисление предела с корнем,Вычислить предел функции при x стремящемся к -2.,Мат. анализ,средний
"Вычисли $ \displaystyle \lim_{x \rightarrow \infty} ((x-1)(x-2)(x-3)(x-4)(x-5))/(5x-1)^5$. Ответ запиши в виде десятичной дроби, округлив по правилам математического округления до 5 знаков после запятой.",Предел рациональной функции,Вычислить предел отношения многочленов при x стремящемся к бесконечности.,Мат. анализ,легкий
"Вычислить $\displaystyle \lim_{n \to \infty} (\sqrt{n^6 + 3n^4 + n^3 + 1} - \sqrt{n^6 + n^4 + 2n^3 + 5})$. Ответ запишите в виде десятичной дроби, округлив по правилам математического округления до 3 знаков после запятой.",Предел с корнями,Вычислить предел разности корней.,Мат. анализ,средний
"Вычисли $ \displaystyle \int_0^1 \sqrt{\tan^2(x)+2\tan(x)+2}dx$.Ответ запишите в виде десятичной дроби, округлив по правилам математического округления до 3 знаков после запятой.",Определенный интеграл с тангенсом,"Вычислить определенный интеграл от функции, содержащей тангенс.",Мат. анализ,средний
"Вычислить $\displaystyle \lim_{n \to \infty} (\sqrt{n^6 + 3n^4 + n^3 + 1} - \sqrt{n^6 + n^4 + 2n^3 + 5})$. Ответ запишите в виде десятичной дроби, округлив по правилам математического округления до 3 знаков после запятой.",Предел с корнями,Вычислить предел разности корней,Мат. анализ,средний
"Пусть \(X_1,\dots,X_n\stackrel{\text{i.i.d.}}{\sim}\mathrm{Pois}(\lambda)\) и \(T=\sum X_i\). Требуется установить достаточность статистики \(T\) для \(\lambda\).",Достаточность статистики для распределения Пуассона,Доказать достаточность суммы независимых одинаково распределенных случайных величин Пуассона для параметра λ.,Теор. вер. и статистика,средний
"Дано \(f\in C([a,\infty))\). Требуется эквивалентность: \(\int_a^\infty f\) сходится \(\Leftrightarrow\) выполнен критерий Коши для интегралов (хвост мал при больших нижних границах).",Критерий Коши для несобственных интегралов,Эквивалентность сходимости несобственного интеграла и критерия Коши для него.,Мат. анализ,средний
"Парабола с уравнением $ y=x^2-4 $ поворачивается на $ 60^{\circ} $ против часовой стрелки вокруг начала координат. Единственная точка в четвертом квадранте, где исходная парабола и ее образ пересекаются, имеет координату $ y, $ равную $ \dfrac{a-\sqrt{b}}{c}, $ где $ a,b,c- $ положительные целые числа, и $ a $ и $ c $ взаимно просты. Найди $ a+b+c.$Ответ запишите в виде десятичной дроби, округлив по правилам математического округления до 3 знаков после запятой.",Пересечение параболы и ее поворота,Найти y-координату точки пересечения параболы и ее поворота на 60 градусов,Линал и геометрия,сложный
"Вычислить $\displaystyle \lim_{n \to \infty} \frac{2n + \sin 3n}{n + \sqrt{\pi}}$. Ответ запишите в виде десятичной дроби, округлив по правилам математического округления до 3 знаков после запятой.",Предел последовательности с синусом,Вычислить предел последовательности $\frac{2n + \sin 3n}{n + \sqrt{\pi}}$ при $n \to \infty$.,Мат. анализ,легкий
"Докажите признак Дирихле для рядов: если частичные суммы A_n=∑_{k=1}^n a_k ограничены, а b_n монотонно → 0, то ∑ a_n b_n сходится.",Признак Дирихле для сходимости рядов,"Доказать признак Дирихле для рядов: если частичные суммы A_n=∑_{k=1}^n a_k ограничены, а b_n монотонно → 0, то ∑ a_n b_n сходится.",Мат. анализ,средний
Докажите: матожидание геометрической величины с параметром p равно 1/p.,Матожидание геометрического распределения,"Доказать, что матожидание геометрической величины с параметром p равно 1/p.",Теор. вер. и статистика,средний
"Пусть норма \(\|\cdot\|\) векторного пространства удовлетворяет параллелограмному закону. Требуется вывести существование скалярного произведения, задающего эту норму (поляризационная тождественность).","Существование скалярного произведения, задающего норму","Доказать существование скалярного произведения, задающего норму, удовлетворяющую параллелограмному закону.",функ. анализ,средний
"Докажите неравенство Сильвестра: если \(A\in\mathbb{F}^{m\times n}\), \(B\in\mathbb{F}^{n\times p}\), то \(\operatorname{rank}(AB)\ge \operatorname{rank}A+\operatorname{rank}B-n\).",Неравенство Сильвестра,Доказать неравенство Сильвестра для рангов произведения матриц.,Линал и геометрия,средний
"Найдите рациональные корни многочлена: $x^5 - 2x^4 - 4x^3 + 4x^2 - 5x + 6$. Ответы запишите в виде десятичной дроби, округлив по правилам математического округления до 3 знаков после запятой, по возрастанию.",Нахождение рациональных корней многочлена,Найти рациональные корни многочлена $x^5 - 2x^4 - 4x^3 + 4x^2 - 5x + 6$.,Мат. анализ,средний
"Вычислить интеграл: $\displaystyle \int_{0}^{\sqrt{\pi}} x \cos x^2 dx$. Ответ запишите в виде десятичной дроби, округлив по правилам математического округления до 3 знаков после запятой.",Определенный интеграл с заменой переменной,Вычислить определенный интеграл $\int_{0}^{\sqrt{\pi}} x \cos x^2 dx$.,Мат. анализ,легкий
"Дан ортогональный проектор \(P=P^T=P^2\). Требуется показать, что \(\mathrm{tr}\,P=\mathrm{rank}\,P\).",След и ранг ортогонального проектора,"Доказать, что след ортогонального проектора равен его рангу.",Линал и геометрия,средний
"Вычисли $ \displaystyle \lim_{x \rightarrow +\infty} \sin{\sqrt{x+1}} - \sin{\sqrt{x}}$. Ответ запиши в виде десятичной дроби, округлив по правилам математического округления до 3 знаков после запятой.",Предел разности синусов,Вычислить предел $\lim_{x \rightarrow +\infty} (\sin{\sqrt{x+1}} - \sin{\sqrt{x}})$,Мат. анализ,средний
"Вычислить несобственный интеграл: $\displaystyle \int_{-\infty}^{+\infty} \frac{dx}{1+x^2}$. Ответ запишите в виде десятичной дроби, округлив по правилам математического округления до 3 знаков после запятой.",Вычисление несобственного интеграла,Вычислить несобственный интеграл от функции 1/(1+x^2) от минус бесконечности до плюс бесконечности.,Мат. анализ,легкий
"Вычислить $\displaystyle \lim_{n \to \infty} \frac{\sqrt[3]{n^3 - 2n}}{n + 2}$. Ответ запишите в виде десятичной дроби, округлив по правилам математического округления до 3 знаков после запятой.",Предел отношения функций,"Вычислить предел отношения корня третьей степени из многочлена к линейной функции при n, стремящемся к бесконечности.",Мат. анализ,легкий
"Кусочно-линейная периодическая функция определена как: $f(x)=$ \begin{cases} x, \text{если } x\in [-1;1)\\ 2-x, \text{если } x \in [1;3) \end{cases} и $f(x+4) = f(x) $ для всех действительных $ x. $ График $f(x) $ имеет пилообразную форму. Парабола $ x =34y^2 $ пересекает график $f(x) $ в конечном числе точек. Сумма $ y-$координат этих точек пересечения может быть выражена в виде $ \dfrac{a+b\sqrt{c}}{d}, $ где $a,b,c,d - $ положительные целые числа, $a,b,d $ взаимно просты, а $ c $ не делится на квадрат любого просто числа. Найди $ a+b+c+d.$Ответ запишите в виде десятичной дроби, округлив по правилам математического округления до 3 знаков после запятой.",Пересечение кусочно-линейной функции и параболы,Найти сумму y-координат точек пересечения кусочно-линейной периодической функции и параболы.,Мат. анализ,сложный
"Пусть \(f\in L^1([0,1])\) и \(S_N(x)=\sum_{k=-N}^N \hat f(k)e^{ikx}\). Требуется установить \(\|S_N\|_{L^1}\) ограниченность и \( \hat f(k)\to 0\).",Свойства ряда Фурье,Исследовать ограниченность нормы частичных сумм ряда Фурье и сходимость коэффициентов Фурье для функции из L1.,Мат. анализ,сложный
"Пусть \(\{f_n\}\subset L^1\) и \(f_n\to f\) почти везде, причём существует \(g\in L^1\) с \(|f_n|\le g\). Требуется установить \(\int f_n\to \int f\) (теорема Лебега о доминированной сходимости).",Теорема Лебега о доминированной сходимости,"Доказать, что если последовательность функций сходится почти всюду и доминирована интегрируемой функцией, то интегралы от функций последовательности сходятся к интегралу от предельной функции.",Мат. анализ,средний
"Вычисли $ \displaystyle \lim_{x \rightarrow 0}(\sqrt[3]{8+3x-x^2}-2)/(x+x^2)$. Ответ запиши в виде десятичной дроби, округлив по правилам математического округления до 3 знаков после запятой.",Вычисление предела функции,Вычислить предел функции при x стремящемся к 0.,Мат. анализ,средний
Пусть \(f_n\searrow f\) непрерывны на компакте \(K\) и \(f\) непрерывна. Требуется показать равномерную сходимость \(f_n\to f\) (теорема Дини).,Теорема Дини о равномерной сходимости,"Показать равномерную сходимость последовательности функций, монотонно сходящейся к непрерывной функции на компакте.",Мат. анализ,средний
"Вычисли $ \displaystyle \lim_{x \rightarrow \pi/3}\sin(x-\pi/3)/(1-2\cos x)$. Ответ запиши в виде десятичной дроби, округлив по правилам математического округления до 3 знаков после запятой.",Вычисление предела с неопределенностью,Вычислить предел функции при x стремящемся к pi/3.,Мат. анализ,средний
"Вычисли $ \displaystyle \lim_{x \rightarrow 1} (x^2-1)/(2x^2-x-1)$. Ответ запиши в виде десятичной дроби, округлив по правилам математического округления до 3 знаков после запятой.",Вычисление предела функции,"Вычислить предел рациональной функции при x, стремящемся к 1.",Мат. анализ,легкий
"Вычислить интеграл: $\displaystyle \int_{0}^{12} \frac{x}{\sqrt{2x+1}} dx$. Ответ запишите в виде десятичной дроби, округлив по правилам математического округления до 3 знаков после запятой.",Вычисление определенного интеграла,Вычислить определенный интеграл функции с корнем.,Мат. анализ,средний
"Вычисли $ \displaystyle \int_1^2 (x^2+1/x + 1/x^3) dx$. Ответ запиши в виде десятичной дроби, округлив по правилам математического округления до 3 знаков после запятой.",Вычисление определенного интеграла,Вычислить определенный интеграл от многочлена и дробных степеней.,Мат. анализ,легкий
"Пусть $ N - $ количество троек натуральных чисел $ (a,b,c) $ таких, что $a,b,c \leq 3^6 $ и $ a^3+b^3+c^3 $ делится на $ 3^7. $ Найди остаток от деления $ N $ на 1000.Ответ запишите в виде десятичной дроби, округлив по правилам математического округления до 3 знаков после запятой.","Количество троек чисел, удовлетворяющих условию делимости","Найти количество троек натуральных чисел (a,b,c) таких, что a,b,c <= 3^6 и a^3+b^3+c^3 делится на 3^7, и найти остаток от деления этого количества на 1000.",теория чисел,сложный
"Найдите сумму ряда: $\displaystyle \frac{1}{1 \cdot 2} + \frac{1}{2 \cdot 3} + \frac{1}{3 \cdot 4} + \frac{1}{4 \cdot 5} + \ldots$. Ответ запишите в виде десятичной дроби, округлив по правилам математического округления до 3 знаков после запятой.",Сумма телескопического ряда,Найти сумму ряда $\sum_{n=1}^{\infty} \frac{1}{n(n+1)}$,Мат. анализ,легкий
"Пусть \(f\in L^1([0,1])\) и \(S_N(x)=\sum_{k=-N}^N \hat f(k)e^{ikx}\). Требуется установить \(\|S_N\|_{L^1}\) ограниченность и \( \hat f(k)\to 0\).",Свойства ряда Фурье,"Исследовать ограниченность нормы частичных сумм ряда Фурье и поведение коэффициентов Фурье для функции из L1([0,1]).",Мат. анализ,сложный
"Вычисли $ \displaystyle \lim_{x \rightarrow \infty} ((x^2-1)/(x^2+1))^{(x-1)/(x+1)} $. Ответ запиши в виде десятичной дроби, округлив по правилам математического округления до 3 знаков после запятой.",Вычисление предела,Вычислить предел функции при x стремящемся к бесконечности,Мат. анализ,средний
"Указать предел последовательности $x_n = 1 + \frac{(-1)^n}{n}$. Ответ запишите в виде десятичной дроби, округлив по правилам математического округления до 3 знаков после запятой.",Предел последовательности с чередующимся знаком,Найти предел последовательности $x_n = 1 + \frac{(-1)^n}{n}$.,Мат. анализ,легкий
"Вычислить интеграл: $\displaystyle \int_{\frac{\pi}{4}}^{2} \frac{\sin \sqrt{x}}{\sqrt{x}} dx$. Ответ запишите в виде десятичной дроби, округлив по правилам математического округления до 3 знаков после запятой.",Вычисление определенного интеграла,Вычислить определенный интеграл от функции с корнем и синусом.,Мат. анализ,легкий
"Двенадцать букв $ A,B,C,D,E,F,G,H,I,J,K,L $ случайным образом разбиваются на шесть пар. Две буквы в каждой паре ставятся рядом в алфавитном порядке, образуя шестибуквенные слова, и эти шесть слов перечисляются в алфавитном порядке. Например, $ AB, CJ,DG,EK,FL,HI. $ Вероятность того, что последнее слово в спмске содержит $ G, $ равна $ \dfrac{m}{n}, $ где $m $ и $ n - $взаимно простые положительные целые числа. Найди $ m+n.$Ответ запишите в виде десятичной дроби, округлив по правилам математического округления до 3 знаков после запятой.",Вероятность наличия буквы G в последнем слове,"Двенадцать букв случайным образом разбиваются на шесть пар. Каждая пара образует двухбуквенное слово. Эти шесть слов перечисляются в алфавитном порядке. Найти вероятность того, что последнее слово содержит G.",Теор. вер. и статистика,сложный
"Пусть $ N - $ количество троек натуральных чисел $ (a,b,c) $ таких, что $a,b,c \leq 3^6 $ и $ a^3+b^3+c^3 $ делится на $ 3^7. $ Найди остаток от деления $ N $ на 1000.Ответ запишите в виде десятичной дроби, округлив по правилам математического округления до 3 знаков после запятой.","Количество троек натуральных чисел, удовлетворяющих условию делимости","Найти количество троек натуральных чисел (a,b,c) таких, что a,b,c <= 3^6 и a^3+b^3+c^3 делится на 3^7. Найти остаток от деления N на 1000.",теория чисел,сложный
"Вычисли $ \displaystyle \lim_{x \rightarrow +\infty} \sin{\sqrt{x+1}} - \sin{\sqrt{x}}$. Ответ запиши в виде десятичной дроби, округлив по правилам математического округления до 3 знаков после запятой.",Предел разности синусов,Вычислить предел $\lim_{x \rightarrow +\infty} (\sin{\sqrt{x+1}} - \sin{\sqrt{x}})$,Мат. анализ,средний
"Вычисли $ \displaystyle \lim_{x \rightarrow 0}(\operatorname{tg}x-\operatorname{sin}x)/\operatorname{sin}^3x$. Ответ запиши в виде десятичной дроби, округлив по правилам математического округления до 3 знаков после запятой.",Предел отношения тангенса и синуса,Вычислить предел отношения $(\operatorname{tg}x-\operatorname{sin}x)/\operatorname{sin}^3x$ при $x \rightarrow 0$.,Мат. анализ,легкий
"Указать предел последовательности $x_n = 1 + \frac{(-1)^n}{n}$. Ответ запишите в виде десятичной дроби, округлив по правилам математического округления до 3 знаков после запятой.",Предел последовательности с чередующимся знаком,Найти предел последовательности $x_n = 1 + \frac{(-1)^n}{n}$.,Мат. анализ,легкий
"Найди сумму всех целых оснований $ b > 9, $ для которых $ 17_b $ является делителем $ 97_b.$Ответ запишите в виде десятичной дроби, округлив по правилам математического округления до 3 знаков после запятой.",Делимость чисел в разных системах счисления,"Найти сумму оснований $b > 9$, для которых $17_b$ делит $97_b$.",теория чисел,средний
"Вычисли $ \displaystyle \lim_{x \rightarrow \pi/6}(2\sin^2 x + \sin x - 1)/(2\sin^2 x -3 \sin x +1)$. Ответ запиши в виде десятичной дроби, округлив по правилам математического округления до 3 знаков после запятой.",Предел функции с синусом,Вычислить предел функции при x стремящемся к pi/6,Мат. анализ,средний
"Вычисли $ \displaystyle \lim_{x \rightarrow +\infty} \sin{\sqrt{x+1}} - \sin{\sqrt{x}}$. Ответ запиши в виде десятичной дроби, округлив по правилам математического округления до 3 знаков после запятой.",Предел разности синусов,Вычислить предел $\lim_{x \rightarrow +\infty} (\sin{\sqrt{x+1}} - \sin{\sqrt{x}})$,Мат. анализ,средний
"Докажите теорему о дифференцировании предела: если f_n дифференцируемы, f_n' → g равномерно, и f_n(x_0)→c, то f — предел f_n дифференцируема и f'=g.",Теорема о дифференцировании предела,"Доказать, что если последовательность дифференцируемых функций и их производных равномерно сходится, то предельная функция дифференцируема, а её производная равна пределу производных.",Мат. анализ,сложный
"Из букв А, А, М, М наугад составляют слово. Найти вероятность получить ""МАМА"". Ответ запишите в виде десятичной дроби, округлив по правилам математического округления до 3 знаков после запятой.",Вероятность составить слово,Найти вероятность составить слово 'МАМА' из заданных букв.,Теор. вер. и статистика,легкий
"Указать предел последовательности $x_n = 1 + \frac{(-1)^n}{n}$. Ответ запишите в виде десятичной дроби, округлив по правилам математического округления до 3 знаков после запятой.",Предел последовательности с чередующимся знаком,Найти предел последовательности $x_n = 1 + \frac{(-1)^n}{n}$.,Мат. анализ,легкий
"Из множества всех последовательностей длины $n$ из цифр 0, 1, 2 случайно выбирается одна. Найти вероятность, что последовательность начинается с 0. Ответ запишите в виде десятичной дроби, округлив по правилам математического округления до 3 знаков после запятой.","Вероятность последовательности, начинающейся с 0","Найти вероятность, что случайно выбранная последовательность длины n из цифр 0, 1, 2 начинается с 0.",Теор. вер. и статистика,легкий
"Докажите неравенство Сильвестра: если \(A\in\mathbb{F}^{m\times n}\), \(B\in\mathbb{F}^{n\times p}\), то \(\operatorname{rank}(AB)\ge \operatorname{rank}A+\operatorname{rank}B-n\).",Неравенство Сильвестра для рангов матриц,"Доказать, что для матриц A и B выполняется неравенство \(\operatorname{rank}(AB)\ge \operatorname{rank}A+\operatorname{rank}B-n\)",Линал и геометрия,средний
"Рассмотрим верхнетреугольную матрицу \(T\in M_n(\mathbb{F})\). Требуется установить, что её собственные значения — диагональные элементы.",Собственные значения верхнетреугольной матрицы,"Доказать, что собственные значения верхнетреугольной матрицы - это её диагональные элементы.",Линал и геометрия,средний
"Вычисли $ \displaystyle \int_{-1}^0 (2x^2-x+7)/(x+3) dx$. Ответ запиши в виде десятичной дроби, округлив по правилам математического округления до 3 знаков после запятой.",Вычисление определённого интеграла,Вычислить определённый интеграл от рациональной функции.,Мат. анализ,легкий
"Брошено три монеты. Найти вероятность, что первая монета выпала «гербом» вверх. Ответ запишите в виде десятичной дроби, округлив по правилам математического округления до 3 знаков после запятой.",Вероятность выпадения герба на первой монете,Найти вероятность выпадения герба на первой из трех брошенных монет.,Теор. вер. и статистика,легкий
"Вычисли $ \displaystyle \lim_{x \rightarrow -2}(\sqrt[3]{x-6}+2)/(x^3+8)$. Ответ запиши в виде десятичной дроби, округлив по правилам математического округления до 3 знаков после запятой.",Вычисление предела с кубическим корнем,Вычислить предел функции при x стремящемся к -2.,Мат. анализ,средний
"Докажите: если последовательность непрерывных функций на [a,b] равномерно сходится к f, то {∫ f_n} сходится к ∫ f.",Интегрирование равномерно сходящейся последовательности,Доказать сходимость интегралов при равномерной сходимости функций.,Мат. анализ,средний
"Пусть \(X\sim \mathcal{N}(\mu,\sigma^2)\). Требуется получить характеристическую функцию \(\varphi_X(t)=\mathbb{E}e^{itX}=e^{it\mu-\frac12\sigma^2 t^2}\).",Вывод характеристической функции нормального распределения,"Вывести характеристическую функцию для случайной величины, распределенной по нормальному закону.",Теор. вер. и статистика,средний
"Пусть \(X_1,\dots,X_n\stackrel{\text{i.i.d.}}{\sim}\mathrm{Pois}(\lambda)\) и \(T=\sum X_i\). Требуется установить достаточность статистики \(T\) для \(\lambda\).",Достаточность статистики для распределения Пуассона,Доказать достаточность суммы независимых одинаково распределенных случайных величин Пуассона для параметра распределения.,Теор. вер. и статистика,средний
"Вычисли $ \displaystyle \lim_{x \rightarrow \pi/3}\sin(x-\pi/3)/(1-2\cos x)$. Ответ запиши в виде десятичной дроби, округлив по правилам математического округления до 3 знаков после запятой.",Вычисление предела функции,"Вычислить предел функции при x, стремящемся к pi/3.",Мат. анализ,средний
"Вычисли $ \displaystyle \lim_{x \rightarrow 8}(\sqrt{9+2x}-5)/(\sqrt[3]{x}-2)$. Ответ запиши в виде десятичной дроби, округлив по правилам математического округления до 3 знаков после запятой.",Вычисление предела функции,Найти предел функции при x стремящемся к 8.,Мат. анализ,средний
"Пусть \(X_1,\dots,X_n\stackrel{\text{i.i.d.}}{\sim}\mathrm{Pois}(\lambda)\) и \(T=\sum X_i\). Требуется установить достаточность статистики \(T\) для \(\lambda\).",Достаточность статистики для распределения Пуассона,Установить достаточность статистики T = сумма X_i для параметра \lambda в распределении Пуассона.,Теор. вер. и статистика,средний
"Вычисли $ \displaystyle \lim_{x \rightarrow \infty} ((x^2-1)/(x^2+1))^{(x-1)/(x+1)} $. Ответ запиши в виде десятичной дроби, округлив по правилам математического округления до 3 знаков после запятой.",Вычисление предела функции,Вычислить предел функции вида $f(x)^{g(x)}$ при $x \to \infty$.,Мат. анализ,средний
"Пусть \(X_1,\dots,X_n\stackrel{\text{i.i.d.}}{\sim}\mathrm{Pois}(\lambda)\) и \(T=\sum X_i\). Требуется установить достаточность статистики \(T\) для \(\lambda\).",Достаточность статистики для распределения Пуассона,Установить достаточность статистики T = сумма X_i для параметра \lambda в распределении Пуассона.,Теор. вер. и статистика,средний
"Вычислить определитель: \[ \begin{vmatrix} 3 & 2 & -1 \\ 1 & 4 & 1 \\ -2 & 6 & 4 \\ \end{vmatrix} \] Ответ запишите в виде десятичной дроби, округлив по правилам математического округления до 3 знаков после запятой.",Вычисление определителя матрицы 3x3,Вычислить определитель матрицы 3x3.,Линал и геометрия,легкий
"Вычисли $ \displaystyle \lim_{n \rightarrow \infty} 10000n/(n^2+1)$. Ответ запиши в виде десятичной дроби, округлив по правилам математического округления до 3 знаков после запятой.",Вычисление предела отношения многочленов,Вычислить предел функции $10000n/(n^2+1)$ при $n \rightarrow \infty$.,Мат. анализ,легкий
"Вычислить $\displaystyle \lim_{n \to \infty} \frac{n}{2^n}$. Ответ запишите в виде десятичной дроби, округлив по правилам математического округления до 3 знаков после запятой.",Предел отношения n к 2^n,Вычислить предел последовательности n/2^n при n стремящемся к бесконечности.,Мат. анализ,легкий
"Вычислить $\displaystyle \lim_{n \to \infty} (\sqrt{n^6 + 3n^4 + n^3 + 1} - \sqrt{n^6 + 3n^4 + 2n^3 + 5})$. Ответ запишите в виде десятичной дроби, округлив по правилам математического округления до 3 знаков после запятой.",Вычисление предела с корнями,Вычислить предел разности двух квадратных корней при n стремящемся к бесконечности.,Мат. анализ,средний
"Пусть \(X\sim \mathcal{N}(\mu,\sigma^2)\). Требуется получить характеристическую функцию \(\varphi_X(t)=\mathbb{E}e^{itX}=e^{it\mu-\frac12\sigma^2 t^2}\).",Характеристическая функция нормального распределения,Вывести характеристическую функцию для нормального распределения.,Теор. вер. и статистика,средний
"Вычисли $ \displaystyle \lim_{x \rightarrow -2}(\sqrt[3]{x-6}+2)/(x^3+8)$. Ответ запиши в виде десятичной дроби, округлив по правилам математического округления до 3 знаков после запятой.",Предел функции с кубическим корнем,Вычислить предел функции при x стремящемся к -2.,Мат. анализ,средний
"Вычисли $ \displaystyle \int_{-1}^0 (2x^2-x+7)/(x+3) dx$. Ответ запиши в виде десятичной дроби, округлив по правилам математического округления до 3 знаков после запятой.",Вычисление определенного интеграла,Вычислить определенный интеграл от рациональной функции.,Мат. анализ,легкий
"Из букв А, А, М, М наугад составляют слово. Найти вероятность получить ""МАМА"". Ответ запишите в виде десятичной дроби, округлив по правилам математического округления до 3 знаков после запятой.",Вероятность составить слово,"Найти вероятность составить слово 'МАМА' из букв А, А, М, М.",Теор. вер. и статистика,легкий
"Докажите: если последовательность непрерывных функций на [a,b] равномерно сходится к f, то {∫ f_n} сходится к ∫ f.",Интегрирование равномерно сходящейся последовательности функций,"Доказать, что интеграл предела равен пределу интегралов для равномерно сходящейся последовательности непрерывных функций.",Мат. анализ,средний
"Докажите: если последовательность непрерывных функций на [a,b] равномерно сходится к f, то {∫ f_n} сходится к ∫ f.",Сходимость интегралов при равномерной сходимости функций,"Доказать, что если последовательность непрерывных функций равномерно сходится, то последовательность их интегралов сходится к интегралу предельной функции.",Мат. анализ,средний
"Рассмотрим \(f\in C^{n+1}([a,b])\). Требуется установить формулу Тейлора с остатком Лагранжа: \(f(x)=\sum_{k=0}^n \frac{f^{(k)}(x_0)}{k!}(x-x_0)^k+\frac{f^{(n+1)}(\xi)}{(n+1)!}(x-x_0)^{n+1}\).",Формула Тейлора с остатком Лагранжа,Доказать формулу Тейлора с остаточным членом в форме Лагранжа для функции класса C^(n+1).,Мат. анализ,средний
"Вычисли $ \displaystyle \int_0^2 (2x-1)/(2x+1) dx$. Ответ запиши в виде десятичной дроби, округлив по правилам математического округления до 3 знаков после запятой.",Вычисление определённого интеграла,Вычислить определённый интеграл от рациональной функции.,Мат. анализ,легкий
"Пусть \(\{f_n\}\subset C^1([a,b])\) и \(f_n\to f\) равномерно, \(f_n'\to g\) равномерно. Требуется установить дифференцируемость \(f\) и \(f'=g\).",Равномерная сходимость функций и их производных,"Доказать дифференцируемость равномерного предела последовательности дифференцируемых функций, если последовательность их производных также сходится равномерно.",Мат. анализ,сложный
"Вычисли $ \displaystyle \int_1^2 (x^2+1/x + 1/x^3) dx$. Ответ запиши в виде десятичной дроби, округлив по правилам математического округления до 3 знаков после запятой.",Вычисление определённого интеграла,Вычислить определённый интеграл от многочлена и степенных функций.,Мат. анализ,легкий
"Вычисли $ \displaystyle \int_0^1 \tan(x) \sqrt{\tan^4(x)+1}dx$.Ответ запишите в виде десятичной дроби, округлив по правилам математического округления до 3 знаков после запятой.",Вычисление определённого интеграла,"Вычислить определённый интеграл от функции, содержащей тангенс.",Мат. анализ,сложный
"Вычисли $ \displaystyle \lim_{n \rightarrow \infty} ((-2)^n+3^n)/((-2)^{n+1}+3^{n+1}$. Ответ запиши в виде десятичной дроби, округлив по правилам математического округления до 3 знаков после запятой.",Предел отношения степенных функций,"Вычислить предел отношения выражений, содержащих степени (-2)^n и 3^n при n стремящемся к бесконечности.",Мат. анализ,легкий
"Вычислить $\displaystyle \lim_{n \to \infty} (\sqrt{n^6 + 3n^4 + n^3 + 1} - \sqrt{n^6 + n^4 + 2n^3 + 5})$. Ответ запишите в виде десятичной дроби, округлив по правилам математического округления до 3 знаков после запятой.",Предел с корнями,Вычислить предел разности корней,Мат. анализ,средний
"Вычисли $ \displaystyle \lim_{x \rightarrow \pi/3}\sin(x-\pi/3)/(1-2\cos x)$. Ответ запиши в виде десятичной дроби, округлив по правилам математического округления до 3 знаков после запятой.",Вычисление предела функции,"Вычислить предел функции при x, стремящемся к pi/3.",Мат. анализ,средний
"Вычисли $ \displaystyle \int_0^{0.9} \dfrac{x\arcsin(x)}{\sqrt{1-x^2}}dx$.Ответ запишите в виде десятичной дроби, округлив по правилам математического округления до 3 знаков после запятой.",Вычисление определенного интеграла с арксинусом,"Вычислить определенный интеграл от функции, содержащей x и arcsin(x).",Мат. анализ,средний
"Брошено три монеты. Найти вероятность, что выпало не больше двух «гербов». Ответ запишите в виде десятичной дроби, округлив по правилам математического округления до 3 знаков после запятой.",Вероятность выпадения не более двух гербов при бросании трех монет,"Найти вероятность, что выпало не больше двух гербов при бросании трех монет.",Теор. вер. и статистика,легкий
Дано \(A\in M_n(\mathbb{F})\). Требуется показать равенство определителей \(\det(A^T)=\det(A)\).,Определитель транспонированной матрицы,"Доказать, что определитель транспонированной матрицы равен определителю исходной матрицы.",Линал и геометрия,средний
"Кусочно-линейная периодическая функция определена как: $f(x)=$ \begin{cases} x, \text{если } x\in [-1;1)\\ 2-x, \text{если } x \in [1;3) \end{cases} и $f(x+4) = f(x) $ для всех действительных $ x. $ График $f(x) $ имеет пилообразную форму. Парабола $ x =34y^2 $ пересекает график $f(x) $ в конечном числе точек. Сумма $ y-$координат этих точек пересечения может быть выражена в виде $ \dfrac{a+b\sqrt{c}}{d}, $ где $a,b,c,d - $ положительные целые числа, $a,b,d $ взаимно просты, а $ c $ не делится на квадрат любого просто числа. Найди $ a+b+c+d.$Ответ запишите в виде десятичной дроби, округлив по правилам математического округления до 3 знаков после запятой.",Пересечение кусочно-линейной функции и параболы,Найти сумму y-координат точек пересечения кусочно-линейной периодической функции и параболы.,Мат. анализ,сложный
"Вычисли $ \displaystyle \lim_{x \rightarrow 3}(\sqrt{x+13}-2\sqrt{x+1})/(x^2-9)$. Ответ запиши в виде десятичной дроби, округлив по правилам математического округления до 3 знаков после запятой.",Вычисление предела с иррациональностями,"Вычислить предел функции с корнями при x, стремящемся к 3.",Мат. анализ,средний
"Вычислить определитель: \[ \begin{vmatrix} 3 & 2 & -1 \\ 1 & 4 & 1 \\ -2 & 6 & 4 \\ \end{vmatrix} \] Ответ запишите в виде десятичной дроби, округлив по правилам математического округления до 3 знаков после запятой.",Вычисление определителя матрицы 3x3,Вычислить определитель матрицы 3x3.,Линал и геометрия,легкий
"Вычисли $ \displaystyle \int_0^{+\infty} \ln\left(\dfrac{1+x^{\pi}}{1+x^e}\right) \cdot \dfrac{dx}{(1+x^2)\ln (x)}$.Ответ запишите в виде десятичной дроби, округлив по правилам математического округления до 3 знаков после запятой.",Вычисление несобственного интеграла с логарифмами,"Вычислить несобственный интеграл от функции, содержащей логарифмы и рациональные дроби.",Мат. анализ,сложный
"Докажите признак Дирихле для рядов: если частичные суммы A_n=∑_{k=1}^n a_k ограничены, а b_n монотонно → 0, то ∑ a_n b_n сходится.",Признак Дирихле для сходимости рядов,"Доказать признак Дирихле для рядов: если частичные суммы A_n=∑_{k=1}^n a_k ограничены, а b_n монотонно → 0, то ∑ a_n b_n сходится.",Мат. анализ,средний
"Вычисли $ \displaystyle \lim_{x \rightarrow \pi/6}(2\sin^2 x + \sin x - 1)/(2\sin^2 x -3 \sin x +1)$. Ответ запиши в виде десятичной дроби, округлив по правилам математического округления до 3 знаков после запятой.",Вычисление предела функции,"Вычислить предел рациональной функции, содержащей синус, при x стремящемся к pi/6.",Мат. анализ,средний
"Вычисли $ \displaystyle \lim_{n \rightarrow \infty} ((-2)^n+3^n)/((-2)^{n+1}+3^{n+1}$. Ответ запиши в виде десятичной дроби, округлив по правилам математического округления до 3 знаков после запятой.",Предел отношения степенных функций,"Вычислить предел отношения выражений, содержащих степени (-2)^n и 3^n при n стремящемся к бесконечности.",Мат. анализ,легкий
"Найти обратную матрицу для: \[ \begin{pmatrix} 25 & 5 & 3 \\ 10 & 2 & 1 \\ 4 & 1 & 1 \end{pmatrix} \] Ответ запиши в формате $ a_{11}; a_{12}; \dots; a_{1n}; a_{21}; a_{22}; \dots; a_{mn}, $ округлив по правилам математического округления до 3 знаков после запятой.",Нахождение обратной матрицы,Найти обратную матрицу для заданной матрицы 3x3.,Линал и геометрия,средний
"Вычислить интеграл: $\displaystyle \int_{2}^{3} e^{x^2} dx$. Ответ запишите в виде десятичной дроби, округлив по правилам математического округления до 3 знаков после запятой.",Вычисление определённого интеграла от e в степени x в квадрате,Вычислить определённый интеграл от e в степени x в квадрате в заданных пределах.,Мат. анализ,сложный
"Найди сумму всех целых оснований $ b > 9, $ для которых $ 17_b $ является делителем $ 97_b.$Ответ запишите в виде десятичной дроби, округлив по правилам математического округления до 3 знаков после запятой.",Делимость чисел в различных системах счисления,"Найти сумму оснований $b > 9$, для которых $17_b$ делит $97_b$.",Дискретная математика,средний
"Решите уравнение $2 \sin \frac{\pi x}{2} - 2 \cos \pi x = x^5 + 10x - 54$. Ответ запишите в виде десятичной дроби, округлив по правилам математического округления до 3 знаков после запятой.",Решение тригонометрического уравнения с многочленом,Решить уравнение $2 \sin \frac{\pi x}{2} - 2 \cos \pi x = x^5 + 10x - 54$.,Мат. анализ,средний
"Вычислить $\displaystyle \lim_{n \to \infty} \frac{\sqrt[3]{n^3 - 2n}}{n + 2}$. Ответ запишите в виде десятичной дроби, округлив по правилам математического округления до 3 знаков после запятой.",Предел отношения функций,"Вычислить предел отношения функций при n, стремящемся к бесконечности.",Мат. анализ,легкий
"Вычисли $ \displaystyle \lim_{x \rightarrow 0}(\sqrt[3]{8+3x-x^2}-2)/(x+x^2)$. Ответ запиши в виде десятичной дроби, округлив по правилам математического округления до 3 знаков после запятой.",Предел функции с корнем,Вычислить предел функции при x стремящемся к 0.,Мат. анализ,средний
"Докажите теорему Слуцкого: если \(X_n\Rightarrow X\) и \(Y_n\to c\) по вероятности, то \(X_n+Y_n\Rightarrow X+c\) и \(X_nY_n\Rightarrow cX\).",Доказательство теоремы Слуцкого,Доказать теорему Слуцкого о сходимости случайных величин.,Теор. вер. и статистика,средний
"Вычисли $ \displaystyle \lim_{x \rightarrow \pi/6}(2\sin^2 x + \sin x - 1)/(2\sin^2 x -3 \sin x +1)$. Ответ запиши в виде десятичной дроби, округлив по правилам математического округления до 3 знаков после запятой.",Вычисление предела с неопределенностью,Вычислить предел функции при x стремящемся к pi/6.,Мат. анализ,средний
"Докажите признак Дирихле для рядов: если частичные суммы A_n=∑_{k=1}^n a_k ограничены, а b_n монотонно → 0, то ∑ a_n b_n сходится.",Признак Дирихле для сходимости рядов,"Доказать сходимость ряда ∑ a_n b_n, если частичные суммы ∑ a_k ограничены, а b_n монотонно стремится к нулю.",Мат. анализ,средний
"Дана симметричная положительно определённая \(A\in M_n(\mathbb{R})\). Требуется обосновать существование единственного разложения Холецкого \(A=LL^T\) с \(L\) нижнетреугольной, \(l_{ii}>0\).",Разложение Холецкого,Обоснование существования и единственности разложения Холецкого для симметричной положительно определённой матрицы.,Линал и геометрия,средний
"Пусть \(f\in L^1(\mathbb{R})\). Требуется установить лемму Римана–Лебега: \(\int_{\mathbb{R}} f(x)e^{itx}\,dx\to 0\) при \(t\to\infty\).",Лемма Римана–Лебега,"Доказать, что фурье-образ интегрируемой функции стремится к нулю на бесконечности.",Мат. анализ,средний
"Двенадцать букв $ A,B,C,D,E,F,G,H,I,J,K,L $ случайным образом разбиваются на шесть пар. Две буквы в каждой паре ставятся рядом в алфавитном порядке, образуя шестибуквенные слова, и эти шесть слов перечисляются в алфавитном порядке. Например, $ AB, CJ,DG,EK,FL,HI. $ Вероятность того, что последнее слово в спмске содержит $ G, $ равна $ \dfrac{m}{n}, $ где $m $ и $ n - $взаимно простые положительные целые числа. Найди $ m+n.$Ответ запишите в виде десятичной дроби, округлив по правилам математического округления до 3 знаков после запятой.",Вероятность наличия буквы G в последнем слове,"Двенадцать букв случайным образом разбиваются на шесть пар. Каждая пара образует двухбуквенное слово. Эти шесть слов перечисляются в алфавитном порядке. Найти вероятность того, что последнее слово содержит G.",Теор. вер. и статистика,сложный
"Пусть \(X\sim \mathcal{N}(\mu,\sigma^2)\). Требуется получить характеристическую функцию \(\varphi_X(t)=\mathbb{E}e^{itX}=e^{it\mu-\frac12\sigma^2 t^2}\).",Характеристическая функция нормального распределения,Вывод характеристической функции для нормально распределенной случайной величины.,Теор. вер. и статистика,средний
"Вычислить $\displaystyle \lim_{n \to \infty} \frac{\sqrt[3]{n^3 - 2n}}{n + 2}$. Ответ запишите в виде десятичной дроби, округлив по правилам математического округления до 3 знаков после запятой.",Предел отношения многочленов с корнями,"Вычислить предел при n стремящемся к бесконечности от дроби, содержащей кубический корень из многочлена и линейный многочлен.",Мат. анализ,легкий
"Вычисли $ \displaystyle \lim_{x \rightarrow 8}(\sqrt{9+2x}-5)/(\sqrt[3]{x}-2)$. Ответ запиши в виде десятичной дроби, округлив по правилам математического округления до 3 знаков после запятой.",Вычисление предела функции,"Вычислить предел функции при x, стремящемся к 8.",Мат. анализ,средний
"Вычислить $\displaystyle \lim_{n \to \infty} \frac{(-2)^n + 3^n}{(-2)^{n+1} + 3^{n+1}}$. Ответ запишите в виде десятичной дроби, округлив по правилам математического округления до 3 знаков после запятой.",Предел отношения степенных функций,"Вычислить предел отношения выражений с разными основаниями степеней при n, стремящемся к бесконечности.",Мат. анализ,легкий
Докажите критерий факторизации Неймана–Фишера: статистика \(T\) достаточна \(\Leftrightarrow\) \(f(x;\theta)=g(T(x);\theta)h(x)\).,Критерий факторизации Неймана–Фишера,"Доказать, что статистика T достаточна тогда и только тогда, когда плотность вероятности f(x;θ) может быть разложена на произведение g(T(x);θ)h(x).",Теор. вер. и статистика,сложный
"Вычислить интеграл: $\displaystyle \int_{0}^{\sqrt{\pi}} x \cos x^2 dx$. Ответ запишите в виде десятичной дроби, округлив по правилам математического округления до 3 знаков после запятой.",Вычисление определенного интеграла,Вычислить определенный интеграл функции $x \cos x^2$ от 0 до $\sqrt{\pi}$.,Мат. анализ,легкий
"Докажите теорему Рао–Блэквелла: если \(\hat\theta\) несмещённая и \(T\) достаточная, то \(\tilde\theta=E[\hat\theta\mid T]\) несмещённа и не хуже по дисперсии.",Теорема Рао–Блэквелла,"Доказать, что условное математическое ожидание несмещенной оценки относительно достаточной статистики является несмещенной оценкой с не большей дисперсией.",Теор. вер. и статистика,сложный
"Пусть \(C([a,b])\) снабжено нормой \(\|\cdot\|_\infty\). Требуется показать полноту: всякая фундаментальная последовательность равномерно сходится к непрерывной функции.",Полнота пространства непрерывных функций,"Показать полноту пространства C([a,b]) с равномерной нормой.",функ. анализ,сложный
"Вычисли $ \displaystyle \lim_{x \rightarrow \infty}\sqrt[3]{x^3+x^2+1}-\sqrt[3]{x^3-x^2+1}$. Ответ запиши в виде десятичной дроби, округлив по правилам математического округления до 3 знаков после запятой.",Вычисление предела с корнями,Вычислить предел разности кубических корней при x стремящемся к бесконечности.,Мат. анализ,средний
"Докажите неравенство рангов: \(\operatorname{rank}(AB)\le \min\{\operatorname{rank}A,\operatorname{rank}B\}\).",Неравенство рангов,"Доказать, что ранг произведения матриц не превосходит минимума рангов сомножителей.",Линал и геометрия,средний
"Пусть $a$ — положительный корень уравнения $x^{2017} - x - 1 = 0$, а $b$ — положительный корень уравнения $y^{4034} - y = 3a$. Найдите десятый знак после запятой числа $|a - b|$. Ответ запишите в виде десятичной дроби, округлив по правилам математического округления до 3 знаков после запятой.",Вычисление разности корней уравнений,"Найти десятый знак после запятой числа |a - b|, где a и b - корни заданных уравнений.",Мат. анализ,сложный
"Докажите, что спектральная норма \(\|A\|_2=\sqrt{\lambda_{\max}(A^{\top}A)}\).",Доказательство спектральной нормы,Доказать формулу для спектральной нормы матрицы A.,Линал и геометрия,средний
"Вычислить интеграл: $\displaystyle \int_{0}^{\sqrt{\pi}} x \cos x^2 dx$. Ответ запишите в виде десятичной дроби, округлив по правилам математического округления до 3 знаков после запятой.",Вычисление определенного интеграла,Вычислить определенный интеграл функции $x \cos x^2$ на отрезке от 0 до $\sqrt{\pi}$.,Мат. анализ,легкий
"Вычисли $ \displaystyle \lim_{x \rightarrow \pi/6}(2\sin^2 x + \sin x - 1)/(2\sin^2 x -3 \sin x +1)$. Ответ запиши в виде десятичной дроби, округлив по правилам математического округления до 3 знаков после запятой.",Вычисление предела функции,"Вычислить предел рациональной функции при x, стремящемся к pi/6",Мат. анализ,средний
"Вычислить интеграл: $\displaystyle \int_{2}^{3} e^{x^2} dx$. Ответ запишите в виде десятичной дроби, округлив по правилам математического округления до 3 знаков после запятой.",Вычисление определённого интеграла,Вычислить определённый интеграл от e в степени x квадрат.,Мат. анализ,сложный
"Докажите теорему Слуцкого: если \(X_n\Rightarrow X\) и \(Y_n\to c\) по вероятности, то \(X_n+Y_n\Rightarrow X+c\) и \(X_nY_n\Rightarrow cX\).",Теорема Слуцкого,Доказать теорему Слуцкого о сходимости случайных величин.,Теор. вер. и статистика,сложный
"Пусть \(\{T_n\}\subset \mathcal{L}(X,Y)\) между банаховыми пространствами и \(\sup_n \|T_n x\|<\infty\) для каждого \(x\in X\). Требуется вывести \(\sup_n \|T_n\|<\infty\) (принцип равномерной ограниченности).",Принцип равномерной ограниченности,"Доказать, что если семейство линейных операторов между банаховыми пространствами поточечно ограничено, то оно равномерно ограничено.",функ. анализ,средний
"Рассмотрим \(f\in C^{n+1}([a,b])\). Требуется установить формулу Тейлора с остатком Лагранжа: \(f(x)=\sum_{k=0}^n \frac{f^{(k)}(x_0)}{k!}(x-x_0)^k+\frac{f^{(n+1)}(\xi)}{(n+1)!}(x-x_0)^{n+1}\).",Формула Тейлора с остатком Лагранжа,Доказать формулу Тейлора с остаточным членом в форме Лагранжа для функции класса C^(n+1).,Мат. анализ,средний
"Пусть \(f\in C([a,b])\) и \(\int_a^b f=0\), \(f\ge 0\). Требуется установить \(f\equiv 0\).",Доказательство тождественного нуля непрерывной неотрицательной функции с нулевым интегралом,"Доказать, что если непрерывная неотрицательная функция на отрезке имеет нулевой интеграл, то она тождественно равна нулю.",Мат. анализ,легкий
Докажите теорему Арцела–Асколи: на компакте \(K\) любая равномерно ограниченная и равностепенно непрерывная семейство \(\mathcal{F}\) относительно \(\|\cdot\|_\infty\) предкомпактно.,Теорема Арцела–Асколи,"Доказать, что на компакте K любое равномерно ограниченное и равностепенно непрерывное семейство функций предкомпактно.",функ. анализ,сложный
"Найдите сумму ряда: $\displaystyle \frac{1}{1 \cdot 2} + \frac{1}{2 \cdot 3} + \frac{1}{3 \cdot 4} + \frac{1}{4 \cdot 5} + \ldots$. Ответ запишите в виде десятичной дроби, округлив по правилам математического округления до 3 знаков после запятой.",Сумма телескопического ряда,Найти сумму ряда $\sum_{n=1}^{\infty} \frac{1}{n(n+1)}$,Мат. анализ,легкий
"Пусть \(H\) — гильбертово пространство и \(\varphi\in H^*\) непрерывный функционал. Требуется установить существование единственного \(y\in H\) с \(\varphi(x)=\langle x,y\rangle\).",Теорема Рисса о представлении функционала,"Доказать существование и единственность элемента y в гильбертовом пространстве H, такого что непрерывный функционал φ может быть представлен как скалярное произведение с x.",функ. анализ,сложный
"Вычислить $\displaystyle \lim_{n \to \infty} \frac{3^n + 2^n}{5^n - 2^n + 1}$. Ответ запишите в виде десятичной дроби, округлив по правилам математического округления до 3 знаков после запятой.",Предел отношения степенных функций,Вычислить предел отношения степенных функций при n стремящемся к бесконечности.,Мат. анализ,легкий
"Вычислить $\displaystyle \lim_{n \to \infty} (\sqrt{n^6 + 3n^4 + n^3 + 1} - \sqrt{n^6 + n^4 + 2n^3 + 5})$. Ответ запишите в виде десятичной дроби, округлив по правилам математического округления до 3 знаков после запятой.",Предел с корнями,Вычислить предел разности корней,Мат. анализ,средний
"Пусть \(\sum_{n=1}^{\infty} f_n(x)\) и существуют константы \(M_n\) с \(|f_n(x)|\le M_n\) на \(X\), причём \(\sum M_n<\infty\). Требуется показать равномерную сходимость суммы.",Критерий Вейерштрасса для равномерной сходимости,"Показать равномерную сходимость ряда функций, используя мажорантный признак Вейерштрасса.",Мат. анализ,средний
"Вычислить несобственный интеграл: $\displaystyle \int_{-\infty}^{\sqrt{3}} \frac{dx}{1+x^2}$. Ответ запишите в виде десятичной дроби, округлив по правилам математического округления до 3 знаков после запятой.",Вычисление несобственного интеграла,Вычислить несобственный интеграл от функции 1/(1+x^2) в пределах от -бесконечности до корня из 3.,Мат. анализ,легкий
"Докажите: если |f'(x)|≤M на (a,b), то f — Lипшицева с константой M.",Доказательство Липшицевости функции,"Доказать, что если производная функции ограничена, то функция является Липшицевой.",Мат. анализ,средний
"Пусть \(X_1,\dots,X_n\) и матрица дизайна \(X\) полного столбцового ранга. Требуется установить существование и форму МНК-оценки \(\hat\beta=(X^TX)^{-1}X^Ty\) как решения условия ортогональности остатков.",Существование и форма МНК-оценки,Доказать существование и вывести формулу МНК-оценки на основе условия ортогональности остатков.,Теор. вер. и статистика,средний
"Вычислить интеграл: $\displaystyle \int_{2}^{3} e^{x^2} dx$. Ответ запишите в виде десятичной дроби, округлив по правилам математического округления до 3 знаков после запятой.",Вычисление неберущегося интеграла,Вычислить определенный интеграл от e в степени x^2.,Мат. анализ,сложный
"Пусть \(X_1,\dots,X_n\) и матрица дизайна \(X\) полного столбцового ранга. Требуется установить существование и форму МНК-оценки \(\hat\beta=(X^TX)^{-1}X^Ty\) как решения условия ортогональности остатков.",Существование и форма МНК-оценки,Доказать существование и вывести формулу МНК-оценки как решения условия ортогональности остатков.,Теор. вер. и статистика,средний
"Вычисли $ \displaystyle \int_1^2 (x^2+1/x + 1/x^3) dx$. Ответ запиши в виде десятичной дроби, округлив по правилам математического округления до 3 знаков после запятой.",Вычисление определённого интеграла,Вычислить определённый интеграл от многочлена и степенных функций.,Мат. анализ,легкий
"Вычисли $ \displaystyle \lim_{x \rightarrow 0} ((1+x)(1+2x)(1+3x)-1)/x$. Ответ запиши в виде десятичной дроби, округлив по правилам математического округления до 3 знаков после запятой.",Вычисление предела функции,"Найти предел функции при x, стремящемся к 0.",Мат. анализ,легкий
"Вычисли $ \displaystyle \lim_{x \rightarrow 1} (x^2-1)/(2x^2-x-1)$. Ответ запиши в виде десятичной дроби, округлив по правилам математического округления до 3 знаков после запятой.",Вычисление предела функции,"Найти предел функции при x, стремящемся к 1.",Мат. анализ,легкий
"Докажите вторую лемму Бореля–Кантелли: если \(A_n\) независимы и \(\sum P(A_n)=\infty\), то \(P(A_n \text{ i.o.})=1\).",Вторая лемма Бореля-Кантелли,Доказать вторую лемму Бореля-Кантелли для независимых событий.,Теор. вер. и статистика,сложный
"Двенадцать букв $ A,B,C,D,E,F,G,H,I,J,K,L $ случайным образом разбиваются на шесть пар. Две буквы в каждой паре ставятся рядом в алфавитном порядке, образуя шестибуквенные слова, и эти шесть слов перечисляются в алфавитном порядке. Например, $ AB, CJ,DG,EK,FL,HI. $ Вероятность того, что последнее слово в спмске содержит $ G, $ равна $ \dfrac{m}{n}, $ где $m $ и $ n - $взаимно простые положительные целые числа. Найди $ m+n.$Ответ запишите в виде десятичной дроби, округлив по правилам математического округления до 3 знаков после запятой.",Вероятность наличия буквы G в последнем слове,"Двенадцать букв случайным образом разбиваются на шесть пар. Каждая пара образует двухбуквенное слово. Эти шесть слов перечисляются в алфавитном порядке. Найти вероятность того, что последнее слово содержит G.",Теор. вер. и статистика,сложный
"Из букв А, А, М, М наугад составляют слово. Найти вероятность получить ""МАМА"". Ответ запишите в виде десятичной дроби, округлив по правилам математического округления до 3 знаков после запятой.",Вероятность составить слово,"Найти вероятность составить слово 'МАМА' из букв А, А, М, М.",Теор. вер. и статистика,легкий
"Вычисли $ \displaystyle \lim_{x \rightarrow \infty} ((x-1)(x-2)(x-3)(x-4)(x-5))/(5x-1)^5$. Ответ запиши в виде десятичной дроби, округлив по правилам математического округления до 5 знаков после запятой.",Предел отношения многочленов,Вычислить предел отношения многочленов при x стремящемся к бесконечности.,Мат. анализ,легкий
"Дан ортогональный проектор \(P=P^T=P^2\). Требуется показать, что \(\mathrm{tr}\,P=\mathrm{rank}\,P\).",След и ранг ортогонального проектора,"Доказать, что след ортогонального проектора равен его рангу.",Линал и геометрия,средний
"Пусть \(H\) — гильбертово пространство и \(\varphi\in H^*\) непрерывный функционал. Требуется установить существование единственного \(y\in H\) с \(\varphi(x)=\langle x,y\rangle\).",Теорема Рисса о представлении функционала,"Доказать существование и единственность элемента y в гильбертовом пространстве, представляющего непрерывный линейный функционал.",функ. анализ,сложный
"Вычисли $ \displaystyle \lim_{x \rightarrow 0}(\sqrt[3]{8+3x-x^2}-2)/(x+x^2)$. Ответ запиши в виде десятичной дроби, округлив по правилам математического округления до 3 знаков после запятой.",Вычисление предела функции,Вычислить предел функции при x стремящемся к 0.,Мат. анализ,средний
Докажите: непрерывная биекция между компактами имеет непрерывную обратную.,Непрерывность обратной функции для биекции на компактах,"Доказать, что непрерывная биекция между компактами имеет непрерывную обратную.",Мат. анализ,средний
"Вычислить несобственный интеграл: $\displaystyle \int_{-\infty}^{+\infty} \frac{dx}{1+x^2}$. Ответ запишите в виде десятичной дроби, округлив по правилам математического округления до 3 знаков после запятой.",Вычисление несобственного интеграла,Вычислить несобственный интеграл от функции 1/(1+x^2) от минус бесконечности до плюс бесконечности.,Мат. анализ,легкий
"Докажите неравенство Сильвестра: если \(A\in\mathbb{F}^{m\times n}\), \(B\in\mathbb{F}^{n\times p}\), то \(\operatorname{rank}(AB)\ge \operatorname{rank}A+\operatorname{rank}B-n\).",Неравенство Сильвестра для рангов матриц,"Доказать, что ранг произведения матриц A и B не меньше суммы рангов A и B минус n.",Линал и геометрия,средний
Докажите теорему Арцела–Асколи: на компакте \(K\) любая равномерно ограниченная и равностепенно непрерывная семейство \(\mathcal{F}\) относительно \(\|\cdot\|_\infty\) предкомпактно.,Теорема Арцела–Асколи,"Доказать, что на компакте K любое равномерно ограниченное и равностепенно непрерывное семейство функций предкомпактно.",функ. анализ,сложный
"Вычислить $\displaystyle \lim_{n \to \infty} \frac{3^n + 2^n}{5^n - 2^n + 1}$. Ответ запишите в виде десятичной дроби, округлив по правилам математического округления до 3 знаков после запятой.",Предел отношения степенных функций,Вычислить предел $\lim_{n \to \infty} \frac{3^n + 2^n}{5^n - 2^n + 1}$.,Мат. анализ,легкий
Пусть \(A\in M_{m\times n}(\mathbb{R})\). Требуется обосновать равенство \( \mathcal{N}(A) = \mathcal{R}(A^T)^\perp\).,Ядро матрицы и ортогональное дополнение образа транспонированной матрицы,Обосновать равенство ядра матрицы и ортогонального дополнения образа транспонированной матрицы.,Линал и геометрия,средний
"Решите уравнение $2 \sin \frac{\pi x}{2} - 2 \cos \pi x = x^5 + 10x - 54$. Ответ запишите в виде десятичной дроби, округлив по правилам математического округления до 3 знаков после запятой.",Решение тригонометрического уравнения с многочленом,Решить уравнение $2 \sin \frac{\pi x}{2} - 2 \cos \pi x = x^5 + 10x - 54$.,Мат. анализ,средний
"Вычислить $\displaystyle \lim_{n \to \infty} \left(\frac{3n + 1}{4n + 5}\right)^n$. Ответ запишите в виде десятичной дроби, округлив по правилам математического округления до 3 знаков после запятой.",Предел последовательности со степенью,Вычислить предел последовательности $\left(\frac{3n + 1}{4n + 5}\right)^n$ при $n \to \infty$.,Мат. анализ,средний
"Решите уравнение $2 \sin \frac{\pi x}{2} - 2 \cos \pi x = x^5 + 10x - 54$. Ответ запишите в виде десятичной дроби, округлив по правилам математического округления до 3 знаков после запятой.",Решение трансцендентного уравнения,Решить трансцендентное уравнение $2 \sin \frac{\pi x}{2} - 2 \cos \pi x = x^5 + 10x - 54$.,Мат. анализ,сложный
"Пусть \(\{f_n\}\subset C^1([a,b])\) и \(f_n\to f\) равномерно, \(f_n'\to g\) равномерно. Требуется установить дифференцируемость \(f\) и \(f'=g\).",Равномерная сходимость последовательности функций и их производных,Доказать дифференцируемость предельной функции и равенство ее производной пределу производных при равномерной сходимости.,Мат. анализ,средний
"Вычисли $ \displaystyle \lim_{x \rightarrow \pi/3}\sin(x-\pi/3)/(1-2\cos x)$. Ответ запиши в виде десятичной дроби, округлив по правилам математического округления до 3 знаков после запятой.",Вычисление предела функции,Вычислить предел функции $\sin(x-\pi/3)/(1-2\cos x)$ при $x \rightarrow \pi/3$.,Мат. анализ,средний
"Пусть \(\{f_n\}\subset C^1([a,b])\) и \(f_n\to f\) равномерно, \(f_n'\to g\) равномерно. Требуется установить дифференцируемость \(f\) и \(f'=g\).",Равномерная сходимость производных,Доказать дифференцируемость функции и равенство производной пределу производных при равномерной сходимости.,Мат. анализ,средний
"Вычисли $ \displaystyle \lim_{x \rightarrow 0}(\sqrt[3]{8+3x-x^2}-2)/(x+x^2)$. Ответ запиши в виде десятичной дроби, округлив по правилам математического округления до 3 знаков после запятой.",Вычисление предела функции,Найти предел функции при x стремящемся к 0.,Мат. анализ,средний
"Пусть \(A\in M_n(\mathbb{F})\) диагонализуема с собственными значениями \(\lambda_i\). Требуется установить, что \(\det A=\prod_i \lambda_i\) и \(\mathrm{tr}\,A=\sum_i \lambda_i\).",Связь определителя и следа с собственными значениями,"Доказать, что для диагонализуемой матрицы определитель равен произведению собственных значений, а след — их сумме.",Линал и геометрия,средний
"Вычислить несобственный интеграл: $\displaystyle \int_{-\infty}^{+\infty} xe^{-x^2} dx$. Ответ запишите в виде десятичной дроби, округлив по правилам математического округления до 3 знаков после запятой.",Вычисление несобственного интеграла,Вычислить несобственный интеграл от функции xe^(-x^2) от минус бесконечности до плюс бесконечности.,Мат. анализ,легкий
"Докажите критерий Лебега интегрируемости по Риману: ограниченная \(f\) на \([a,b]\) риманова интегрируема \(\Leftrightarrow\) множество разрывов \(D_f\) имеет меру Лебега \(0\).",Критерий Лебега интегрируемости по Риману,"Доказать, что ограниченная функция интегрируема по Риману тогда и только тогда, когда множество её разрывов имеет меру Лебега нуль.",Мат. анализ,сложный
"Вычисли $ \displaystyle \int_0^1 \sqrt{\tan^2(x)+2\tan(x)+2}dx$.Ответ запишите в виде десятичной дроби, округлив по правилам математического округления до 3 знаков после запятой.",Вычисление определённого интеграла с тангенсом,Вычислить определённый интеграл от корня из квадратного трёхчлена с тангенсом.,Мат. анализ,средний
"Вычислить несобственный интеграл: $\displaystyle \int_{1}^{+\infty} \frac{dx}{x^2}$. Ответ запишите в виде десятичной дроби, округлив по правилам математического округления до 3 знаков после запятой.",Вычисление несобственного интеграла от 1/x^2,Вычислить несобственный интеграл от функции 1/x^2 на интервале от 1 до бесконечности.,Мат. анализ,легкий
"Вычисли $ \displaystyle \lim_{x \rightarrow 1} (x^{100}-2x+1)/(x^{50}-2x+1)$. Ответ запиши в виде десятичной дроби, округлив по правилам математического округления до 3 знаков после запятой.",Вычисление предела функции,Вычислить предел функции при x стремящемся к 1.,Мат. анализ,средний
"Парабола с уравнением $ y=x^2-4 $ поворачивается на $ 60^{\circ} $ против часовой стрелки вокруг начала координат. Единственная точка в четвертом квадранте, где исходная парабола и ее образ пересекаются, имеет координату $ y, $ равную $ \dfrac{a-\sqrt{b}}{c}, $ где $ a,b,c- $ положительные целые числа, и $ a $ и $ c $ взаимно просты. Найди $ a+b+c.$Ответ запишите в виде десятичной дроби, округлив по правилам математического округления до 3 знаков после запятой.",Пересечение параболы и ее образа после поворота,Найти y-координату точки пересечения параболы и ее образа после поворота на 60 градусов,Линал и геометрия,сложный
"Вычисли $ \displaystyle \lim_{x \rightarrow 8}(\sqrt{9+2x}-5)/(\sqrt[3]{x}-2)$. Ответ запиши в виде десятичной дроби, округлив по правилам математического округления до 3 знаков после запятой.",Вычисление предела функции,Найти предел функции при x стремящемся к 8.,Мат. анализ,средний
"Докажите: если оператор диагонализируем, то его минимальный многочлен не имеет кратных корней.",Минимальный многочлен диагонализируемого оператора,"Доказать, что минимальный многочлен диагонализируемого оператора не имеет кратных корней.",Линал и геометрия,средний
Пусть \(\mathcal{G}\subset\mathcal{F}\) и \(X\in L^1\). Требуется установить «башенное» свойство: \(\mathbb{E}[\mathbb{E}[X\mid \mathcal{G}]]=\mathbb{E}[X]\).,Башенное свойство математического ожидания,Доказать башенное свойство математического ожидания для случайной величины X из L^1 и сигма-алгебр G и F.,Теор. вер. и статистика,средний
"Вычислить определитель: \[ \begin{vmatrix} 3 & 2 & -1 \\ 1 & 4 & 1 \\ -2 & 6 & 4 \\ \end{vmatrix} \] Ответ запишите в виде десятичной дроби, округлив по правилам математического округления до 3 знаков после запятой.",Вычисление определителя матрицы 3x3,Вычислить определитель матрицы 3x3 и округлить результат.,Линал и геометрия,легкий
"Вычисли $ \displaystyle \lim_{x \rightarrow 0}(\operatorname{tg}x-\operatorname{sin}x)/\operatorname{sin}^3x$. Ответ запиши в виде десятичной дроби, округлив по правилам математического округления до 3 знаков после запятой.",Вычисление предела с тригонометрическими функциями,"Вычислить предел отношения разности тангенса и синуса к кубу синуса при x, стремящемся к нулю.",Мат. анализ,средний
"Найдите рациональные корни многочлена: $x^5 - 2x^4 - 4x^3 + 4x^2 - 5x + 6$. Ответы запишите в виде десятичной дроби, округлив по правилам математического округления до 3 знаков после запятой, по возрастанию.",Нахождение рациональных корней многочлена,Найти рациональные корни многочлена $x^5 - 2x^4 - 4x^3 + 4x^2 - 5x + 6$.,Мат. анализ,средний
"Пусть \(f\in L^1([0,1])\) и \(S_N(x)=\sum_{k=-N}^N \hat f(k)e^{ikx}\). Требуется установить \(\|S_N\|_{L^1}\) ограниченность и \( \hat f(k)\to 0\).",Ограниченность норм частичных сумм ряда Фурье и стремление коэффициентов Фурье к нулю,Доказать ограниченность нормы частичных сумм ряда Фурье и стремление коэффициентов Фурье к нулю для функции из L1.,Мат. анализ,сложный
"Вычисли $ \displaystyle \lim_{x \rightarrow 3}(\sqrt{x+13}-2\sqrt{x+1})/(x^2-9)$. Ответ запиши в виде десятичной дроби, округлив по правилам математического округления до 3 знаков после запятой.",Вычисление предела функции,Вычислить предел функции при x стремящемся к 3,Мат. анализ,средний
"Вычислить $\displaystyle \lim_{n \to \infty} (\sqrt{n^4 + 2n^3 + 1} - \sqrt{n^4 + n^3 + 2n + 1})$. Ответ запишите в виде десятичной дроби, округлив по правилам математического округления до 3 знаков после запятой.",Предел с корнями,Вычислить предел разности квадратных корней.,Мат. анализ,средний
"Докажите интегральную форму неравенства Йенсена: при выпуклой \(\varphi\) и интегрируемой \(f\) на \([a,b]\) верно \(\varphi\!\left(\frac{1}{b-a}\int_a^b f\right)\le \frac{1}{b-a}\int_a^b \varphi\circ f\).",Интегральная форма неравенства Йенсена,Доказать интегральную форму неравенства Йенсена для выпуклой функции и интегрируемой функции.,Мат. анализ,средний
"Вычисли $ \displaystyle \lim_{x \rightarrow 3} (x^2-5x+6)/(x^2-8x+15)$. Ответ запиши в виде десятичной дроби, округлив по правилам математического округления до 3 знаков после запятой.",Вычисление предела рациональной функции,"Найти предел рациональной функции при x, стремящемся к 3.",Мат. анализ,легкий
"Вычисли $ \displaystyle \lim_{n \rightarrow \infty} 10000n/(n^2+1)$. Ответ запиши в виде десятичной дроби, округлив по правилам математического округления до 3 знаков после запятой.",Вычисление предела отношения многочленов,Вычислить предел функции при n стремящемся к бесконечности.,Мат. анализ,легкий
"Докажите: если \(P\) удовлетворяет \(P^2=P\), то спектр \(P\subset\{0,1\}\).",Спектр проектора,"Доказать, что если P^2=P, то спектр P содержится в {0,1}.",Линал и геометрия,средний
"Дан линейно независимый набор \(v_1,\dots,v_k\) в евклидовом пространстве. Требуется построить ортонормированный набор \(u_1,\dots,u_k\) с \(\mathrm{span}\{u_i\}=\mathrm{span}\{v_i\}\).",Ортогонализация Грама-Шмидта,Построение ортонормированного базиса из линейно независимого набора векторов,Линал и геометрия,средний
"Кусочно-линейная периодическая функция определена как: $f(x)=$ \begin{cases} x, \text{если } x\in [-1;1)\\ 2-x, \text{если } x \in [1;3) \end{cases} и $f(x+4) = f(x) $ для всех действительных $ x. $ График $f(x) $ имеет пилообразную форму. Парабола $ x =34y^2 $ пересекает график $f(x) $ в конечном числе точек. Сумма $ y-$координат этих точек пересечения может быть выражена в виде $ \dfrac{a+b\sqrt{c}}{d}, $ где $a,b,c,d - $ положительные целые числа, $a,b,d $ взаимно просты, а $ c $ не делится на квадрат любого просто числа. Найди $ a+b+c+d.$Ответ запишите в виде десятичной дроби, округлив по правилам математического округления до 3 знаков после запятой.",Пересечение кусочно-линейной функции и параболы,Найти сумму y-координат точек пересечения кусочно-линейной периодической функции и параболы.,Мат. анализ,сложный
"Брошено три монеты. Найти вероятность, что выпало не больше двух «гербов». Ответ запишите в виде десятичной дроби, округлив по правилам математического округления до 3 знаков после запятой.",Вероятность выпадения не более двух гербов при бросании трех монет,Найти вероятность выпадения не более двух гербов при бросании трех монет.,Теор. вер. и статистика,легкий
"Вычисли $ \displaystyle \int_1^2 \left(\dfrac{\cos^8x+\sin^8x-1}{\cos^6x+\sin^6x-1}+\dfrac{2}{3}\cos^2x\sin^2x\right)dx$.Ответ запишите в виде десятичной дроби, округлив по правилам математического округления до 3 знаков после запятой.",Вычисление определённого интеграла,Вычислить определённый интеграл от тригонометрической функции.,Мат. анализ,средний
"Рассмотрим \(f\in C^{n+1}([a,b])\). Требуется установить формулу Тейлора с остатком Лагранжа: \(f(x)=\sum_{k=0}^n \frac{f^{(k)}(x_0)}{k!}(x-x_0)^k+\frac{f^{(n+1)}(\xi)}{(n+1)!}(x-x_0)^{n+1}\).",Формула Тейлора с остатком Лагранжа,Доказать формулу Тейлора с остаточным членом в форме Лагранжа для функции класса C^(n+1).,Мат. анализ,средний
"Вычислить $\displaystyle \lim_{n \to \infty} \left(\frac{3n + 1}{4n + 5}\right)^n$. Ответ запишите в виде десятичной дроби, округлив по правилам математического округления до 3 знаков после запятой.",Предел последовательности со степенью,Вычислить предел последовательности вида f(n)^n при n стремящемся к бесконечности.,Мат. анализ,средний
"Вычисли $ \displaystyle \lim_{x \rightarrow \infty} ((x-1)(x-2)(x-3)(x-4)(x-5))/(5x-1)^5$. Ответ запиши в виде десятичной дроби, округлив по правилам математического округления до 5 знаков после запятой.",Предел рациональной функции,Вычислить предел при x стремящемся к бесконечности для заданной рациональной функции.,Мат. анализ,легкий
"Вычислить $\displaystyle \lim_{n \to \infty} \left(\frac{3n + 1}{4n + 5}\right)^n$. Ответ запишите в виде десятичной дроби, округлив по правилам математического округления до 3 знаков после запятой.",Предел последовательности со степенью,Вычислить предел последовательности $\left(\frac{3n + 1}{4n + 5}\right)^n$ при $n \to \infty$.,Мат. анализ,средний
Докажите мультипликативность определителя: det(AB)=det A·det B для квадратных матриц.,Мультипликативность определителя,Доказать det(AB)=det A·det B для квадратных матриц.,Линал и геометрия,средний
"Докажите теорему Слуцкого: если \(X_n\Rightarrow X\) и \(Y_n\to c\) по вероятности, то \(X_n+Y_n\Rightarrow X+c\) и \(X_nY_n\Rightarrow cX\).",Теорема Слуцкого,Доказать теорему Слуцкого о сходимости случайных величин.,Теор. вер. и статистика,средний
"Вычислить определитель: \[ \begin{vmatrix} 3 & 2 & -1 \\ 1 & 4 & 1 \\ -2 & 6 & 4 \\ \end{vmatrix} \] Ответ запишите в виде десятичной дроби, округлив по правилам математического округления до 3 знаков после запятой.",Вычисление определителя матрицы 3x3,Вычислить определитель матрицы 3x3.,Линал и геометрия,легкий
"Докажите: если последовательность непрерывных функций на [a,b] равномерно сходится к f, то {∫ f_n} сходится к ∫ f.",Интегрирование равномерно сходящейся последовательности функций,"Доказать, что если последовательность непрерывных функций равномерно сходится, то последовательность их интегралов сходится к интегралу предельной функции.",Мат. анализ,средний
"Вычисли $ \displaystyle \lim_{x \rightarrow -1}(x^3-2x-1)/(x^5-2x-1)$. Ответ запиши в виде десятичной дроби, округлив по правилам математического округления до 3 знаков после запятой.",Вычисление предела рациональной функции,"Вычислить предел рациональной функции при x, стремящемся к -1.",Мат. анализ,легкий
"Вычисли $ \displaystyle \lim_{x \rightarrow 3}(\sqrt{x+13}-2\sqrt{x+1})/(x^2-9)$. Ответ запиши в виде десятичной дроби, округлив по правилам математического округления до 3 знаков после запятой.",Вычисление предела с иррациональностями,"Вычислить предел функции с корнями при x, стремящемся к 3.",Мат. анализ,средний
"Двенадцать букв $ A,B,C,D,E,F,G,H,I,J,K,L $ случайным образом разбиваются на шесть пар. Две буквы в каждой паре ставятся рядом в алфавитном порядке, образуя шестибуквенные слова, и эти шесть слов перечисляются в алфавитном порядке. Например, $ AB, CJ,DG,EK,FL,HI. $ Вероятность того, что последнее слово в спмске содержит $ G, $ равна $ \dfrac{m}{n}, $ где $m $ и $ n - $взаимно простые положительные целые числа. Найди $ m+n.$Ответ запишите в виде десятичной дроби, округлив по правилам математического округления до 3 знаков после запятой.","Вероятность того, что последнее слово в списке содержит G","Двенадцать букв разбиваются на шесть пар. Каждая пара образует двухбуквенное слово. Шесть слов перечисляются в алфавитном порядке. Найти вероятность того, что последнее слово содержит G.",Теор. вер. и статистика,сложный
"Вычисли $ \displaystyle \lim_{x \rightarrow \pi/3}\sin(x-\pi/3)/(1-2\cos x)$. Ответ запиши в виде десятичной дроби, округлив по правилам математического округления до 3 знаков после запятой.",Вычисление предела функции,Вычислить предел функции при x стремящемся к π/3,Мат. анализ,средний
"Пусть \(X\) — метрическое пространство, \(K\subset X\) компактно, \(f:K\to \mathbb{R}\) непрерывна и инъективна. Требуется установить непрерывность \(f^{-1}\).",Непрерывность обратной функции на компакте,"Доказать непрерывность обратной функции для непрерывной инъективной функции, определенной на компакте.",Мат. анализ,сложный
"Вычислить $\displaystyle \lim_{n \to \infty} \frac{\cos (n^2 - 1)}{2^n}$. Ответ запишите в виде десятичной дроби, округлив по правилам математического округления до 3 знаков после запятой.",Предел отношения косинуса к экспоненте,Вычислить предел $\lim_{n \to \infty} \frac{\cos (n^2 - 1)}{2^n}$.,Мат. анализ,легкий
"Вычисли $ \displaystyle \lim_{x \rightarrow -1}(x^3-2x-1)/(x^5-2x-1)$. Ответ запиши в виде десятичной дроби, округлив по правилам математического округления до 3 знаков после запятой.",Вычисление предела функции,Вычислить предел отношения многочленов при x стремящемся к -1.,Мат. анализ,легкий
"Вычисли $ \displaystyle \int_0^2 (2x-1)/(2x+1) dx$. Ответ запиши в виде десятичной дроби, округлив по правилам математического округления до 3 знаков после запятой.",Вычисление определенного интеграла,Вычислить определенный интеграл от рациональной функции,Мат. анализ,легкий
Докажите теорему Арцела–Асколи: на компакте \(K\) любая равномерно ограниченная и равностепенно непрерывная семейство \(\mathcal{F}\) относительно \(\|\cdot\|_\infty\) предкомпактно.,Теорема Арцела–Асколи,Доказательство теоремы Арцела–Асколи о предкомпактности семейств функций.,функ. анализ,сложный
"Пусть \(X_1,\dots,X_n\) и матрица дизайна \(X\) полного столбцового ранга. Требуется установить существование и форму МНК-оценки \(\hat\beta=(X^TX)^{-1}X^Ty\) как решения условия ортогональности остатков.",Существование и форма МНК-оценки,Доказать существование и вывести формулу МНК-оценки как решения условия ортогональности остатков.,Теор. вер. и статистика,средний
"Вычислить интеграл: $\displaystyle \int_{-1/2}^{1/2} \frac{dx}{\sqrt{1 - x^2}}$. Ответ запишите в виде десятичной дроби, округлив по правилам математического округления до 3 знаков после запятой.",Вычисление определенного интеграла,Вычислить определенный интеграл от функции 1/sqrt(1-x^2) в заданных пределах.,Мат. анализ,легкий
Докажите: непрерывная биекция между компактами имеет непрерывную обратную.,Непрерывность обратной функции для биекции на компактах,"Доказать, что непрерывная биекция между компактами имеет непрерывную обратную.",Мат. анализ,средний
"Из букв А, А, М, М наугад составляют слово. Найти вероятность получить ""МАМА"". Ответ запишите в виде десятичной дроби, округлив по правилам математического округления до 3 знаков после запятой.",Вероятность составить слово из заданных букв,"Найти вероятность составить слово 'МАМА' из букв А, А, М, М.",Теор. вер. и статистика,легкий
"Найдите сумму ряда: $\displaystyle \frac{1}{1 \cdot 2} + \frac{1}{2 \cdot 3} + \frac{1}{3 \cdot 4} + \frac{1}{4 \cdot 5} + \ldots$. Ответ запишите в виде десятичной дроби, округлив по правилам математического округления до 3 знаков после запятой.",Сумма телескопического ряда,Найти сумму ряда $\sum_{n=1}^{\infty} \frac{1}{n(n+1)}$,Мат. анализ,легкий
"Докажите: если последовательность непрерывных функций на [a,b] равномерно сходится к f, то {∫ f_n} сходится к ∫ f.",Интегрирование равномерно сходящейся последовательности функций,"Доказать, что предел интегралов равен интегралу предела для равномерно сходящейся последовательности непрерывных функций.",Мат. анализ,средний
Пусть \(f_n\searrow f\) непрерывны на компакте \(K\) и \(f\) непрерывна. Требуется показать равномерную сходимость \(f_n\to f\) (теорема Дини).,Теорема Дини,"Доказать равномерную сходимость последовательности непрерывных функций на компакте, сходящейся поточечно к непрерывной функции.",Мат. анализ,средний
"Вычислить $\displaystyle \lim_{n \to \infty} \left(\frac{3n + 1}{4n + 5}\right)^n$. Ответ запишите в виде десятичной дроби, округлив по правилам математического округления до 3 знаков после запятой.",Предел последовательности с показателем n,Вычислить предел вида (P(n)/Q(n))^n при n стремящемся к бесконечности.,Мат. анализ,средний
"Двенадцать букв $ A,B,C,D,E,F,G,H,I,J,K,L $ случайным образом разбиваются на шесть пар. Две буквы в каждой паре ставятся рядом в алфавитном порядке, образуя шестибуквенные слова, и эти шесть слов перечисляются в алфавитном порядке. Например, $ AB, CJ,DG,EK,FL,HI. $ Вероятность того, что последнее слово в спмске содержит $ G, $ равна $ \dfrac{m}{n}, $ где $m $ и $ n - $взаимно простые положительные целые числа. Найди $ m+n.$Ответ запишите в виде десятичной дроби, округлив по правилам математического округления до 3 знаков после запятой.",Вероятность наличия буквы G в последнем слове,"Двенадцать букв случайным образом разбиваются на шесть пар. Каждая пара образует двухбуквенное слово. Эти шесть слов перечисляются в алфавитном порядке. Найти вероятность того, что последнее слово содержит G.",Теор. вер. и статистика,сложный
"Пусть $ N - $ количество троек натуральных чисел $ (a,b,c) $ таких, что $a,b,c \leq 3^6 $ и $ a^3+b^3+c^3 $ делится на $ 3^7. $ Найди остаток от деления $ N $ на 1000.Ответ запишите в виде десятичной дроби, округлив по правилам математического округления до 3 знаков после запятой.","Количество троек чисел, удовлетворяющих условию делимости","Найти количество троек натуральных чисел (a,b,c) таких, что a,b,c <= 3^6 и a^3+b^3+c^3 делится на 3^7, и найти остаток от деления этого количества на 1000.",теория чисел,сложный
"Вычисли $ \displaystyle \lim_{x \rightarrow -2}(\sqrt[3]{x-6}+2)/(x^3+8)$. Ответ запиши в виде десятичной дроби, округлив по правилам математического округления до 3 знаков после запятой.",Вычисление предела функции,Вычислить предел функции при x стремящемся к -2.,Мат. анализ,средний
"Вычисли $ \displaystyle \int_0^2 (2x-1)/(2x+1) dx$. Ответ запиши в виде десятичной дроби, округлив по правилам математического округления до 3 знаков после запятой.",Вычисление определённого интеграла,Вычислить определённый интеграл от рациональной функции,Мат. анализ,легкий
"Вычисли $ \displaystyle \int_0^2 (2x-1)/(2x+1) dx$. Ответ запиши в виде десятичной дроби, округлив по правилам математического округления до 3 знаков после запятой.",Вычисление определённого интеграла,Вычислить определённый интеграл от рациональной функции.,Мат. анализ,легкий
"Вычисли $ \displaystyle \int_0^{0.9} \dfrac{x\arcsin(x)}{\sqrt{1-x^2}}dx$.Ответ запишите в виде десятичной дроби, округлив по правилам математического округления до 3 знаков после запятой.",Вычисление определенного интеграла с арксинусом,Вычислить определенный интеграл от функции с арксинусом.,Мат. анализ,средний
"Пусть \(H\) — гильбертово пространство и \(\varphi\in H^*\) непрерывный функционал. Требуется установить существование единственного \(y\in H\) с \(\varphi(x)=\langle x,y\rangle\).",Теорема Рисса о представлении функционала,"Доказать существование и единственность элемента y в гильбертовом пространстве H, такого что непрерывный функционал φ может быть представлен как скалярное произведение с y.",функ. анализ,сложный
"Вычисли $ \displaystyle \int_1^2 \left(\dfrac{x^4}{x^6+1}\right)^2dx$.Ответ запишите в виде десятичной дроби, округлив по правилам математического округления до 3 знаков после запятой.",Вычисление определённого интеграла,Вычислить определённый интеграл от рациональной функции.,Мат. анализ,средний
Докажите: непрерывная биекция между компактами имеет непрерывную обратную.,Непрерывность обратной функции для биекции на компактах,"Доказать, что непрерывная биекция между компактами имеет непрерывную обратную.",Мат. анализ,средний
Докажите: непрерывная биекция между компактами имеет непрерывную обратную.,Непрерывность обратной функции для биекции между компактами,"Доказать, что непрерывная биекция между компактами имеет непрерывную обратную.",Мат. анализ,средний
"Докажите теорему Слуцкого: если \(X_n\Rightarrow X\) и \(Y_n\to c\) по вероятности, то \(X_n+Y_n\Rightarrow X+c\) и \(X_nY_n\Rightarrow cX\).",Теорема Слуцкого,Доказать теорему Слуцкого о сходимости случайных величин.,Теор. вер. и статистика,сложный
"Вычислить интеграл: $\displaystyle \int_{0}^{\ln 2} x e^{-x} dx$. Ответ запишите в виде десятичной дроби, округлив по правилам математического округления до 3 знаков после запятой.",Вычисление определенного интеграла,Вычислить определенный интеграл функции xe^(-x) от 0 до ln(2).,Мат. анализ,легкий
"Пусть \(H\) — гильбертово пространство и \(\varphi\in H^*\) непрерывный функционал. Требуется установить существование единственного \(y\in H\) с \(\varphi(x)=\langle x,y\rangle\).",Теорема Рисса о представлении функционала,"Доказать существование и единственность элемента y в гильбертовом пространстве H, такого что непрерывный функционал φ может быть представлен как скалярное произведение с x.",функ. анализ,средний
"Вычисли $ \displaystyle \int_1^2 (x^2+1/x + 1/x^3) dx$. Ответ запиши в виде десятичной дроби, округлив по правилам математического округления до 3 знаков после запятой.",Вычисление определённого интеграла,Вычислить определённый интеграл от многочлена и дробных степеней.,Мат. анализ,легкий
"Вычисли $ \displaystyle \lim_{x \rightarrow 0}(\sqrt{1+x}-\sqrt{1-x})/(\sqrt[3]{1+x}-\sqrt[3]{1-x})$. Ответ запиши в виде десятичной дроби, округлив по правилам математического округления до 3 знаков после запятой.",Вычисление предела функции,"Найти предел функции при x, стремящемся к 0.",Мат. анализ,средний
"Докажите: если матрица A нильпотентна, то tr A=0.",След нильпотентной матрицы,"Доказать, что след нильпотентной матрицы равен нулю.",Линал и геометрия,средний
"Решите уравнение $2 \sin \frac{\pi x}{2} - 2 \cos \pi x = x^5 + 10x - 54$. Ответ запишите в виде десятичной дроби, округлив по правилам математического округления до 3 знаков после запятой.",Решение трансцендентного уравнения,Решить трансцендентное уравнение вида $2 \sin \frac{\pi x}{2} - 2 \cos \pi x = x^5 + 10x - 54$.,Мат. анализ,сложный
"Вычисли $ \displaystyle \lim_{x \rightarrow \infty}\sqrt[3]{x^3+x^2+1}-\sqrt[3]{x^3-x^2+1}$. Ответ запиши в виде десятичной дроби, округлив по правилам математического округления до 3 знаков после запятой.",Предел с кубическими корнями,Вычислить предел разности кубических корней.,Мат. анализ,средний
"Пусть \(f\) выпукла на интервале. Требуется установить, что \(f'\) существует почти всюду и неубывает там, где определена.",Свойства производной выпуклой функции,"Доказать, что производная выпуклой функции существует почти всюду и неубывает.",Мат. анализ,сложный
"Вычисли $ \displaystyle \lim_{x \rightarrow 3}(\sqrt{x+13}-2\sqrt{x+1})/(x^2-9)$. Ответ запиши в виде десятичной дроби, округлив по правилам математического округления до 3 знаков после запятой.",Вычисление предела с иррациональностью,"Вычислить предел функции с корнями при x, стремящемся к 3.",Мат. анализ,средний
"Вычисли $ \displaystyle \lim_{x \rightarrow \infty} ((x^2-1)/(x^2+1))^{(x-1)/(x+1)} $. Ответ запиши в виде десятичной дроби, округлив по правилам математического округления до 3 знаков после запятой.",Вычисление предела функции,Вычислить предел функции вида $f(x)^{g(x)}$ при $x \rightarrow \infty$.,Мат. анализ,средний
"Вычисли $ \displaystyle \lim_{x \rightarrow +\infty} \sin{\sqrt{x+1}} - \sin{\sqrt{x}}$. Ответ запиши в виде десятичной дроби, округлив по правилам математического округления до 3 знаков после запятой.",Предел разности синусов,Вычислить предел $\lim_{x \rightarrow +\infty} (\sin{\sqrt{x+1}} - \sin{\sqrt{x}})$.,Мат. анализ,средний
"Докажите: если оператор диагонализируем, то его минимальный многочлен не имеет кратных корней.",Минимальный многочлен диагонализируемого оператора,"Доказать, что минимальный многочлен диагонализируемого оператора не имеет кратных корней.",Линал и геометрия,средний
"Вычисли $ \displaystyle \int_{-1}^0 (2x^2-x+7)/(x+3) dx$. Ответ запиши в виде десятичной дроби, округлив по правилам математического округления до 3 знаков после запятой.",Вычисление определённого интеграла,Вычислить определённый интеграл от рациональной функции.,Мат. анализ,легкий
"Вычислить несобственный интеграл: $\displaystyle \int_{1}^{+\infty} \frac{dx}{x}$. Ответ запишите в виде десятичной дроби, округлив по правилам математического округления до 3 знаков после запятой.",Вычисление несобственного интеграла,Вычислить несобственный интеграл от 1 до бесконечности функции 1/x.,Мат. анализ,легкий
"Вычисли $ \displaystyle \lim_{n \rightarrow \infty} ((-2)^n+3^n)/((-2)^{n+1}+3^{n+1}$. Ответ запиши в виде десятичной дроби, округлив по правилам математического округления до 3 знаков после запятой.",Предел отношения степенных функций,"Вычислить предел отношения выражений, содержащих степени -2 и 3 при n стремящемся к бесконечности.",Мат. анализ,легкий
"Вычисли $ \displaystyle \lim_{x \rightarrow 0} ((1+x)(1+2x)(1+3x)-1)/x$. Ответ запиши в виде десятичной дроби, округлив по правилам математического округления до 3 знаков после запятой.",Предел функции,"Вычислить предел функции при x, стремящемся к 0.",Мат. анализ,легкий
"Рассмотрим \(f\in C^{n+1}([a,b])\). Требуется установить формулу Тейлора с остатком Лагранжа: \(f(x)=\sum_{k=0}^n \frac{f^{(k)}(x_0)}{k!}(x-x_0)^k+\frac{f^{(n+1)}(\xi)}{(n+1)!}(x-x_0)^{n+1}\).",Формула Тейлора с остатком Лагранжа,Доказать формулу Тейлора с остатком в форме Лагранжа для функции класса C^(n+1).,Мат. анализ,средний
"Найти вероятность, что четырехзначный номер автомобиля имеет две пары одинаковых цифр. Ответ запишите в виде десятичной дроби, округлив по правилам математического округления до 3 знаков после запятой.",Вероятность четырехзначного номера с двумя парами одинаковых цифр,"Найти вероятность, что четырехзначный номер автомобиля имеет две пары одинаковых цифр.",Теор. вер. и статистика,средний
"Найди сумму всех целых оснований $ b > 9, $ для которых $ 17_b $ является делителем $ 97_b.$Ответ запишите в виде десятичной дроби, округлив по правилам математического округления до 3 знаков после запятой.",Сумма оснований,"Найти сумму оснований $b > 9$, для которых $17_b$ делит $97_b$.",теория чисел,средний
"Найдите рациональные корни многочлена: $x^5 - 2x^4 - 4x^3 + 4x^2 - 5x + 6$. Ответы запишите в виде десятичной дроби, округлив по правилам математического округления до 3 знаков после запятой, по возрастанию.",Нахождение рациональных корней многочлена,Найти рациональные корни многочлена $x^5 - 2x^4 - 4x^3 + 4x^2 - 5x + 6$.,Мат. анализ,средний
"Вычислить $\displaystyle \lim_{n \to \infty} \frac{\cos (n^2 - 1)}{2^n}$. Ответ запишите в виде десятичной дроби, округлив по правилам математического округления до 3 знаков после запятой.",Предел отношения косинуса к экспоненте,Вычислить предел $\lim_{n \to \infty} \frac{\cos (n^2 - 1)}{2^n}$.,Мат. анализ,легкий
Докажите теорему Арцела–Асколи: на компакте \(K\) любая равномерно ограниченная и равностепенно непрерывная семейство \(\mathcal{F}\) относительно \(\|\cdot\|_\infty\) предкомпактно.,Теорема Арцела–Асколи,"Доказать, что на компакте K любое равномерно ограниченное и равностепенно непрерывное семейство функций предкомпактно относительно равномерной нормы.",функ. анализ,сложный
Докажите: непрерывная биекция между компактами имеет непрерывную обратную.,Непрерывность обратной функции для биекции между компактами,"Доказать, что непрерывная биекция между компактами имеет непрерывную обратную функцию.",функ. анализ,средний
"Вычисли $ \displaystyle \lim_{x \rightarrow 0}(\sqrt{1+x}-\sqrt{1-x})/(\sqrt[3]{1+x}-\sqrt[3]{1-x})$. Ответ запиши в виде десятичной дроби, округлив по правилам математического округления до 3 знаков после запятой.",Вычисление предела функции,"Найти предел функции при x, стремящемся к 0, включающей корни различных степеней.",Мат. анализ,средний
"Пусть \(\{f_n\}\subset C^1([a,b])\) и \(f_n\to f\) равномерно, \(f_n'\to g\) равномерно. Требуется установить дифференцируемость \(f\) и \(f'=g\).",Равномерная сходимость производных,Доказать дифференцируемость функции f и равенство f'=g при равномерной сходимости последовательности функций fn к f и последовательности их производных fn' к g.,Мат. анализ,средний
Докажите: непрерывная биекция между компактами имеет непрерывную обратную.,Непрерывность обратной функции для биекции между компактами,"Доказать, что непрерывная биекция между компактами имеет непрерывную обратную.",функ. анализ,сложный
"Пусть \(\{f_n\}\subset C^1([a,b])\) и \(f_n\to f\) равномерно, \(f_n'\to g\) равномерно. Требуется установить дифференцируемость \(f\) и \(f'=g\).",Равномерная сходимость производных,Доказать дифференцируемость функции f и равенство f'=g при равномерной сходимости f_n к f и f_n' к g.,Мат. анализ,средний
"Вычисли $ \displaystyle \lim_{x \rightarrow 1} (x^2-1)/(2x^2-x-1)$. Ответ запиши в виде десятичной дроби, округлив по правилам математического округления до 3 знаков после запятой.",Вычисление предела функции,Вычислить предел функции при x стремящемся к 1.,Мат. анализ,легкий
"Докажите теорему Слуцкого: если \(X_n\Rightarrow X\) и \(Y_n\to c\) по вероятности, то \(X_n+Y_n\Rightarrow X+c\) и \(X_nY_n\Rightarrow cX\).",Теорема Слуцкого,Доказать теорему Слуцкого о сходимости случайных величин.,Теор. вер. и статистика,средний
"Докажите: если оператор диагонализируем, то его минимальный многочлен не имеет кратных корней.",Минимальный многочлен диагонализируемого оператора,"Доказать, что минимальный многочлен диагонализируемого оператора не имеет кратных корней.",Линал и геометрия,средний
"Брошено три монеты. Найти вероятность, что выпало не больше двух «гербов». Ответ запишите в виде десятичной дроби, округлив по правилам математического округления до 3 знаков после запятой.",Вероятность выпадения не более двух гербов при бросании трех монет,"Найти вероятность, что при бросании трех монет выпало не более двух гербов.",Теор. вер. и статистика,легкий
"Докажите: если A — ортонормальная матрица (A^T A=I), то |det A|=1.",Определитель ортонормальной матрицы,"Доказать, что модуль определителя ортонормальной матрицы равен 1.",Линал и геометрия,легкий
"Вычислить $\displaystyle \lim_{n \to \infty} nq^n$ при $|q| < 1$. Ответ запишите в виде десятичной дроби, округлив по правилам математического округления до 3 знаков после запятой.",Предел произведения n на q в степени n,Вычислить предел $n q^n$ при $n \to \infty$ и $|q| < 1$.,Мат. анализ,легкий
"Кусочно-линейная периодическая функция определена как: $f(x)=$ \begin{cases} x, \text{если } x\in [-1;1)\\ 2-x, \text{если } x \in [1;3) \end{cases} и $f(x+4) = f(x) $ для всех действительных $ x. $ График $f(x) $ имеет пилообразную форму. Парабола $ x =34y^2 $ пересекает график $f(x) $ в конечном числе точек. Сумма $ y-$координат этих точек пересечения может быть выражена в виде $ \dfrac{a+b\sqrt{c}}{d}, $ где $a,b,c,d - $ положительные целые числа, $a,b,d $ взаимно просты, а $ c $ не делится на квадрат любого просто числа. Найди $ a+b+c+d.$Ответ запишите в виде десятичной дроби, округлив по правилам математического округления до 3 знаков после запятой.",Пересечение кусочно-линейной функции и параболы,Найти сумму y-координат точек пересечения кусочно-линейной периодической функции и параболы.,Мат. анализ,сложный
"Вычислить интеграл: $\displaystyle \int_{0}^{12} \frac{x}{\sqrt{2x+1}} dx$. Ответ запишите в виде десятичной дроби, округлив по правилам математического округления до 3 знаков после запятой.",Вычисление определенного интеграла,Вычислить определенный интеграл функции с корнем.,Мат. анализ,средний
"Решить матричное уравнение: \[ X \begin{pmatrix} 3 & -2 \\ 5 & -4 \end{pmatrix} = \begin{pmatrix} -1 & 2 \\ -5 & 6 \end{pmatrix} \] Ответ запиши в формате $ a_{11}; a_{12}; \dots; a_{1n}; a_{21}; a_{22}; \dots; a_{mn}, $ округлив по правилам математического округления до 3 знаков после запятой.",Решение матричного уравнения,Найти матрицу X в уравнении AX = B,Линал и геометрия,легкий
"Пусть \(f\) дифференцируема на \((a,b)\). Требуется установить свойство Дарбу для \(f'\): оно принимает все промежуточные значения.",Свойство Дарбу для производной,"Доказать, что производная дифференцируемой функции обладает свойством Дарбу.",Мат. анализ,сложный
"Дано \(A\in M_n(\mathbb{F})\) и многочлен \(p\) со всевозможными простыми корнями, причём \(p(A)=\mathbf{0}\). Требуется вывести диагонализуемость \(A\).",Диагонализуемость матрицы через многочлен,"Доказать диагонализуемость матрицы A, если p(A)=0 и многочлен p имеет простые корни.",Линал и геометрия,средний
"Вычисли $ \displaystyle \lim_{n \rightarrow \infty} (1/(1*2)+1/(2*3)+...+1/(n*(n+1))$. Ответ запиши в виде десятичной дроби, округлив по правилам математического округления до 3 знаков после запятой.",Предел суммы ряда,Вычислить предел суммы ряда 1/(k*(k+1)),Мат. анализ,легкий
"Парабола с уравнением $ y=x^2-4 $ поворачивается на $ 60^{\circ} $ против часовой стрелки вокруг начала координат. Единственная точка в четвертом квадранте, где исходная парабола и ее образ пересекаются, имеет координату $ y, $ равную $ \dfrac{a-\sqrt{b}}{c}, $ где $ a,b,c- $ положительные целые числа, и $ a $ и $ c $ взаимно просты. Найди $ a+b+c.$Ответ запишите в виде десятичной дроби, округлив по правилам математического округления до 3 знаков после запятой.",Пересечение параболы и ее образа после поворота,Найти y-координату точки пересечения параболы и ее образа после поворота на 60 градусов,Линал и геометрия,сложный
"Найдите сумму ряда: $\displaystyle \frac{1}{1 \cdot 2 \cdot 3} + \frac{1}{2 \cdot 3 \cdot 4} + \frac{1}{3 \cdot 4 \cdot 5} + \frac{1}{4 \cdot 5 \cdot 6} + \ldots$. Ответ запишите в виде десятичной дроби, округлив по правилам математического округления до 3 знаков после запятой.",Сумма ряда с произведениями в знаменателе,Найти сумму ряда $\sum_{n=1}^{\infty} \frac{1}{n(n+1)(n+2)}$,Мат. анализ,средний
"Вычисли $ \displaystyle \int_1^2 1/(x^2+x) dx$. Ответ запиши в виде десятичной дроби, округлив по правилам математического округления до 3 знаков после запятой.",Вычисление определённого интеграла,Вычислить определённый интеграл от рациональной функции,Мат. анализ,легкий
"Вычисли $ \displaystyle \int_0^1 \sqrt{\tan^2(x)+2\tan(x)+2}dx$.Ответ запишите в виде десятичной дроби, округлив по правилам математического округления до 3 знаков после запятой.",Вычисление определённого интеграла с тангенсом,Вычислить определённый интеграл от корня квадратного из выражения с тангенсом.,Мат. анализ,средний
"Вычисли $ \displaystyle \lim_{n \rightarrow \infty} ((-2)^n+3^n)/((-2)^{n+1}+3^{n+1}$. Ответ запиши в виде десятичной дроби, округлив по правилам математического округления до 3 знаков после запятой.",Предел отношения степенных функций,"Вычислить предел отношения выражений, содержащих степени -2 и 3 при n стремящемся к бесконечности.",Мат. анализ,легкий
"Вычислить определитель: \[ \begin{vmatrix} 3 & 2 & -1 \\ 1 & 4 & 1 \\ -2 & 6 & 4 \\ \end{vmatrix} \] Ответ запишите в виде десятичной дроби, округлив по правилам математического округления до 3 знаков после запятой.",Вычисление определителя матрицы 3x3,Вычислить определитель матрицы 3x3 и округлить результат до 3 знаков после запятой.,Линал и геометрия,легкий
"Докажите признак сравнения для несобственных интегралов: 0≤f≤g, ∫_a^∞ g<∞ ⇒ ∫_a^∞ f<∞.",Признак сравнения для несобственных интегралов,"Доказать, что если 0≤f≤g и интеграл от g сходится, то интеграл от f также сходится.",Мат. анализ,средний
"Найти обратную матрицу для: \[ \begin{pmatrix} 1 & 4 & 5 \\ 3 & 13 & 21 \\ 2 & 9 & 17 \end{pmatrix} \] Ответ запиши в формате $ a_{11}; a_{12}; \dots; a_{1n}; a_{21}; a_{22}; \dots; a_{mn}, $ округлив по правилам математического округления до 3 знаков после запятой.",Нахождение обратной матрицы,Найти обратную матрицу для заданной матрицы 3x3.,Линал и геометрия,средний
"Вычисли $ \displaystyle \int_0^{0.9} \dfrac{x\arcsin(x)}{\sqrt{1-x^2}}dx$.Ответ запишите в виде десятичной дроби, округлив по правилам математического округления до 3 знаков после запятой.",Вычисление определенного интеграла с арксинусом,Вычислить определенный интеграл от функции с арксинусом.,Мат. анализ,средний
"Вычисли $ \displaystyle \lim_{n \rightarrow \infty} ((-2)^n+3^n)/((-2)^{n+1}+3^{n+1}$. Ответ запиши в виде десятичной дроби, округлив по правилам математического округления до 3 знаков после запятой.",Предел отношения степенных выражений,"Вычислить предел отношения выражений, содержащих степени (-2)^n и 3^n, при n стремящемся к бесконечности.",Мат. анализ,легкий
"Дан ортогональный проектор \(P=P^T=P^2\). Требуется показать, что \(\mathrm{tr}\,P=\mathrm{rank}\,P\).",След и ранг ортогонального проектора,"Доказать, что след ортогонального проектора равен его рангу.",Линал и геометрия,средний
"Вычислить интеграл: $\displaystyle \int_{0}^{12} \frac{x}{\sqrt{2x+1}} dx$. Ответ запишите в виде десятичной дроби, округлив по правилам математического округления до 3 знаков после запятой.",Вычисление определенного интеграла,Вычислить определенный интеграл от функции с корнем.,Мат. анализ,средний
"Вычисли $ \displaystyle \lim_{x \rightarrow \infty}\sqrt[3]{x^3+x^2+1}-\sqrt[3]{x^3-x^2+1}$. Ответ запиши в виде десятичной дроби, округлив по правилам математического округления до 3 знаков после запятой.",Вычисление предела с кубическими корнями,Вычислить предел разности кубических корней при x стремящемся к бесконечности.,Мат. анализ,средний
"Вычислить $\displaystyle \lim_{n \to \infty} \frac{\sqrt[3]{n^3 - 2n}}{n + 2}$. Ответ запишите в виде десятичной дроби, округлив по правилам математического округления до 3 знаков после запятой.",Предел отношения функций с корнем,Вычислить предел $\displaystyle \lim_{n \to \infty} \frac{\sqrt[3]{n^3 - 2n}}{n + 2}$.,Мат. анализ,легкий
"Пусть \(S\) достаточна и полна, а \(\hat\theta\) — несмещённая, измеримая относительно \(S\). Требуется установить, что \(\hat\theta\) — UMVU (Леман–Шеффе).",Доказательство UMVU оценки по Леману-Шеффе,"Доказать, что несмещённая оценка, измеримая относительно достаточной и полной статистики, является UMVU.",Теор. вер. и статистика,средний
"Вычисли $ \displaystyle \lim_{n \rightarrow \infty} (1/(1*2)+1/(2*3)+...+1/(n*(n+1))$. Ответ запиши в виде десятичной дроби, округлив по правилам математического округления до 3 знаков после запятой.",Предел суммы ряда,Вычислить предел суммы ряда $1/(1*2)+1/(2*3)+...+1/(n*(n+1))$ при $n \rightarrow \infty$.,Мат. анализ,легкий
"Пусть \(f\in L^1([0,1])\) и \(S_N(x)=\sum_{k=-N}^N \hat f(k)e^{ikx}\). Требуется установить \(\|S_N\|_{L^1}\) ограниченность и \( \hat f(k)\to 0\).",Ограниченность норм частичных сумм ряда Фурье и стремление коэффициентов Фурье к нулю,Доказать ограниченность нормы частичных сумм ряда Фурье и стремление коэффициентов Фурье к нулю для функции из L1.,Мат. анализ,сложный
"Вычисли $ \displaystyle \lim_{x \rightarrow \infty}\sqrt[3]{x^3+x^2+1}-\sqrt[3]{x^3-x^2+1}$. Ответ запиши в виде десятичной дроби, округлив по правилам математического округления до 3 знаков после запятой.",Предел с кубическими корнями,Вычислить предел разности кубических корней.,Мат. анализ,средний
"Вычисли $ \displaystyle \lim_{x \rightarrow 0}(\operatorname{tg}x-\operatorname{sin}x)/\operatorname{sin}^3x$. Ответ запиши в виде десятичной дроби, округлив по правилам математического округления до 3 знаков после запятой.",Вычисление предела с тригонометрическими функциями,Вычислить предел функции при x стремящемся к 0.,Мат. анализ,средний
"Вычисли $ \displaystyle \lim_{x \rightarrow \infty}\sqrt[3]{x^3+x^2+1}-\sqrt[3]{x^3-x^2+1}$. Ответ запиши в виде десятичной дроби, округлив по правилам математического округления до 3 знаков после запятой.",Предел с кубическими корнями,"Вычислить предел разности кубических корней при x, стремящемся к бесконечности.",Мат. анализ,средний
"Решить матричное уравнение \( A A^T X = B \), где \[ A = \begin{pmatrix} 1 & 1 & 1 \\ 1 & -1 & 1 \end{pmatrix}, \quad B = \begin{pmatrix} 1 & 3 \\ 2 & 4 \end{pmatrix} \] Ответ запиши в формате $ a_{11}; a_{12}; \dots; a_{1n}; a_{21}; a_{22}; \dots; a_{mn}, $ округлив по правилам математического округления до 3 знаков после запятой.",Решение матричного уравнения,Найти матрицу X из уравнения A A^T X = B,Линал и геометрия,средний
"Брошено три монеты. Найти вероятность, что первая монета выпала «гербом» вверх. Ответ запишите в виде десятичной дроби, округлив по правилам математического округления до 3 знаков после запятой.",Вероятность выпадения герба на первой монете,Найти вероятность выпадения герба на первой из трех брошенных монет.,Теор. вер. и статистика,легкий
"Вычислить $\displaystyle \lim_{n \to \infty} \frac{3^n + 2^n}{5^n - 2^n + 1}$. Ответ запишите в виде десятичной дроби, округлив по правилам математического округления до 3 знаков после запятой.",Предел отношения степенных функций,Вычислить предел отношения степенных функций при n стремящемся к бесконечности.,Мат. анализ,легкий
"Вычисли $ \displaystyle \lim_{x \rightarrow -1}(x^3-2x-1)/(x^5-2x-1)$. Ответ запиши в виде десятичной дроби, округлив по правилам математического округления до 3 знаков после запятой.",Вычисление предела функции,"Вычислить предел рациональной функции при x, стремящемся к -1.",Мат. анализ,легкий
"Вычисли $ \displaystyle \lim_{x \rightarrow 0} ((1+x)(1+2x)(1+3x)-1)/x$. Ответ запиши в виде десятичной дроби, округлив по правилам математического округления до 3 знаков после запятой.",Предел функции при x стремящемся к 0,Вычислить предел функции ((1+x)(1+2x)(1+3x)-1)/x при x стремящемся к 0.,Мат. анализ,легкий
"Докажите неравенство Сильвестра: если \(A\in\mathbb{F}^{m\times n}\), \(B\in\mathbb{F}^{n\times p}\), то \(\operatorname{rank}(AB)\ge \operatorname{rank}A+\operatorname{rank}B-n\).",Неравенство Сильвестра для рангов матриц,"Доказать, что для матриц A и B, произведение рангов которых удовлетворяет неравенству \(\operatorname{rank}(AB)\ge \operatorname{rank}A+\operatorname{rank}B-n\)",Линал и геометрия,средний
"Пусть $ N - $ количество троек натуральных чисел $ (a,b,c) $ таких, что $a,b,c \leq 3^6 $ и $ a^3+b^3+c^3 $ делится на $ 3^7. $ Найди остаток от деления $ N $ на 1000.Ответ запишите в виде десятичной дроби, округлив по правилам математического округления до 3 знаков после запятой.","Количество троек чисел, удовлетворяющих условию делимости","Найти количество троек натуральных чисел (a,b,c) таких, что a,b,c <= 3^6 и a^3+b^3+c^3 делится на 3^7, и найти остаток от деления этого количества на 1000.",теория чисел,сложный
"Вычисли $ \displaystyle \int_0^1 \sqrt{\tan^2(x)+2\tan(x)+2}dx$.Ответ запишите в виде десятичной дроби, округлив по правилам математического округления до 3 знаков после запятой.",Вычисление определенного интеграла с тригонометрической функцией,"Вычислить определенный интеграл от функции, содержащей тангенс.",Мат. анализ,средний
"Вычисли $ \displaystyle \lim_{n \rightarrow \infty} 10000n/(n^2+1)$. Ответ запиши в виде десятичной дроби, округлив по правилам математического округления до 3 знаков после запятой.",Вычисление предела отношения многочленов,"Вычислить предел функции при n, стремящемся к бесконечности.",Мат. анализ,легкий
Докажите: непрерывная биекция между компактами имеет непрерывную обратную.,Непрерывность обратной функции для биекции на компактах,"Доказать, что непрерывная биекция между компактами имеет непрерывную обратную.",Мат. анализ,средний
"Вычисли $ \displaystyle \lim_{n \rightarrow \infty} (1/(1*2)+1/(2*3)+...+1/(n*(n+1))$. Ответ запиши в виде десятичной дроби, округлив по правилам математического округления до 3 знаков после запятой.",Предел суммы ряда,Вычислить предел суммы ряда вида 1/(k*(k+1)).,Мат. анализ,легкий
"Вычисли $ \displaystyle \lim_{n \rightarrow \infty} (1/(1*2)+1/(2*3)+...+1/(n*(n+1))$. Ответ запиши в виде десятичной дроби, округлив по правилам математического округления до 3 знаков после запятой.",Вычисление предела суммы ряда,Вычислить предел суммы $1/(1*2)+1/(2*3)+...+1/(n*(n+1))$ при $n \rightarrow \infty$.,Мат. анализ,легкий
"Вычислить $\displaystyle \lim_{n \to \infty} (\sqrt{n^6 + 3n^4 + n^3 + 1} - \sqrt{n^6 + 3n^4 + 2n^3 + 5})$. Ответ запишите в виде десятичной дроби, округлив по правилам математического округления до 3 знаков после запятой.",Предел с корнями,Вычислить предел разности корней.,Мат. анализ,средний
"Вычислить $\displaystyle \lim_{n \to \infty} \frac{\sqrt{n^2 - \cos(2^n - 1)}}{(\sqrt{n + \sin n})^2 + (\sqrt{n - \sin n})^2}$. Ответ запишите в виде десятичной дроби, округлив по правилам математического округления до 3 знаков после запятой.",Вычисление предела с корнями и тригонометрическими функциями,Вычислить предел при n стремящемся к бесконечности от дроби с корнями и тригонометрическими функциями.,Мат. анализ,средний
"Пусть \(X_n\) такие, что \(\sqrt{n}(X_n-\theta)\Rightarrow \mathcal{N}(0,\sigma^2)\) и \(g'\!(\theta)\neq 0\). Требуется установить \(\sqrt{n}(g(X_n)-g(\theta))\Rightarrow \mathcal{N}(0,\sigma^2 [g'\!(\theta)]^2)\) (дельта-метод).",Дельта-метод для асимптотического распределения,Доказать асимптотическое распределение функции случайной величины с помощью дельта-метода.,Теор. вер. и статистика,средний
"Вычислить интеграл: $\displaystyle \int_{2}^{3} e^{x^2} dx$. Ответ запишите в виде десятичной дроби, округлив по правилам математического округления до 3 знаков после запятой.",Вычисление определённого интеграла,Вычислить определённый интеграл от e в степени x квадрат.,Мат. анализ,сложный
"Пусть $a$ — положительный корень уравнения $x^{2017} - x - 1 = 0$, а $b$ — положительный корень уравнения $y^{4034} - y = 3a$. Найдите десятый знак после запятой числа $|a - b|$. Ответ запишите в виде десятичной дроби, округлив по правилам математического округления до 3 знаков после запятой.",Вычисление разности корней уравнений,"Найти десятый знак после запятой числа |a - b|, где a и b - корни заданных уравнений.",Мат. анализ,сложный
"Вычислить интеграл: $\displaystyle \int_{1/\sqrt{3}}^{\sqrt{3}} \frac{dx}{1 + x^2}$. Ответ запишите в виде десятичной дроби, округлив по правилам математического округления до 3 знаков после запятой.",Вычисление определенного интеграла,Вычислить определенный интеграл от функции 1/(1+x^2) в заданных пределах.,Мат. анализ,легкий
"Вычисли $ \displaystyle \lim_{x \rightarrow 0}(\operatorname{tg}x-\operatorname{sin}x)/\operatorname{sin}^3x$. Ответ запиши в виде десятичной дроби, округлив по правилам математического округления до 3 знаков после запятой.",Предел отношения тангенса и синуса,Вычислить предел при x стремящемся к 0 от (tg(x) - sin(x)) / sin^3(x).,Мат. анализ,легкий
"Найдите рациональные корни многочлена: $x^5 - 2x^4 - 4x^3 + 4x^2 - 5x + 6$. Ответы запишите в виде десятичной дроби, округлив по правилам математического округления до 3 знаков после запятой, по возрастанию.",Поиск рациональных корней многочлена,Найти рациональные корни многочлена $x^5 - 2x^4 - 4x^3 + 4x^2 - 5x + 6$.,Дискретная математика,средний
Пусть \(f_n\searrow f\) непрерывны на компакте \(K\) и \(f\) непрерывна. Требуется показать равномерную сходимость \(f_n\to f\) (теорема Дини).,Теорема Дини о равномерной сходимости,"Показать равномерную сходимость последовательности непрерывных функций на компакте, монотонно сходящейся к непрерывной функции.",Мат. анализ,сложный
"Пусть \(f,g\) непрерывно дифференцируемы на \([a,b]\). Требуется установить интегрирование по частям \(\int_a^b f g' = [fg]_a^b - \int_a^b f' g\).",Интегрирование по частям,Установить формулу интегрирования по частям для непрерывно дифференцируемых функций.,Мат. анализ,легкий
"Вычислить $\displaystyle \lim_{n \to \infty} (\sqrt{n^6 + 3n^4 + n^3 + 1} - \sqrt{n^6 + 3n^4 + 2n^3 + 5})$. Ответ запишите в виде десятичной дроби, округлив по правилам математического округления до 3 знаков после запятой.",Предел с корнями,Вычислить предел разности корней.,Мат. анализ,средний
"Вычисли $ \displaystyle \lim_{x \rightarrow \infty} ((x-1)(x-2)(x-3)(x-4)(x-5))/(5x-1)^5$. Ответ запиши в виде десятичной дроби, округлив по правилам математического округления до 5 знаков после запятой.",Предел рациональной функции,Вычислить предел при x стремящемся к бесконечности для заданной рациональной функции.,Мат. анализ,легкий
"Вычисли $ \displaystyle \lim_{x \rightarrow \pi/3}\sin(x-\pi/3)/(1-2\cos x)$. Ответ запиши в виде десятичной дроби, округлив по правилам математического округления до 3 знаков после запятой.",Вычисление предела функции,Вычислить предел функции $\sin(x-\pi/3)/(1-2\cos x)$ при $x \rightarrow \pi/3$.,Мат. анализ,средний
"Докажите неравенство Сильвестра: если \(A\in\mathbb{F}^{m\times n}\), \(B\in\mathbb{F}^{n\times p}\), то \(\operatorname{rank}(AB)\ge \operatorname{rank}A+\operatorname{rank}B-n\).",Неравенство Сильвестра для рангов матриц,"Доказать, что ранг произведения матриц A и B не меньше суммы рангов A и B минус n.",Линал и геометрия,средний
Пусть \(A\in M_{m\times n}(\mathbb{R})\). Требуется обосновать равенство \( \mathcal{N}(A) = \mathcal{R}(A^T)^\perp\).,Ядро матрицы и ортогональное дополнение образа транспонированной матрицы,Обосновать равенство ядра матрицы и ортогонального дополнения образа ее транспонированной.,Линал и геометрия,средний
"Вычисли $ \displaystyle \lim_{x \rightarrow \infty} ((x^2+2x-1)/(2x^2-3x-2))^{1/x}$. Ответ запиши в виде десятичной дроби, округлив по правилам математического округления до 3 знаков после запятой.",Вычисление предела функции,Найти предел функции при x стремящемся к бесконечности.,Мат. анализ,средний
"Вычислить $\displaystyle \lim_{n \to \infty} \frac{\cos (n^2 - 1)}{2^n}$. Ответ запишите в виде десятичной дроби, округлив по правилам математического округления до 3 знаков после запятой.",Предел отношения косинуса к экспоненте,Вычислить предел $\displaystyle \lim_{n \to \infty} \frac{\cos (n^2 - 1)}{2^n}$.,Мат. анализ,легкий
"Вычисли $ \displaystyle \int_3^7 \sqrt{x-3} dx$. Ответ запиши в виде десятичной дроби, округлив по правилам математического округления до 3 знаков после запятой.",Вычисление определенного интеграла,Вычислить определенный интеграл от функции с корнем.,Мат. анализ,легкий
"Найти вероятность, что четырехзначный номер автомобиля имеет две пары одинаковых цифр. Ответ запишите в виде десятичной дроби, округлив по правилам математического округления до 3 знаков после запятой.",Вероятность четырехзначного номера с двумя парами одинаковых цифр,"Найти вероятность, что четырехзначный номер автомобиля имеет две пары одинаковых цифр.",Теор. вер. и статистика,средний
"Вычислить $\displaystyle \lim_{n \to \infty} (\sqrt{n^6 + 3n^4 + n^3 + 1} - \sqrt{n^6 + 3n^4 + 2n^3 + 5})$. Ответ запишите в виде десятичной дроби, округлив по правилам математического округления до 3 знаков после запятой.",Предел с корнями,Вычислить предел разности корней.,Мат. анализ,средний
"Вычислить несобственный интеграл: $\displaystyle \int_{2}^{+\infty} \frac{dx}{x^2+2x-3}$. Ответ запишите в виде десятичной дроби, округлив по правилам математического округления до 3 знаков после запятой.",Вычисление несобственного интеграла,Вычислить несобственный интеграл от рациональной функции.,Мат. анализ,средний
"Вычисли $ \displaystyle \lim_{x \rightarrow 3}(\sqrt{x+13}-2\sqrt{x+1})/(x^2-9)$. Ответ запиши в виде десятичной дроби, округлив по правилам математического округления до 3 знаков после запятой.",Вычисление предела функции,Вычислить предел функции при x стремящемся к 3,Мат. анализ,средний
"Вычисли $ \displaystyle \lim_{x \rightarrow -2}(\sqrt[3]{x-6}+2)/(x^3+8)$. Ответ запиши в виде десятичной дроби, округлив по правилам математического округления до 3 знаков после запятой.",Вычисление предела функции,Найти предел функции при x стремящемся к -2.,Мат. анализ,средний
"Вычисли $ \displaystyle \lim_{x \rightarrow 0} ((1+x)(1+2x)(1+3x)-1)/x$. Ответ запиши в виде десятичной дроби, округлив по правилам математического округления до 3 знаков после запятой.",Вычисление предела функции,"Вычислить предел функции при x, стремящемся к 0.",Мат. анализ,легкий
"Брошено три монеты. Найти вероятность, что выпало не больше двух «гербов». Ответ запишите в виде десятичной дроби, округлив по правилам математического округления до 3 знаков после запятой.",Вероятность выпадения не более двух гербов при бросании трех монет,"Найти вероятность, что при бросании трех монет выпало не более двух гербов.",Теор. вер. и статистика,легкий
"Вычислить $\displaystyle \lim_{n \to \infty} \frac{3^n + 2^n}{5^n - 2^n + 1}$. Ответ запишите в виде десятичной дроби, округлив по правилам математического округления до 3 знаков после запятой.",Предел отношения степенных функций,Вычислить предел отношения степенных функций при n стремящемся к бесконечности.,Мат. анализ,легкий
"Вычисли $ \displaystyle \lim_{x \rightarrow -1}(x^3-2x-1)/(x^5-2x-1)$. Ответ запиши в виде десятичной дроби, округлив по правилам математического округления до 3 знаков после запятой.",Вычисление предела функции,Найти предел отношения многочленов при x стремящемся к -1.,Мат. анализ,легкий
Докажите: матожидание геометрической величины с параметром p равно 1/p.,Матожидание геометрического распределения,"Доказать, что математическое ожидание геометрической величины с параметром p равно 1/p.",Теор. вер. и статистика,средний
"Парабола с уравнением $ y=x^2-4 $ поворачивается на $ 60^{\circ} $ против часовой стрелки вокруг начала координат. Единственная точка в четвертом квадранте, где исходная парабола и ее образ пересекаются, имеет координату $ y, $ равную $ \dfrac{a-\sqrt{b}}{c}, $ где $ a,b,c- $ положительные целые числа, и $ a $ и $ c $ взаимно просты. Найди $ a+b+c.$Ответ запишите в виде десятичной дроби, округлив по правилам математического округления до 3 знаков после запятой.",Пересечение параболы и ее образа после поворота,Найти y-координату точки пересечения параболы и ее образа после поворота на 60 градусов,Линал и геометрия,сложный
"Брошено три монеты. Найти вероятность, что первая монета выпала «гербом» вверх. Ответ запишите в виде десятичной дроби, округлив по правилам математического округления до 3 знаков после запятой.",Вероятность выпадения герба на первой монете,"Найти вероятность того, что первая из трех брошенных монет выпадет гербом.",Теор. вер. и статистика,легкий
"Вычисли $ \displaystyle \lim_{n \rightarrow \infty} 10000n/(n^2+1)$. Ответ запиши в виде десятичной дроби, округлив по правилам математического округления до 3 знаков после запятой.",Вычисление предела отношения многочленов,"Вычислить предел функции при n, стремящемся к бесконечности",Мат. анализ,легкий
"Вычислить $\displaystyle \lim_{n \to \infty} \left(\frac{3n + 1}{4n + 5}\right)^n$. Ответ запишите в виде десятичной дроби, округлив по правилам математического округления до 3 знаков после запятой.",Предел последовательности с показателем степени,Вычислить предел $\displaystyle \lim_{n \to \infty} \left(\frac{3n + 1}{4n + 5}\right)^n$.,Мат. анализ,средний
"Пусть \(X_1,\dots,X_n\) и матрица дизайна \(X\) полного столбцового ранга. Требуется установить существование и форму МНК-оценки \(\hat\beta=(X^TX)^{-1}X^Ty\) как решения условия ортогональности остатков.",Существование и форма МНК-оценки,"Установить существование и форму МНК-оценки как решения условия ортогональности остатков для данных X1,...,Xn и матрицы дизайна X полного столбцового ранга.",Теор. вер. и статистика,средний
Докажите теорему Гершгорина: каждый собственный корень \(\lambda\) матрицы \(A=(a_{ij})\) лежит в \(\bigcup_i \{z\in\mathbb{C}:|z-a_{ii}|\le \sum_{j\neq i}|a_{ij}|\}\).,Теорема Гершгорина,Доказательство теоремы Гершгорина о расположении собственных значений матрицы.,Линал и геометрия,средний
"Пусть \(X\sim \mathcal{N}(\mu,\sigma^2)\). Требуется получить характеристическую функцию \(\varphi_X(t)=\mathbb{E}e^{itX}=e^{it\mu-\frac12\sigma^2 t^2}\).",Характеристическая функция нормального распределения,Вывод характеристической функции нормального распределения,Теор. вер. и статистика,средний
"Вычислить $\displaystyle \lim_{n \to \infty} \left(\frac{n^2 + 2}{n^2 + 1}\right)^{n^2 + 2n}$. Ответ запишите в виде десятичной дроби, округлив по правилам математического округления до 3 знаков после запятой.",Вычисление предела последовательности,Вычислить предел $\displaystyle \lim_{n \to \infty} \left(\frac{n^2 + 2}{n^2 + 1}\right)^{n^2 + 2n}$.,Мат. анализ,средний
"Решите уравнение $2 \sin \frac{\pi x}{2} - 2 \cos \pi x = x^5 + 10x - 54$. Ответ запишите в виде десятичной дроби, округлив по правилам математического округления до 3 знаков после запятой.",Решение тригонометрического уравнения с многочленом,Решить уравнение $2 \sin \frac{\pi x}{2} - 2 \cos \pi x = x^5 + 10x - 54$.,Мат. анализ,средний
Докажите: матожидание геометрической величины с параметром p равно 1/p.,Матожидание геометрического распределения,"Доказать, что матожидание геометрического распределения с параметром p равно 1/p.",Теор. вер. и статистика,средний
"Вычислить интеграл: $\displaystyle \int_{0}^{\pi/2} \cos^3 x dx$. Ответ запишите в виде десятичной дроби, округлив по правилам математического округления до 3 знаков после запятой.",Вычисление определенного интеграла от тригонометрической функции,Вычислить интеграл от косинуса в кубе на отрезке от 0 до pi/2.,Мат. анализ,легкий
"Вычислить $\displaystyle \lim_{n \to \infty} \frac{3^n + 2^n}{5^n - 2^n + 1}$. Ответ запишите в виде десятичной дроби, округлив по правилам математического округления до 3 знаков после запятой.",Предел отношения степенных функций,Вычислить предел при n стремящемся к бесконечности отношения (3^n + 2^n) / (5^n - 2^n + 1).,Мат. анализ,легкий
"Вычисли $ \displaystyle \lim_{x \rightarrow +\infty} \sin{\sqrt{x+1}} - \sin{\sqrt{x}}$. Ответ запиши в виде десятичной дроби, округлив по правилам математического округления до 3 знаков после запятой.",Предел разности синусов,Вычислить предел $\lim_{x \rightarrow +\infty} (\sin{\sqrt{x+1}} - \sin{\sqrt{x}})$.,Мат. анализ,средний
"Указать предел последовательности $x_n = 1 + \frac{(-1)^n}{n}$. Ответ запишите в виде десятичной дроби, округлив по правилам математического округления до 3 знаков после запятой.",Предел последовательности с чередующимся знаком,Найти предел последовательности $x_n = 1 + \frac{(-1)^n}{n}$.,Мат. анализ,легкий
"Брошено три монеты. Найти вероятность, что выпало не больше двух «гербов». Ответ запишите в виде десятичной дроби, округлив по правилам математического округления до 3 знаков после запятой.",Вероятность выпадения гербов,"Найти вероятность, что при броске трех монет выпало не больше двух гербов.",Теор. вер. и статистика,легкий
Докажите: медиана выборки — минимизатор ∑|x_i−t| по t.,Медиана как минимизатор суммы абсолютных отклонений,"Доказать, что медиана выборки минимизирует сумму абсолютных отклонений.",Теор. вер. и статистика,средний
Пусть \(f_n\searrow f\) непрерывны на компакте \(K\) и \(f\) непрерывна. Требуется показать равномерную сходимость \(f_n\to f\) (теорема Дини).,Теорема Дини о равномерной сходимости,"Показать равномерную сходимость последовательности непрерывных функций на компакте, монотонно сходящейся к непрерывной функции.",Мат. анализ,средний
"Вычисли $ \displaystyle \int_1^2 \dfrac{1}{x^2\sqrt[4]{(x^4+1)^3}}dx$.Ответ запишите в виде десятичной дроби, округлив по правилам математического округления до 3 знаков после запятой.",Вычисление определенного интеграла,Вычислить определенный интеграл от рациональной функции с корнем.,Мат. анализ,средний
"Парабола с уравнением $ y=x^2-4 $ поворачивается на $ 60^{\circ} $ против часовой стрелки вокруг начала координат. Единственная точка в четвертом квадранте, где исходная парабола и ее образ пересекаются, имеет координату $ y, $ равную $ \dfrac{a-\sqrt{b}}{c}, $ где $ a,b,c- $ положительные целые числа, и $ a $ и $ c $ взаимно просты. Найди $ a+b+c.$Ответ запишите в виде десятичной дроби, округлив по правилам математического округления до 3 знаков после запятой.",Пересечение параболы и ее образа после поворота,Найти y-координату точки пересечения параболы и ее образа после поворота на 60 градусов,Линал и геометрия,сложный
"Докажите признак Дирихле для рядов: если частичные суммы A_n=∑_{k=1}^n a_k ограничены, а b_n монотонно → 0, то ∑ a_n b_n сходится.",Признак сходимости Дирихле для рядов,"Доказать, что если частичные суммы ряда a_k ограничены, а b_n монотонно стремится к нулю, то ряд a_n b_n сходится.",Мат. анализ,средний
"Вычислить $\displaystyle \lim_{n \to \infty} (\sqrt{n^4 - 3n^2 + 2} - \sqrt{n^4 + 5n^2 + 1})$. Ответ запишите в виде десятичной дроби, округлив по правилам математического округления до 3 знаков после запятой.",Предел с корнями,Вычислить предел разности корней,Мат. анализ,средний
Докажите критерий факторизации Неймана–Фишера: статистика \(T\) достаточна \(\Leftrightarrow\) \(f(x;\theta)=g(T(x);\theta)h(x)\).,Критерий факторизации Неймана–Фишера,"Доказать, что статистика T достаточна тогда и только тогда, когда плотность вероятности f(x;θ) может быть разложена на произведение g(T(x);θ)h(x).",Теор. вер. и статистика,сложный
"Вычислить $\displaystyle \lim_{n \to \infty} \frac{n^2 \sin(3n + n^5)}{4^n + 4^{-n}}$. Ответ запишите в виде десятичной дроби, округлив по правилам математического округления до 3 знаков после запятой.",Предел отношения функций,"Вычислить предел отношения функции, содержащей синус и экспоненты.",Мат. анализ,легкий
"Вычислить $\displaystyle \lim_{n \to \infty} \frac{(1+n)^4 - (1-n)^4}{(1+n)^3 - (1-n)^3}$. Ответ запишите в виде десятичной дроби, округлив по правилам математического округления до 3 знаков после запятой.",Вычисление предела рациональной функции,Вычислить предел отношения многочленов при n стремящемся к бесконечности.,Мат. анализ,легкий
"Вычисли $ \displaystyle \lim_{x \rightarrow 0} (1-\cos x \cos 2x \cos 3x)/(1-\cos x)$. Ответ запиши в виде десятичной дроби, округлив по правилам математического округления до 3 знаков после запятой.",Вычисление предела с тригонометрическими функциями,Вычислить предел функции при x стремящемся к 0.,Мат. анализ,средний
"В телефонном номере 135-3?-?? стерлись три последние цифры. Найти вероятность, что стерлись различные цифры, отличные от 1, 3, 5. Ответ запишите в виде десятичной дроби, округлив по правилам математического округления до 3 знаков после запятой.",Вероятность стертых цифр,"Найти вероятность, что стерлись различные цифры, отличные от 1, 3, 5.",Теор. вер. и статистика,средний
"Вычисли $ \displaystyle \int_0^1 -\sin^{-1}(\sqrt{x}-\sqrt{x+1})dx$.Ответ запишите в виде десятичной дроби, округлив по правилам математического округления до 3 знаков после запятой.",Вычисление определенного интеграла с арксинусом,"Вычислить определенный интеграл от функции, содержащей арксинус и корни.",Мат. анализ,средний
"Вычисли $ \displaystyle \int_0^1 x\arcsin x dx$.Ответ запишите в виде десятичной дроби, округлив по правилам математического округления до 3 знаков после запятой.",Вычисление определенного интеграла с арксинусом,Вычислить определенный интеграл от произведения x и arcsin x.,Мат. анализ,средний
"Вычисли $ \displaystyle \lim_{x \rightarrow 0} (1-\cos x \cos 2x \cos 3x)/(1-\cos x)$. Ответ запиши в виде десятичной дроби, округлив по правилам математического округления до 3 знаков после запятой.",Вычисление предела с тригонометрическими функциями,Вычислить предел функции при x стремящемся к 0.,Мат. анализ,средний
"Вычисли $ \displaystyle \int_0^1 \dfrac{4}{x^4+4}dx$.Ответ запишите в виде десятичной дроби, округлив по правилам математического округления до 3 знаков после запятой.",Вычисление определенного интеграла,Вычислить определенный интеграл от рациональной функции,Мат. анализ,средний
"Вычисли $ \displaystyle \lim_{x \rightarrow \pi/3}(\operatorname{tg}^3x-3\operatorname{tg}x)/\cos(x+\pi/6)$. Ответ запиши в виде десятичной дроби, округлив по правилам математического округления до 3 знаков после запятой.",Вычисление предела с тригонометрическими функциями,Вычислить предел функции при x стремящемся к pi/3.,Мат. анализ,средний
"Вычислить несобственный интеграл: $\displaystyle \int_{1}^{+\infty} \frac{dx}{x^2}$. Ответ запишите в виде десятичной дроби, округлив по правилам математического округления до 3 знаков после запятой.",Вычисление несобственного интеграла,Вычислить несобственный интеграл от 1 до бесконечности функции 1/x^2.,Мат. анализ,легкий
Пусть \(X_n\Rightarrow X\) и \(h\) непрерывна. Требуется установить \(h(X_n)\Rightarrow h(X)\) (теорема о непрерывном отображении).,Теорема о непрерывном отображении,"Доказать, что если последовательность случайных величин сходится по распределению, то и их образы под непрерывным отображением также сходятся по распределению.",Теор. вер. и статистика,средний
"Вычисли $ \displaystyle \lim_{x \rightarrow 0} (1-\sqrt{\cos x})/(1-\cos(\sqrt{x}) $. Ответ запиши в виде десятичной дроби, округлив по правилам математического округления до 3 знаков после запятой.",Предел с корнями и косинусами,Вычислить предел функции при x стремящемся к 0: $ \displaystyle \lim_{x \rightarrow 0} (1-\sqrt{\cos x})/(1-\cos(\sqrt{x}) $,Мат. анализ,средний
"Указать такие $N$, начиная с которых можно гарантировать выполнение неравенства $|a_n| < \varepsilon$ при $a_n = \frac{1}{n}$ и $\varepsilon = 0.01$. Ответ запишите в виде десятичной дроби, округлив по правилам математического округления до 3 знаков после запятой.",Оценка N для сходимости последовательности,"Найти N, при котором |1/n| < 0.01.",Мат. анализ,легкий
"Вычисли $ \displaystyle \lim_{n \rightarrow \infty} (1/(1*2)+1/(2*3)+...+1/(n*(n+1))$. Ответ запиши в виде десятичной дроби, округлив по правилам математического округления до 3 знаков после запятой.",Предел суммы ряда,Вычислить предел суммы ряда $1/(1*2)+1/(2*3)+...+1/(n*(n+1))$ при $n \rightarrow \infty$.,Мат. анализ,легкий
"Вычислить интеграл: $\displaystyle \int_{0}^{\ln 2} x e^{-x} dx$. Ответ запишите в виде десятичной дроби, округлив по правилам математического округления до 3 знаков после запятой.",Вычисление определенного интеграла,Вычислить определенный интеграл функции xe^(-x) от 0 до ln(2).,Мат. анализ,легкий
"Из букв А, А, М, М наугад составляют слово. Найти вероятность получить ""МАМА"". Ответ запишите в виде десятичной дроби, округлив по правилам математического округления до 3 знаков после запятой.",Вероятность составить слово,Найти вероятность составить слово 'МАМА' из заданных букв.,Теор. вер. и статистика,легкий
"Вычисли $ \displaystyle \int_1^8 (4\sqrt[3]{x}-2/\sqrt[3]{x}) dx$. Ответ запиши в виде десятичной дроби, округлив по правилам математического округления до 3 знаков после запятой.",Вычисление определенного интеграла,"Вычислить определенный интеграл от функции, содержащей корни.",Мат. анализ,легкий
"Вычислить $\displaystyle \lim_{n \to \infty} (\sqrt{n + 1} - \sqrt{n})$. Ответ запишите в виде десятичной дроби, округлив по правилам математического округления до 3 знаков после запятой.",Предел разности корней,Вычислить предел $\lim_{n \to \infty} (\sqrt{n + 1} - \sqrt{n})$.,Мат. анализ,легкий
Пусть \(X_n\Rightarrow X\) и \(h\) непрерывна. Требуется установить \(h(X_n)\Rightarrow h(X)\) (теорема о непрерывном отображении).,Теорема о непрерывном отображении,"Доказать, что если последовательность случайных величин сходится по распределению, то и их образы под действием непрерывной функции также сходятся по распределению.",Теор. вер. и статистика,средний
Пусть \(A\in M_n(\mathbb{C})\) нормальна: \(AA^*=A^*A\). Требуется установить существование унитарной диагонализации \(A=U\Lambda U^*\).,Унитарная диагонализация нормальной матрицы,Доказать существование унитарной диагонализации для нормальной матрицы.,Линал и геометрия,средний
Дано \(A\in M_n(\mathbb{F})\). Требуется показать равенство определителей \(\det(A^T)=\det(A)\).,Определитель транспонированной матрицы,"Доказать, что определитель транспонированной матрицы равен определителю исходной матрицы.",Линал и геометрия,средний
"Вычислить $\displaystyle \lim_{n \to \infty} (\sqrt{n^4 - 3n^2 + 2} - \sqrt{n^4 + 5n^2 + 1})$. Ответ запишите в виде десятичной дроби, округлив по правилам математического округления до 3 знаков после запятой.",Предел с корнями,Вычислить предел разности корней,Мат. анализ,средний
"Вычислить $\displaystyle \lim_{n \to \infty} \frac{\sqrt{n^2 + n + 4}}{n^2 + 1}$. Ответ запишите в виде десятичной дроби, округлив по правилам математического округления до 3 знаков после запятой.",Предел отношения функций с корнем,Вычислить предел функции при n стремящемся к бесконечности.,Мат. анализ,легкий
"Указать такие $N$, начиная с которых можно гарантировать выполнение неравенства $|a_n| < \varepsilon$ при $a_n = \frac{1}{n}$ и $\varepsilon = 0.001$. Ответ запишите в виде десятичной дроби, округлив по правилам математического округления до 3 знаков после запятой.",Оценка N для сходимости последовательности,"Найти N, при котором |1/n| < 0.001",Мат. анализ,легкий
"Вычисли $ \displaystyle \int_3^6 e^{x/3} dx$. Ответ запиши в виде десятичной дроби, округлив по правилам математического округления до 3 знаков после запятой.",Вычисление определённого интеграла,Вычислить определённый интеграл от экспоненциальной функции.,Мат. анализ,легкий
"Вычислить $\displaystyle \lim_{n \to \infty} (\sqrt{n^4 - 3n^2 + 2} - \sqrt{n^4 + 5n^2 + 1})$. Ответ запишите в виде десятичной дроби, округлив по правилам математического округления до 3 знаков после запятой.",Предел с корнями,Вычислить предел разности корней,Мат. анализ,средний
"При каком натуральном $K$ величина $\frac{n^2}{1.001^n}$ достигает максимального значения? Ответ запишите в виде десятичной дроби, округлив по правилам математического округления до 3 знаков после запятой.",Максимум функции,"Найти натуральное K, при котором функция n^2 / 1.001^n достигает максимального значения.",Мат. анализ,средний
"Вычисли $ \displaystyle \lim_{x \rightarrow 0}\sqrt[x]{1-2x} $. Ответ запиши в виде десятичной дроби, округлив по правилам математического округления до 3 знаков после запятой.",Предел функции,Вычислить предел $\lim_{x \rightarrow 0}\sqrt[x]{1-2x}$,Мат. анализ,средний
"Вычислить $\displaystyle \lim_{n \to \infty} \frac{\sin (n^{100} + e^n)}{n^2 + 1}$. Ответ запишите в виде десятичной дроби, округлив по правилам математического округления до 3 знаков после запятой.",Предел отношения функции синуса к многочлену,Вычислить предел при n стремящемся к бесконечности от отношения sin(n^100 + e^n) к n^2 + 1.,Мат. анализ,легкий
"Указать такие $N$, начиная с которых можно гарантировать выполнение неравенства $|a_n| < \varepsilon$ при $a_n = \frac{1}{n}$ и $\varepsilon = 0.01$. Ответ запишите в виде десятичной дроби, округлив по правилам математического округления до 3 знаков после запятой.",Определение N для сходимости последовательности,"Найти N, при котором |1/n| < 0.01",Мат. анализ,легкий
"В телефонном номере 135-3?-?? стерлись три последние цифры. Найти вероятность, что стерлись различные цифры, отличные от 1, 3, 5. Ответ запишите в виде десятичной дроби, округлив по правилам математического округления до 3 знаков после запятой.",Вероятность трех различных цифр в телефонном номере,"Найти вероятность, что стерлись различные цифры, отличные от 1, 3, 5.",Теор. вер. и статистика,средний
"Вычислить $\displaystyle \lim_{n \to \infty} (\sqrt{n + 1} - \sqrt{n})$. Ответ запишите в виде десятичной дроби, округлив по правилам математического округления до 3 знаков после запятой.",Предел разности корней,Вычислить предел $\lim_{n \to \infty} (\sqrt{n + 1} - \sqrt{n})$.,Мат. анализ,легкий
"Вычисли $ \displaystyle \lim_{x \rightarrow \infty}((2x-3)^{20}(3x+2)^{30}/(2x+1)^{50}$. Ответ запиши в виде десятичной дроби, округлив по правилам математического округления до 3 знаков после запятой.",Предел отношения многочленов,Вычислить предел отношения многочленов при x стремящемся к бесконечности.,Мат. анализ,легкий
"Вычисли $ \displaystyle \lim_{x \rightarrow \pi/3}(\operatorname{tg}^3x-3\operatorname{tg}x)/\cos(x+\pi/6)$. Ответ запиши в виде десятичной дроби, округлив по правилам математического округления до 3 знаков после запятой.",Вычисление предела с тригонометрическими функциями,Вычислить предел $\lim_{x \rightarrow \pi/3}(\operatorname{tg}^3x-3\operatorname{tg}x)/\cos(x+\pi/6)$.,Мат. анализ,средний
"Вычисли $ \displaystyle \lim_{x \rightarrow 0} (1+x^2)^{\operatorname{ctg}^2 x}$. Ответ запиши в виде десятичной дроби, округлив по правилам математического округления до 3 знаков после запятой.",Предел функции,Вычислить предел функции при x стремящемся к 0.,Мат. анализ,средний
"Вычислить $\displaystyle \lim_{n \to \infty} \frac{3^{n+1} + 2^{n+1} + 1}{3^n + 2^n + 5}$. Ответ запишите в виде десятичной дроби, округлив по правилам математического округления до 3 знаков после запятой.",Предел отношения степенных функций,Вычислить предел отношения $3^{n+1} + 2^{n+1} + 1$ к $3^n + 2^n + 5$ при $n \to \infty$.,Мат. анализ,легкий
"Вычислить $\displaystyle \lim_{n \to \infty} \frac{(1+n)^4 - (1-n)^4}{(1+n)^3 - (1-n)^3}$. Ответ запишите в виде десятичной дроби, округлив по правилам математического округления до 3 знаков после запятой.",Вычисление предела рациональной функции,Вычислить предел отношения многочленов при n стремящемся к бесконечности.,Мат. анализ,легкий
"Вычислить $\displaystyle \lim_{n \to \infty} \frac{n \cos(n^2 + e^n)}{2^n - 1}$. Ответ запишите в виде десятичной дроби, округлив по правилам математического округления до 3 знаков после запятой.",Предел последовательности с косинусом,Вычислить предел последовательности $\displaystyle \lim_{n \to \infty} \frac{n \cos(n^2 + e^n)}{2^n - 1}$,Мат. анализ,легкий
"Найдите сумму ряда: $\displaystyle \frac{1}{1 \cdot 2} + \frac{1}{2 \cdot 3} + \frac{1}{3 \cdot 4} + \frac{1}{4 \cdot 5} + \ldots$. Ответ запишите в виде десятичной дроби, округлив по правилам математического округления до 3 знаков после запятой.",Сумма телескопического ряда,Найти сумму ряда $\sum_{n=1}^{\infty} \frac{1}{n(n+1)}$,Мат. анализ,легкий
"Указать предел последовательности $x_n = \frac{1}{n^2 + 1}$. Ответ запишите в виде десятичной дроби, округлив по правилам математического округления до 3 знаков после запятой.",Предел последовательности,Найти предел последовательности 1/(n^2 + 1) при n стремящемся к бесконечности.,Мат. анализ,легкий
"Вычисли $ \displaystyle \lim_{x \rightarrow 8}(\sqrt{9+2x}-5)/(\sqrt[3]{x}-2)$. Ответ запиши в виде десятичной дроби, округлив по правилам математического округления до 3 знаков после запятой.",Вычисление предела функции,Вычислить предел функции при x стремящемся к 8.,Мат. анализ,средний
"Вычислить интеграл: $\displaystyle \int_{0}^{\ln 2} x e^{-x} dx$. Ответ запишите в виде десятичной дроби, округлив по правилам математического округления до 3 знаков после запятой.",Вычисление определенного интеграла,Вычислить определенный интеграл функции xe^{-x} на заданном промежутке.,Мат. анализ,легкий
"Вычислить интеграл: $\displaystyle \int_{1}^{e} \frac{2 \ln x}{x} dx$. Ответ запишите в виде десятичной дроби, округлив по правилам математического округления до 3 знаков после запятой.",Вычисление определенного интеграла,Вычислить определенный интеграл от функции с логарифмом.,Мат. анализ,легкий
"Вычисли $ \displaystyle \int_1^8 (4\sqrt[3]{x}-2/\sqrt[3]{x}) dx$. Ответ запиши в виде десятичной дроби, округлив по правилам математического округления до 3 знаков после запятой.",Вычисление определенного интеграла,"Вычислить определенный интеграл от функции, содержащей корни.",Мат. анализ,легкий
"Решить матричное уравнение \( A A^T X = B \), где \[ A = \begin{pmatrix} 1 & 1 & 1 \\ 1 & -1 & 1 \end{pmatrix}, \quad B = \begin{pmatrix} 1 & 3 \\ 2 & 4 \end{pmatrix} \] Ответ запиши в формате $ a_{11}; a_{12}; \dots; a_{1n}; a_{21}; a_{22}; \dots; a_{mn}, $ округлив по правилам математического округления до 3 знаков после запятой.",Решение матричного уравнения,Найти матрицу X из уравнения A A^T X = B.,Линал и геометрия,средний
"Найдите сумму ряда: $\displaystyle \frac{1}{1 \cdot 2 \cdot 3} + \frac{1}{2 \cdot 3 \cdot 4} + \frac{1}{3 \cdot 4 \cdot 5} + \frac{1}{4 \cdot 5 \cdot 6} + \ldots$. Ответ запишите в виде десятичной дроби, округлив по правилам математического округления до 3 знаков после запятой.",Сумма ряда с произведениями в знаменателе,Найти сумму ряда $\sum_{n=1}^{\infty} \frac{1}{n(n+1)(n+2)}$,Мат. анализ,средний
"Вычислить $\displaystyle \lim_{n \to \infty} (\sqrt{n^4 - 3n^2 + 2} - \sqrt{n^4 + 5n^2 + 1})$. Ответ запишите в виде десятичной дроби, округлив по правилам математического округления до 3 знаков после запятой.",Предел с корнями,Вычислить предел разности корней,Мат. анализ,средний
"Вычисли $ \displaystyle \int_3^6 e^{x/3} dx$. Ответ запиши в виде десятичной дроби, округлив по правилам математического округления до 3 знаков после запятой.",Вычисление определённого интеграла,Вычислить определённый интеграл от экспоненциальной функции.,Мат. анализ,легкий
"Вычислить $\displaystyle \lim_{n \to \infty} \sqrt[n]{a}$ при $a > 0$. Ответ запишите в виде десятичной дроби, округлив по правилам математического округления до 3 знаков после запятой.",Предел корня n-й степени,Вычислить предел $\lim_{n \to \infty} \sqrt[n]{a}$ при $a > 0$.,Мат. анализ,легкий
"Вычислить $\displaystyle \lim_{n \to \infty} \frac{(1+n)^4 - (1-n)^4}{(1+n)^3 - (1-n)^3}$. Ответ запишите в виде десятичной дроби, округлив по правилам математического округления до 3 знаков после запятой.",Вычисление предела рациональной функции,Вычислить предел отношения многочленов при n стремящемся к бесконечности.,Мат. анализ,легкий
"Пусть модель \(p(x;\theta)\) регулярна, \(T(X)\) несмещённа для \(\tau(\theta)\). Требуется установить предел Крамера–Рао: \(\mathrm{Var}_\theta(T)\ge \frac{[\tau'(\theta)]^2}{\mathcal{I}(\theta)}\).",Неравенство Крамера-Рао,Установить предел Крамера-Рао для несмещённой оценки.,Теор. вер. и статистика,средний
"Пусть модель \(p(x;\theta)\) регулярна, \(T(X)\) несмещённа для \(\tau(\theta)\). Требуется установить предел Крамера–Рао: \(\mathrm{Var}_\theta(T)\ge \frac{[\tau'(\theta)]^2}{\mathcal{I}(\theta)}\).",Неравенство Крамера-Рао,Доказать неравенство Крамера-Рао для несмещенной оценки.,Теор. вер. и статистика,сложный
"Вычисли $ \displaystyle \lim_{n \rightarrow \infty} (1/(1*2)+1/(2*3)+...+1/(n*(n+1))$. Ответ запиши в виде десятичной дроби, округлив по правилам математического округления до 3 знаков после запятой.",Предел суммы ряда,Вычислить предел суммы ряда $1/(1*2)+1/(2*3)+...+1/(n*(n+1))$.,Мат. анализ,легкий
"Вычисли $ \displaystyle \lim_{x \rightarrow 0}(1-\cos x)/x^2$. Ответ запиши в виде десятичной дроби, округлив по правилам математического округления до 3 знаков после запятой.",Предел с косинусом,Вычислить предел функции (1-cos x)/x^2 при x стремящемся к 0.,Мат. анализ,легкий
"При каком натуральном $K$ величина $\frac{n^2}{1.001^n}$ достигает максимального значения? Ответ запишите в виде десятичной дроби, округлив по правилам математического округления до 3 знаков после запятой.",Максимум функции,"Найти натуральное K, при котором функция n^2 / 1.001^n достигает максимума.",Мат. анализ,средний
"Вычисли $ \displaystyle \lim_{x \rightarrow 0} ((1+x)/(2+x))^{(1-\sqrt{x})/(1-x)} $. Ответ запиши в виде десятичной дроби, округлив по правилам математического округления до 3 знаков после запятой.",Вычисление предела функции,Найти предел функции при x стремящемся к 0.,Мат. анализ,средний
Постройте моментную оценку для параметра λ в экспоненциальной модели и докажите её состоятельность.,Моментная оценка параметра экспоненциального распределения,Построение и доказательство состоятельности моментной оценки для параметра λ экспоненциального распределения.,Теор. вер. и статистика,средний
Дано \(A\in M_n(\mathbb{F})\). Требуется показать равенство определителей \(\det(A^T)=\det(A)\).,Определитель транспонированной матрицы,"Доказать, что определитель транспонированной матрицы равен определителю исходной матрицы.",Линал и геометрия,средний
"Найти обратную матрицу для: \[ \begin{pmatrix} 1 & 4 & 5 \\ 3 & 13 & 21 \\ 2 & 9 & 17 \end{pmatrix} \] Ответ запиши в формате $ a_{11}; a_{12}; \dots; a_{1n}; a_{21}; a_{22}; \dots; a_{mn}, $ округлив по правилам математического округления до 3 знаков после запятой.",Нахождение обратной матрицы,Найти обратную матрицу для заданной матрицы 3x3.,Линал и геометрия,средний
"Найти обратную матрицу для: \[ \begin{pmatrix} 1 & 4 & 5 \\ 3 & 13 & 21 \\ 2 & 9 & 17 \end{pmatrix} \] Ответ запиши в формате $ a_{11}; a_{12}; \dots; a_{1n}; a_{21}; a_{22}; \dots; a_{mn}, $ округлив по правилам математического округления до 3 знаков после запятой.",Нахождение обратной матрицы,Найти обратную матрицу для заданной матрицы 3x3.,Линал и геометрия,средний
"Вычислить $\displaystyle \lim_{n \to \infty} \frac{n^2 + n \sin(2^n + n)}{(n - 1)^3 - (n + 1)^3}$. Ответ запишите в виде десятичной дроби, округлив по правилам математического округления до 3 знаков после запятой.",Вычисление предела отношения многочленов с синусом,"Вычислить предел при n стремящемся к бесконечности от дроби, в числителе которой n^2 + n*sin(2^n + n), а в знаменателе (n-1)^3 - (n+1)^3.",Мат. анализ,средний
"Вычисли $ \displaystyle \lim_{x \rightarrow 0}(1-\cos x)/x^2$. Ответ запиши в виде десятичной дроби, округлив по правилам математического округления до 3 знаков после запятой.",Вычисление предела с неопределенностью,Вычислить предел функции при x стремящемся к 0.,Мат. анализ,легкий
"Вычисли $ \displaystyle \lim_{x \rightarrow 0}\sqrt[x]{1-2x} $. Ответ запиши в виде десятичной дроби, округлив по правилам математического округления до 3 знаков после запятой.",Предел функции,Вычислить предел $\lim_{x \rightarrow 0}\sqrt[x]{1-2x}$,Мат. анализ,средний
"Вычисли $ \displaystyle \int_1^2 \dfrac{2e^{2x}-e^x}{\sqrt{3e^{2x}-6e^x-1}}dx$.Ответ запишите в виде десятичной дроби, округлив по правилам математического округления до 3 знаков после запятой.",Вычисление определённого интеграла,Вычислить определённый интеграл от рациональной функции с экспонентой и корнем,Мат. анализ,средний
"Кусочно-линейная периодическая функция определена как: $f(x)=$ \begin{cases} x, \text{если } x\in [-1;1)\\ 2-x, \text{если } x \in [1;3) \end{cases} и $f(x+4) = f(x) $ для всех действительных $ x. $ График $f(x) $ имеет пилообразную форму. Парабола $ x =34y^2 $ пересекает график $f(x) $ в конечном числе точек. Сумма $ y-$координат этих точек пересечения может быть выражена в виде $ \dfrac{a+b\sqrt{c}}{d}, $ где $a,b,c,d - $ положительные целые числа, $a,b,d $ взаимно просты, а $ c $ не делится на квадрат любого просто числа. Найди $ a+b+c+d.$Ответ запишите в виде десятичной дроби, округлив по правилам математического округления до 3 знаков после запятой.",Пересечение кусочно-линейной функции и параболы,Найти сумму y-координат точек пересечения кусочно-линейной функции и параболы,Мат. анализ,сложный
"Вычислить $\displaystyle \lim_{n \to \infty} \frac{\sqrt{n^2 + n + 4}}{n^2 + 1}$. Ответ запишите в виде десятичной дроби, округлив по правилам математического округления до 3 знаков после запятой.",Предел отношения функций с корнем,Вычислить предел при n стремящемся к бесконечности,Мат. анализ,легкий
"Вычислить $\displaystyle \lim_{n \to \infty} (\sqrt{n + 1} - \sqrt{n})$. Ответ запишите в виде десятичной дроби, округлив по правилам математического округления до 3 знаков после запятой.",Предел разности корней,Вычислить предел $\lim_{n \to \infty} (\sqrt{n + 1} - \sqrt{n})$.,Мат. анализ,легкий
"Вычислить $\displaystyle \lim_{n \to \infty} \left(\frac{n^2 + 3n}{n^2 + 2n + 2}\right)^{n^2}$. Ответ запишите в виде десятичной дроби, округлив по правилам математического округления до 3 знаков после запятой.",Предел последовательности со степенью,Вычислить предел последовательности вида (f(n)/g(n))^h(n) при n стремящемся к бесконечности.,Мат. анализ,средний
"Решить матричное уравнение \( A A^T X = B \), где \[ A = \begin{pmatrix} 1 & 1 & 1 \\ 1 & -1 & 1 \end{pmatrix}, \quad B = \begin{pmatrix} 1 & 3 \\ 2 & 4 \end{pmatrix} \] Ответ запиши в формате $ a_{11}; a_{12}; \dots; a_{1n}; a_{21}; a_{22}; \dots; a_{mn}, $ округлив по правилам математического округления до 3 знаков после запятой.",Решение матричного уравнения,Найти матрицу X из уравнения A A^T X = B,Линал и геометрия,средний
"Вычислить $\displaystyle \lim_{n \to \infty} \frac{3^{n+1} + 2^{n+1} + 1}{3^n + 2^n + 5}$. Ответ запишите в виде десятичной дроби, округлив по правилам математического округления до 3 знаков после запятой.",Предел отношения степенных функций,Вычислить предел отношения $3^{n+1} + 2^{n+1} + 1$ к $3^n + 2^n + 5$ при $n \to \infty$.,Мат. анализ,легкий
"Вычисли $ \displaystyle \lim_{n \rightarrow \infty} (1^2+3^2+...+(2n-1)^2)/n^3$. Ответ запиши в виде десятичной дроби, округлив по правилам математического округления до 3 знаков после запятой.",Предел суммы квадратов нечетных чисел,Вычислить предел отношения суммы квадратов нечетных чисел к кубу n.,Мат. анализ,средний
"Вычислить $\displaystyle \lim_{n \to \infty} \frac{(1+n)^4 - (1-n)^4}{(1+n)^3 - (1-n)^3}$. Ответ запишите в виде десятичной дроби, округлив по правилам математического округления до 3 знаков после запятой.",Вычисление предела рациональной функции,Вычислить предел отношения многочленов при n стремящемся к бесконечности.,Мат. анализ,легкий
"Указать предел последовательности $x_n = \frac{1}{n^2 + 1}$. Ответ запишите в виде десятичной дроби, округлив по правилам математического округления до 3 знаков после запятой.",Предел последовательности,Найти предел последовательности $x_n = \frac{1}{n^2 + 1}$.,Мат. анализ,легкий
Докажите критерий факторизации Неймана–Фишера: статистика \(T\) достаточна \(\Leftrightarrow\) \(f(x;\theta)=g(T(x);\theta)h(x)\).,Критерий факторизации Неймана–Фишера,"Доказать, что статистика T достаточна тогда и только тогда, когда плотность вероятности f(x;θ) может быть представлена в виде произведения g(T(x);θ)h(x).",Теор. вер. и статистика,сложный
"Вычисли $ \displaystyle \int_1^2 \dfrac{1}{4x^5+5x}dx$.Ответ запишите в виде десятичной дроби, округлив по правилам математического округления до 3 знаков после запятой.",Вычисление определенного интеграла,Вычислить определенный интеграл от рациональной функции,Мат. анализ,средний
"В телефонном номере 135-3?-?? стерлись три последние цифры. Найти вероятность, что стерлись одинаковые цифры. Ответ запишите в виде десятичной дроби, округлив по правилам математического округления до 3 знаков после запятой.",Вероятность одинаковых цифр в телефонном номере,"Найти вероятность, что стерлись одинаковые цифры в телефонном номере 135-3?-??",Теор. вер. и статистика,легкий
"Вычисли $ \displaystyle \int_1^2 \dfrac{1}{4x^5+5x}dx$.Ответ запишите в виде десятичной дроби, округлив по правилам математического округления до 3 знаков после запятой.",Вычисление определенного интеграла,Вычислить определенный интеграл от рациональной функции,Мат. анализ,средний
"Вычислить $\displaystyle \lim_{n \to \infty} \frac{\sin (n^{100} + e^n)}{n^2 + 1}$. Ответ запишите в виде десятичной дроби, округлив по правилам математического округления до 3 знаков после запятой.",Предел отношения функции синуса и полинома,Вычислить предел $\displaystyle \lim_{n \to \infty} \frac{\sin (n^{100} + e^n)}{n^2 + 1}$.,Мат. анализ,легкий
"Вычислить интеграл: $\displaystyle \int_{0}^{\ln 2} x e^{-x} dx$. Ответ запишите в виде десятичной дроби, округлив по правилам математического округления до 3 знаков после запятой.",Вычисление определенного интеграла,Вычислить определенный интеграл функции xe^(-x) от 0 до ln(2).,Мат. анализ,легкий
"Вычисли $ \displaystyle \int_1^2 \dfrac{2e^{2x}-e^x}{\sqrt{3e^{2x}-6e^x-1}}dx$.Ответ запишите в виде десятичной дроби, округлив по правилам математического округления до 3 знаков после запятой.",Определенный интеграл с экспонентами,Вычислить определенный интеграл от рациональной функции с экспонентами и корнем.,Мат. анализ,средний
"Вычисли $ \displaystyle \int_0^1 \dfrac{4}{x^4+4}dx$.Ответ запишите в виде десятичной дроби, округлив по правилам математического округления до 3 знаков после запятой.",Вычисление определенного интеграла,Вычислить определенный интеграл от рациональной функции,Мат. анализ,средний
"Вычислить $\displaystyle \lim_{n \to \infty} \frac{n^2 \sin(3n + n^5)}{4^n + 4^{-n}}$. Ответ запишите в виде десятичной дроби, округлив по правилам математического округления до 3 знаков после запятой.",Предел отношения функций,Вычислить предел отношения $n^2 \sin(3n + n^5)$ к $4^n + 4^{-n}$ при $n \to \infty$.,Мат. анализ,легкий
"Вычисли $ \displaystyle \lim_{x \rightarrow +\infty}\sqrt{x+\sqrt{x+\sqrt{x}}}-\sqrt{x}$. Ответ запиши в виде десятичной дроби, округлив по правилам математического округления до 3 знаков после запятой.",Предел с корнями,Вычислить предел функции с вложенными корнями при x стремящемся к бесконечности.,Мат. анализ,средний
"Найдите сумму ряда: $\displaystyle \frac{1}{1 \cdot 2} + \frac{1}{2 \cdot 3} + \frac{1}{3 \cdot 4} + \frac{1}{4 \cdot 5} + \ldots$. Ответ запишите в виде десятичной дроби, округлив по правилам математического округления до 3 знаков после запятой.",Сумма телескопического ряда,Найти сумму ряда $\sum_{n=1}^{\infty} \frac{1}{n(n+1)}$,Мат. анализ,легкий
"Найдите сумму ряда: $\displaystyle \frac{1}{1 \cdot 2} + \frac{1}{2 \cdot 3} + \frac{1}{3 \cdot 4} + \frac{1}{4 \cdot 5} + \ldots$. Ответ запишите в виде десятичной дроби, округлив по правилам математического округления до 3 знаков после запятой.",Сумма телескопического ряда,Найдите сумму ряда $\sum_{n=1}^{\infty} \frac{1}{n(n+1)}$,Мат. анализ,легкий
"Вычисли $ \displaystyle \lim_{x \rightarrow 0}(1-\cos x)/x^2$. Ответ запиши в виде десятичной дроби, округлив по правилам математического округления до 3 знаков после запятой.",Вычисление предела функции,Вычислить предел функции при x стремящемся к 0.,Мат. анализ,легкий
"Найти обратную матрицу для: \[ \begin{pmatrix} 1 & 4 & 5 \\ 3 & 13 & 21 \\ 2 & 9 & 17 \end{pmatrix} \] Ответ запиши в формате $ a_{11}; a_{12}; \dots; a_{1n}; a_{21}; a_{22}; \dots; a_{mn}, $ округлив по правилам математического округления до 3 знаков после запятой.",Нахождение обратной матрицы,Найти обратную матрицу для заданной матрицы 3x3.,Линал и геометрия,средний
"Вычисли $ \displaystyle \lim_{x \rightarrow \pi/4 + 0} (\operatorname{tg}(\pi/8+x))^{\operatorname{tg}2x}$. Ответ запиши в виде десятичной дроби, округлив по правилам математического округления до 3 знаков после запятой.",Вычисление предела функции,Вычислить предел функции вида $f(x)^{g(x)}$ при $x \to \pi/4 + 0$.,Мат. анализ,средний
"Решить матричное уравнение \( A A^T X = B \), где \[ A = \begin{pmatrix} 1 & 1 & 1 \\ 1 & -1 & 1 \end{pmatrix}, \quad B = \begin{pmatrix} 1 & 3 \\ 2 & 4 \end{pmatrix} \] Ответ запиши в формате $ a_{11}; a_{12}; \dots; a_{1n}; a_{21}; a_{22}; \dots; a_{mn}, $ округлив по правилам математического округления до 3 знаков после запятой.",Решение матричного уравнения,Найти матрицу X из уравнения A A^T X = B,Линал и геометрия,средний
"Вычисли $ \displaystyle \int_0^1 x\arcsin x dx$.Ответ запишите в виде десятичной дроби, округлив по правилам математического округления до 3 знаков после запятой.",Вычисление определенного интеграла с арксинусом,"Вычислить определенный интеграл от произведения x и arcsin(x) на отрезке [0, 1].",Мат. анализ,средний
"Существует 8! восьмизначных положительных чисел, которые используют каждую из цифр 1,2,3,4,5,6,7,8 ровно один раз. Пусть $ N - $ количество таких чисел, которые делятся на 22. Найди модуль разности $ N - 2025.$Ответ запишите в виде десятичной дроби, округлив по правилам математического округления до 3 знаков после запятой.","Количество восьмизначных чисел, делящихся на 22","Найти количество перестановок цифр от 1 до 8, делящихся на 22, и вычислить модуль разности с 2025.",теория чисел,средний
"Вычисли $ \displaystyle \lim_{n \rightarrow \infty} (1-2+3-...+(-1)^{n-1}n)/n$. Ответ запиши в виде десятичной дроби, округлив по правилам математического округления до 3 знаков после запятой.",Предел знакопеременной суммы,Вычислить предел отношения знакопеременной суммы к n.,Мат. анализ,средний
"Вычислить $\displaystyle \lim_{n \to \infty} \frac{(1+n)^4 - (1-n)^4}{(1+n)^3 - (1-n)^3}$. Ответ запишите в виде десятичной дроби, округлив по правилам математического округления до 3 знаков после запятой.",Вычисление предела рациональной функции,Вычислить предел отношения многочленов при n стремящемся к бесконечности.,Мат. анализ,легкий
"Вычисли $ \displaystyle \int_0^1 \dfrac{\sqrt[3]{x}-1}{\ln(x)}$.Ответ запишите в виде десятичной дроби, округлив по правилам математического округления до 3 знаков после запятой.",Вычисление определённого интеграла,Вычислить определённый интеграл от функции с логарифмом и корнем.,Мат. анализ,сложный
"Существует 8! восьмизначных положительных чисел, которые используют каждую из цифр 1,2,3,4,5,6,7,8 ровно один раз. Пусть $ N - $ количество таких чисел, которые делятся на 22. Найди модуль разности $ N - 2025.$Ответ запишите в виде десятичной дроби, округлив по правилам математического округления до 3 знаков после запятой.","Количество восьмизначных чисел, делящихся на 22","Найти количество восьмизначных чисел, составленных из цифр 1-8 без повторений, которые делятся на 22, и вычислить модуль разности N-2025.",теория чисел,средний
"Вычисли $ \displaystyle \int_0^1 x\arcsin x dx$.Ответ запишите в виде десятичной дроби, округлив по правилам математического округления до 3 знаков после запятой.",Вычисление определенного интеграла с арксинусом,Вычислить определенный интеграл от произведения x и arcsin x.,Мат. анализ,средний
"Найдите сумму ряда: $\displaystyle \frac{1}{1 \cdot 2 \cdot 3} + \frac{1}{2 \cdot 3 \cdot 4} + \frac{1}{3 \cdot 4 \cdot 5} + \frac{1}{4 \cdot 5 \cdot 6} + \ldots$. Ответ запишите в виде десятичной дроби, округлив по правилам математического округления до 3 знаков после запятой.",Сумма ряда с произведениями в знаменателе,Найти сумму ряда $\sum_{n=1}^{\infty} \frac{1}{n(n+1)(n+2)}$,Мат. анализ,средний
"Вычисли $ \displaystyle \lim_{x \rightarrow \infty} ((x^2-1)/(x^2+1))^{(x-1)/(x+1)} $. Ответ запиши в виде десятичной дроби, округлив по правилам математического округления до 3 знаков после запятой.",Вычисление предела функции,Вычислить предел функции вида $f(x)^{g(x)}$ при $x \to \infty$.,Мат. анализ,средний
"Вычисли $ \displaystyle \lim_{x \rightarrow +\infty}\sqrt{x+\sqrt{x+\sqrt{x}}}-\sqrt{x}$. Ответ запиши в виде десятичной дроби, округлив по правилам математического округления до 3 знаков после запятой.",Предел с корнями,Вычислить предел функции с вложенными корнями при x стремящемся к бесконечности.,Мат. анализ,средний
"Вычисли $ \displaystyle \lim_{n \rightarrow \infty} (1-2+3-...+(-1)^{n-1}n)/n$. Ответ запиши в виде десятичной дроби, округлив по правилам математического округления до 3 знаков после запятой.",Предел знакопеременной суммы,Вычислить предел отношения знакопеременной суммы к n.,Мат. анализ,средний
"Вычислить $\displaystyle \lim_{n \to \infty} \left(1 + \frac{2}{n}\right)^n$. Ответ запишите в виде десятичной дроби, округлив по правилам математического округления до 3 знаков после запятой.",Вычисление предела последовательности,Вычислить предел $\lim_{n \to \infty} \left(1 + \frac{2}{n}\right)^n$.,Мат. анализ,легкий
"Вычисли $ \displaystyle \lim_{x \rightarrow \pi/3}(\operatorname{tg}^3x-3\operatorname{tg}x)/\cos(x+\pi/6)$. Ответ запиши в виде десятичной дроби, округлив по правилам математического округления до 3 знаков после запятой.",Вычисление предела с тригонометрическими функциями,Вычислить предел функции при x стремящемся к pi/3.,Мат. анализ,средний
Пусть \(A\in M_n(\mathbb{C})\) нормальна: \(AA^*=A^*A\). Требуется установить существование унитарной диагонализации \(A=U\Lambda U^*\).,Унитарная диагонализация нормальной матрицы,Доказать существование унитарной диагонализации для нормальной матрицы.,Линал и геометрия,средний
"В телефонном номере 135-3?-?? стерлись три последние цифры. Найти вероятность, что стерлись одинаковые цифры. Ответ запишите в виде десятичной дроби, округлив по правилам математического округления до 3 знаков после запятой.",Вероятность одинаковых цифр в телефонном номере,"Найти вероятность, что три стершиеся цифры телефонного номера одинаковы.",Теор. вер. и статистика,легкий
"Указать такие $N$, начиная с которых можно гарантировать выполнение неравенства $|a_n| < \varepsilon$ при $a_n = \frac{1}{n}$ и $\varepsilon = 0.01$. Ответ запишите в виде десятичной дроби, округлив по правилам математического округления до 3 знаков после запятой.",Определение N для сходимости последовательности,"Найти N, при котором |1/n| < 0.01.",Мат. анализ,легкий
"Вычисли $ \displaystyle \int_1^2 \dfrac{2e^{2x}-e^x}{\sqrt{3e^{2x}-6e^x-1}}dx$.Ответ запишите в виде десятичной дроби, округлив по правилам математического округления до 3 знаков после запятой.",Вычисление определённого интеграла,Вычислить определённый интеграл от рациональной функции с экспонентами и корнем.,Мат. анализ,средний
"Вычислить $\displaystyle \lim_{n \to \infty} (\sqrt{n + 1} - \sqrt{n})$. Ответ запишите в виде десятичной дроби, округлив по правилам математического округления до 3 знаков после запятой.",Предел разности корней,Вычислить предел $\displaystyle \lim_{n \to \infty} (\sqrt{n + 1} - \sqrt{n})$,Мат. анализ,легкий
Дано \(A\in M_n(\mathbb{F})\). Требуется показать равенство определителей \(\det(A^T)=\det(A)\).,Определитель транспонированной матрицы,"Доказать, что определитель транспонированной матрицы равен определителю исходной матрицы.",Линал и геометрия,средний
"Вычислить $\displaystyle \lim_{n \to \infty} \left(\frac{n^2 + 3n}{n^2 + 2n + 2}\right)^n$. Ответ запишите в виде десятичной дроби, округлив по правилам математического округления до 3 знаков после запятой.",Предел последовательности,Вычислить предел последовательности вида (1 + 1/f(n))^n,Мат. анализ,средний
"Вычислить $\displaystyle \lim_{n \to \infty} \frac{\sin (n^{100} + e^n)}{n^2 + 1}$. Ответ запишите в виде десятичной дроби, округлив по правилам математического округления до 3 знаков после запятой.",Предел отношения функции синуса к многочлену,Вычислить предел при n стремящемся к бесконечности отношения синуса от (n в степени 100 плюс e в степени n) к (n в квадрате плюс 1).,Мат. анализ,легкий
"Вычислить несобственный интеграл: $\displaystyle \int_{2}^{+\infty} \frac{dx}{x^2+2x-3}$. Ответ запишите в виде десятичной дроби, округлив по правилам математического округления до 3 знаков после запятой.",Вычисление несобственного интеграла,Вычислить несобственный интеграл от рациональной функции.,Мат. анализ,средний
"Вычисли $ \displaystyle \int_0^1 \dfrac{4}{x^4+4}dx$.Ответ запишите в виде десятичной дроби, округлив по правилам математического округления до 3 знаков после запятой.",Вычисление определенного интеграла,Вычислить определенный интеграл от рациональной функции.,Мат. анализ,средний
"Вычислить интеграл: $\displaystyle \int_{1}^{e} \frac{2 \ln x}{x} dx$. Ответ запишите в виде десятичной дроби, округлив по правилам математического округления до 3 знаков после запятой.",Вычисление определенного интеграла,Вычислить определенный интеграл функции 2ln(x)/x от 1 до e.,Мат. анализ,легкий
"Вычислить $\displaystyle \lim_{n \to \infty} \frac{3^{n+1} + 2^{n+1} + 1}{3^n + 2^n + 5}$. Ответ запишите в виде десятичной дроби, округлив по правилам математического округления до 3 знаков после запятой.",Предел отношения степенных функций,Вычислить предел отношения $3^{n+1} + 2^{n+1} + 1$ к $3^n + 2^n + 5$ при $n \to \infty$.,Мат. анализ,легкий
"Вычисли $ \displaystyle \int_1^8 (4\sqrt[3]{x}-2/\sqrt[3]{x}) dx$. Ответ запиши в виде десятичной дроби, округлив по правилам математического округления до 3 знаков после запятой.",Вычисление определённого интеграла,"Вычислить определённый интеграл от функции, содержащей корни.",Мат. анализ,легкий
"Вычисли $ \displaystyle \lim_{x \rightarrow 0}(1-\cos x)/x^2$. Ответ запиши в виде десятичной дроби, округлив по правилам математического округления до 3 знаков после запятой.",Предел с косинусом,Вычислить предел функции при x стремящемся к 0.,Мат. анализ,легкий
"Два охотника стреляют по волку (вероятности попадания 0.7 и 0.8). Найти вероятность хотя бы одного попадания по одному выстрелу. Ответ запишите в виде десятичной дроби, округлив по правилам математического округления до 3 знаков после запятой.",Вероятность хотя бы одного попадания,Найти вероятность хотя бы одного попадания по волку двумя охотниками с заданными вероятностями попадания.,Теор. вер. и статистика,легкий
"Вычислить $\displaystyle \lim_{n \to \infty} \left(\frac{n^2 + 3n}{n^2 + 2n + 2}\right)^{n^2}$. Ответ запишите в виде десятичной дроби, округлив по правилам математического округления до 3 знаков после запятой.",Предел последовательности с показателем степени,Вычислить предел вида (P(n)/Q(n))^R(n) при n стремящемся к бесконечности.,Мат. анализ,средний
"Вычисли $ \displaystyle \lim_{x \rightarrow \infty} ((x^2-1)/(x^2+1))^{(x-1)/(x+1)} $. Ответ запиши в виде десятичной дроби, округлив по правилам математического округления до 3 знаков после запятой.",Вычисление предела функции,"Вычислить предел функции при x, стремящемся к бесконечности",Мат. анализ,средний
"Вычисли $ \displaystyle \lim_{n \rightarrow \infty} (1/(1*2)+1/(2*3)+...+1/(n*(n+1))$. Ответ запиши в виде десятичной дроби, округлив по правилам математического округления до 3 знаков после запятой.",Предел суммы ряда,Вычислить предел суммы ряда 1/(1*2) + 1/(2*3) + ... + 1/(n*(n+1)) при n стремящемся к бесконечности.,Мат. анализ,легкий
"Вычисли $ \displaystyle \lim_{n \rightarrow \infty} (1-2+3-...+(-1)^{n-1}n)/n$. Ответ запиши в виде десятичной дроби, округлив по правилам математического округления до 3 знаков после запятой.",Предел знакопеременной суммы,"Вычислить предел последовательности, содержащей знакопеременную сумму.",Мат. анализ,средний
"Найти вероятность правильно угадать 2 последние разные нечетные цифры номера. Ответ запишите в виде десятичной дроби, округлив по правилам математического округления до 3 знаков после запятой.",Вероятность угадать последние две разные нечетные цифры,Найти вероятность правильно угадать 2 последние разные нечетные цифры номера.,Теор. вер. и статистика,легкий
"Вычисли $ \displaystyle \lim_{n \rightarrow \infty} (1^2+3^2+...+(2n-1)^2)/n^3$. Ответ запиши в виде десятичной дроби, округлив по правилам математического округления до 3 знаков после запятой.",Предел суммы квадратов нечётных чисел,Вычислить предел отношения суммы квадратов нечётных чисел к кубу n.,Мат. анализ,средний
"Вычислить $\displaystyle \lim_{n \to \infty} \frac{n^2 + n \sin(2^n + n)}{(n - 1)^3 - (n + 1)^3}$. Ответ запишите в виде десятичной дроби, округлив по правилам математического округления до 3 знаков после запятой.",Вычисление предела отношения многочленов с синусом,Вычислить предел функции при n стремящемся к бесконечности.,Мат. анализ,средний
"Брошены три монеты. Найти вероятность выпадения двух ""гербов"". Ответ запишите в виде десятичной дроби, округлив по правилам математического округления до 3 знаков после запятой.",Вероятность выпадения двух гербов при бросании трех монет,Найти вероятность выпадения двух гербов при бросании трех монет.,Теор. вер. и статистика,легкий
"Вычислить интеграл: $\displaystyle \int_{0}^{\ln 2} x e^{-x} dx$. Ответ запишите в виде десятичной дроби, округлив по правилам математического округления до 3 знаков после запятой.",Вычисление определенного интеграла,Вычислить определенный интеграл функции xe^(-x) от 0 до ln(2).,Мат. анализ,средний
"Вычисли $ \displaystyle \lim_{x \rightarrow 0} \sin{5x}/x$. Ответ запиши в виде десятичной дроби, округлив по правилам математического округления до 3 знаков после запятой.",Вычисление предела функции,Найти предел отношения синуса к аргументу при стремлении аргумента к нулю.,Мат. анализ,легкий
"Пусть модель \(p(x;\theta)\) регулярна, \(T(X)\) несмещённа для \(\tau(\theta)\). Требуется установить предел Крамера–Рао: \(\mathrm{Var}_\theta(T)\ge \frac{[\tau'(\theta)]^2}{\mathcal{I}(\theta)}\).",Предел Крамера–Рао,Установить предел Крамера–Рао для несмещенной оценки.,Теор. вер. и статистика,средний
"Вычисли $ \displaystyle \int_0^1 \dfrac{\sqrt[3]{x}-1}{\ln(x)}$.Ответ запишите в виде десятичной дроби, округлив по правилам математического округления до 3 знаков после запятой.",Вычисление определённого интеграла,Вычислить определённый интеграл от функции с логарифмом и корнем.,Мат. анализ,средний
"Вычислить $\displaystyle \lim_{n \to \infty} \frac{\sin (n^{100} + e^n)}{n^2 + 1}$. Ответ запишите в виде десятичной дроби, округлив по правилам математического округления до 3 знаков после запятой.",Предел отношения синуса к многочлену,Вычислить предел $\lim_{n \to \infty} \frac{\sin (n^{100} + e^n)}{n^2 + 1}$.,Мат. анализ,легкий
"Кусочно-линейная периодическая функция определена как: $f(x)=$ \begin{cases} x, \text{если } x\in [-1;1)\\ 2-x, \text{если } x \in [1;3) \end{cases} и $f(x+4) = f(x) $ для всех действительных $ x. $ График $f(x) $ имеет пилообразную форму. Парабола $ x =34y^2 $ пересекает график $f(x) $ в конечном числе точек. Сумма $ y-$координат этих точек пересечения может быть выражена в виде $ \dfrac{a+b\sqrt{c}}{d}, $ где $a,b,c,d - $ положительные целые числа, $a,b,d $ взаимно просты, а $ c $ не делится на квадрат любого просто числа. Найди $ a+b+c+d.$Ответ запишите в виде десятичной дроби, округлив по правилам математического округления до 3 знаков после запятой.",Пересечение кусочно-линейной функции и параболы,Найти сумму y-координат точек пересечения кусочно-линейной периодической функции и параболы.,Мат. анализ,сложный
"Вычислить $\displaystyle \lim_{n \to \infty} \frac{3^{n+1} + 2^{n+1} + 1}{3^n + 2^n + 5}$. Ответ запишите в виде десятичной дроби, округлив по правилам математического округления до 3 знаков после запятой.",Предел отношения степенных функций,Вычислить предел отношения $3^{n+1} + 2^{n+1} + 1$ к $3^n + 2^n + 5$ при $n \to \infty$.,Мат. анализ,легкий
"Вычислите интеграл: $\displaystyle \int_0^\pi \left( |\sin(1999x)| - |\sin(2000x)| \right) dx$. Ответ запишите в виде десятичной дроби, округлив по правилам математического округления до 3 знаков после запятой.",Интеграл с модулями синусов,Вычислить определенный интеграл от разности модулей синусов.,Мат. анализ,средний
"Вычислите интеграл: $\displaystyle \int_0^\pi \left( |\sin(1999x)| - |\sin(2000x)| \right) dx$. Ответ запишите в виде десятичной дроби, округлив по правилам математического округления до 3 знаков после запятой.",Вычисление определенного интеграла с модулем,Вычислить определенный интеграл от разности модулей синусов.,Мат. анализ,средний
"Вычислить $\displaystyle \lim_{n \to \infty} \left(\frac{n^2 + 3n}{n^2 + 2n + 2}\right)^n$. Ответ запишите в виде десятичной дроби, округлив по правилам математического округления до 3 знаков после запятой.",Предел последовательности,Вычислить предел последовательности вида (1 + a/n)^n,Мат. анализ,средний
"Кусочно-линейная периодическая функция определена как: $f(x)=$ \begin{cases} x, \text{если } x\in [-1;1)\\ 2-x, \text{если } x \in [1;3) \end{cases} и $f(x+4) = f(x) $ для всех действительных $ x. $ График $f(x) $ имеет пилообразную форму. Парабола $ x =34y^2 $ пересекает график $f(x) $ в конечном числе точек. Сумма $ y-$координат этих точек пересечения может быть выражена в виде $ \dfrac{a+b\sqrt{c}}{d}, $ где $a,b,c,d - $ положительные целые числа, $a,b,d $ взаимно просты, а $ c $ не делится на квадрат любого просто числа. Найди $ a+b+c+d.$Ответ запишите в виде десятичной дроби, округлив по правилам математического округления до 3 знаков после запятой.",Пересечение кусочно-линейной функции и параболы,Найти сумму y-координат точек пересечения кусочно-линейной периодической функции и параболы.,Мат. анализ,сложный
"Вычисли $ \displaystyle \int_0^1 \dfrac{4}{x^4+4}dx$.Ответ запишите в виде десятичной дроби, округлив по правилам математического округления до 3 знаков после запятой.",Вычисление определённого интеграла,Вычислить определённый интеграл от рациональной функции,Мат. анализ,средний
"Найти вероятность правильно угадать 2 последние разные нечетные цифры номера. Ответ запишите в виде десятичной дроби, округлив по правилам математического округления до 3 знаков после запятой.",Вероятность угадать две последние разные нечетные цифры,Найти вероятность правильно угадать 2 последние разные нечетные цифры номера.,Теор. вер. и статистика,легкий
"Вычисли $ \displaystyle \lim_{x \rightarrow 0} \sin{5x}/x$. Ответ запиши в виде десятичной дроби, округлив по правилам математического округления до 3 знаков после запятой.",Вычисление предела с синусом,Найти предел функции sin(5x)/x при x стремящемся к 0.,Мат. анализ,легкий
"Кусочно-линейная периодическая функция определена как: $f(x)=$ \begin{cases} x, \text{если } x\in [-1;1)\\ 2-x, \text{если } x \in [1;3) \end{cases} и $f(x+4) = f(x) $ для всех действительных $ x. $ График $f(x) $ имеет пилообразную форму. Парабола $ x =34y^2 $ пересекает график $f(x) $ в конечном числе точек. Сумма $ y-$координат этих точек пересечения может быть выражена в виде $ \dfrac{a+b\sqrt{c}}{d}, $ где $a,b,c,d - $ положительные целые числа, $a,b,d $ взаимно просты, а $ c $ не делится на квадрат любого просто числа. Найди $ a+b+c+d.$Ответ запишите в виде десятичной дроби, округлив по правилам математического округления до 3 знаков после запятой.",Пересечение кусочно-линейной функции и параболы,Найти сумму y-координат точек пересечения кусочно-линейной периодической функции и параболы.,Мат. анализ,сложный
"Вычисли $ \displaystyle \lim_{x \rightarrow 0} (1+x^2)^{\operatorname{ctg}^2 x}$. Ответ запиши в виде десятичной дроби, округлив по правилам математического округления до 3 знаков после запятой.",Предел функции с неопределенностью,"Вычислить предел функции вида (1+x^2)^(ctg^2 x) при x, стремящемся к 0.",Мат. анализ,средний
"Решить матричное уравнение \( A A^T X = B \), где \[ A = \begin{pmatrix} 1 & 1 & 1 \\ 1 & -1 & 1 \end{pmatrix}, \quad B = \begin{pmatrix} 1 & 3 \\ 2 & 4 \end{pmatrix} \] Ответ запиши в формате $ a_{11}; a_{12}; \dots; a_{1n}; a_{21}; a_{22}; \dots; a_{mn}, $ округлив по правилам математического округления до 3 знаков после запятой.",Решение матричного уравнения,Найти матрицу X из уравнения A A^T X = B,Линал и геометрия,средний
"Из букв А, А, М, М наугад составляют слово. Найти вероятность получить ""МАМА"". Ответ запишите в виде десятичной дроби, округлив по правилам математического округления до 3 знаков после запятой.",Вероятность составить слово,"Из букв А, А, М, М наугад составляют слово. Найти вероятность получить ""МАМА"".",Теор. вер. и статистика,легкий
"Вычисли $ \displaystyle \lim_{x \rightarrow 0} (1-\cos x \cos 2x \cos 3x)/(1-\cos x)$. Ответ запиши в виде десятичной дроби, округлив по правилам математического округления до 3 знаков после запятой.",Вычисление предела с тригонометрическими функциями,Вычислить предел функции при x стремящемся к 0.,Мат. анализ,средний
"Вычислить $\displaystyle \lim_{n \to \infty} (\sqrt{n^2 + 4n} - n - 2)$. Ответ запишите в виде десятичной дроби, округлив по правилам математического округления до 3 знаков после запятой.",Предел с иррациональностью,"Вычислить предел последовательности, содержащей квадратный корень.",Мат. анализ,легкий
"Вычисли $ \displaystyle \lim_{x \rightarrow 0} ((1+x)/(2+x))^{(1-\sqrt{x})/(1-x)} $. Ответ запиши в виде десятичной дроби, округлив по правилам математического округления до 3 знаков после запятой.",Вычисление предела функции,Вычислить предел функции при x стремящемся к 0.,Мат. анализ,средний
"Вычислить $\displaystyle \lim_{n \to \infty} \left(\frac{n^3 + 4n}{n^3 + 2n - 3}\right)^{n^2 - 3}$. Ответ запишите в виде десятичной дроби, округлив по правилам математического округления до 3 знаков после запятой.",Предел последовательности со степенью,Вычислить предел последовательности вида $f(n)^{g(n)}$ при $n \to \infty$.,Мат. анализ,средний
"Вычисли $ \displaystyle \lim_{x \rightarrow 0} ((1+x)/(2+x))^{(1-\sqrt{x})/(1-x)} $. Ответ запиши в виде десятичной дроби, округлив по правилам математического округления до 3 знаков после запятой.",Вычисление предела функции,Вычислить предел функции при x стремящемся к 0.,Мат. анализ,средний
"Вычислить $\displaystyle \lim_{n \to \infty} \sqrt[n]{a}$ при $a > 0$. Ответ запишите в виде десятичной дроби, округлив по правилам математического округления до 3 знаков после запятой.",Предел корня n-й степени,Вычислить предел $\lim_{n \to \infty} \sqrt[n]{a}$ при $a > 0$.,Мат. анализ,легкий
"Пусть модель \(p(x;\theta)\) регулярна, \(T(X)\) несмещённа для \(\tau(\theta)\). Требуется установить предел Крамера–Рао: \(\mathrm{Var}_\theta(T)\ge \frac{[\tau'(\theta)]^2}{\mathcal{I}(\theta)}\).",Предел Крамера–Рао,Доказать неравенство Крамера–Рао для несмещённой оценки.,Теор. вер. и статистика,средний
"Вычислить несобственный интеграл: $\displaystyle \int_{1}^{+\infty} \frac{dx}{x^2}$. Ответ запишите в виде десятичной дроби, округлив по правилам математического округления до 3 знаков после запятой.",Вычисление несобственного интеграла,Вычислить несобственный интеграл от 1 до бесконечности функции 1/x^2.,Мат. анализ,легкий
"Вычислить $\displaystyle \lim_{n \to \infty} \left(\frac{n^2 + 3n}{n^2 + 2n + 2}\right)^{n^2}$. Ответ запишите в виде десятичной дроби, округлив по правилам математического округления до 3 знаков после запятой.",Предел последовательности с показателем,Вычислить предел последовательности вида (f(n))^(g(n)),Мат. анализ,средний
"Вычислить $\displaystyle \lim_{n \to \infty} \left(1 + \frac{2}{n}\right)^n$. Ответ запишите в виде десятичной дроби, округлив по правилам математического округления до 3 знаков после запятой.",Вычисление предела последовательности,Вычислить предел последовательности вида (1 + a/n)^n при n стремящемся к бесконечности.,Мат. анализ,легкий
"Вычислить $\displaystyle \lim_{n \to \infty} \left(\frac{n^2 + 3n}{n^2 + 2n + 2}\right)^{n^2}$. Ответ запишите в виде десятичной дроби, округлив по правилам математического округления до 3 знаков после запятой.",Предел с неопределенностью вида 1 в степени бесконечность,Вычислить предел $\lim_{n \to \infty} \left(\frac{n^2 + 3n}{n^2 + 2n + 2}\right)^{n^2}$.,Мат. анализ,средний
"Из букв А, А, М, М наугад составляют слово. Найти вероятность получить ""МАМА"". Ответ запишите в виде десятичной дроби, округлив по правилам математического округления до 3 знаков после запятой.",Вероятность составить слово,Найти вероятность составить слово 'МАМА' из заданных букв.,Теор. вер. и статистика,легкий
"Найти вероятность правильно угадать 2 последние разные нечетные цифры номера. Ответ запишите в виде десятичной дроби, округлив по правилам математического округления до 3 знаков после запятой.",Вероятность угадать две последние разные нечетные цифры,Найти вероятность правильно угадать 2 последние разные нечетные цифры номера.,Теор. вер. и статистика,легкий
Постройте моментную оценку для параметра λ в экспоненциальной модели и докажите её состоятельность.,Моментная оценка параметра экспоненциального распределения,Построение моментной оценки для параметра λ экспоненциальной модели и доказательство её состоятельности.,Теор. вер. и статистика,средний
"Вычисли $ \displaystyle \lim_{x \rightarrow \infty} ((x^2-1)/(x^2+1))^{(x-1)/(x+1)} $. Ответ запиши в виде десятичной дроби, округлив по правилам математического округления до 3 знаков после запятой.",Вычисление предела функции,Вычислить предел функции вида $f(x)^{g(x)}$ при $x \rightarrow \infty$.,Мат. анализ,средний
"Вычислить $\displaystyle \lim_{n \to \infty} \left(\frac{n^2 + 3n}{n^2 + 2n + 2}\right)^n$. Ответ запишите в виде десятичной дроби, округлив по правилам математического округления до 3 знаков после запятой.",Вычисление предела последовательности с экспонентой,Вычислить предел вида (1 + 1/f(n))^n при n стремящемся к бесконечности.,Мат. анализ,средний
"Вычислить $\displaystyle \lim_{n \to \infty} (\sqrt{n^4 - 3n^2 + 2} - \sqrt{n^4 + 5n^2 + 1})$. Ответ запишите в виде десятичной дроби, округлив по правилам математического округления до 3 знаков после запятой.",Предел с корнями,Вычислить предел разности двух корней.,Мат. анализ,средний
"Вычисли $ \displaystyle \lim_{x \rightarrow \infty}((2x-3)^{20}(3x+2)^{30}/(2x+1)^{50}$. Ответ запиши в виде десятичной дроби, округлив по правилам математического округления до 3 знаков после запятой.",Предел отношения многочленов,"Вычислить предел отношения степенных выражений при x, стремящемся к бесконечности.",Мат. анализ,легкий
"В телефонном номере 135-3?-?? стерлись три последние цифры. Найти вероятность, что стерлись различные цифры, отличные от 1, 3, 5. Ответ запишите в виде десятичной дроби, округлив по правилам математического округления до 3 знаков после запятой.",Вероятность трех различных цифр в телефонном номере,"Найти вероятность, что стерлись три различные цифры, отличные от 1, 3, 5, в телефонном номере 135-3?-??.",Теор. вер. и статистика,средний
"Вычисли $ \displaystyle \lim_{x \rightarrow \pi/3}(\operatorname{tg}^3x-3\operatorname{tg}x)/\cos(x+\pi/6)$. Ответ запиши в виде десятичной дроби, округлив по правилам математического округления до 3 знаков после запятой.",Вычисление предела с тригонометрическими функциями,Вычислить предел функции при x стремящемся к pi/3.,Мат. анализ,средний
"Рассмотрим верхнетреугольную матрицу \(T\in M_n(\mathbb{F})\). Требуется установить, что её собственные значения — диагональные элементы.",Собственные значения верхнетреугольной матрицы,"Доказать, что собственные значения верхнетреугольной матрицы - её диагональные элементы.",Линал и геометрия,средний
Пусть \(A\in M_n(\mathbb{C})\) нормальна: \(AA^*=A^*A\). Требуется установить существование унитарной диагонализации \(A=U\Lambda U^*\).,Унитарная диагонализация нормальной матрицы,Доказать существование унитарной диагонализации нормальной матрицы.,Линал и геометрия,средний
Постройте моментную оценку для параметра λ в экспоненциальной модели и докажите её состоятельность.,Моментная оценка параметра экспоненциального распределения,Построение моментной оценки для параметра λ экспоненциального распределения и доказательство её состоятельности.,Теор. вер. и статистика,средний
"Брошены три монеты. Найти вероятность выпадения двух ""гербов"". Ответ запишите в виде десятичной дроби, округлив по правилам математического округления до 3 знаков после запятой.",Вероятность выпадения двух гербов при бросании трех монет,Найти вероятность выпадения двух гербов при бросании трех монет.,Теор. вер. и статистика,легкий
"Вычисли $ \displaystyle \lim_{x \rightarrow 0} ((1+x)/(2+x))^{(1-\sqrt{x})/(1-x)} $. Ответ запиши в виде десятичной дроби, округлив по правилам математического округления до 3 знаков после запятой.",Вычисление предела функции,Вычислить предел функции при x стремящемся к 0.,Мат. анализ,средний
"Указать предел последовательности $x_n = \frac{1}{n^2 + 1}$. Ответ запишите в виде десятичной дроби, округлив по правилам математического округления до 3 знаков после запятой.",Предел последовательности,Найти предел последовательности 1/(n^2 + 1) и округлить до 3 знаков после запятой.,Мат. анализ,легкий
"Вычислить $\displaystyle \lim_{n \to \infty} \sqrt[n]{a}$ при $a > 0$. Ответ запишите в виде десятичной дроби, округлив по правилам математического округления до 3 знаков после запятой.",Предел корня n-ой степени,Вычислить предел $\sqrt[n]{a}$ при $n \to \infty$.,Мат. анализ,легкий
"Указать предел последовательности $x_n = \frac{1}{n^2 + 1}$. Ответ запишите в виде десятичной дроби, округлив по правилам математического округления до 3 знаков после запятой.",Предел последовательности 1/(n^2 + 1),Найти предел последовательности x_n = 1/(n^2 + 1).,Мат. анализ,легкий
"Вычислить $\displaystyle \lim_{n \to \infty} \frac{n \cos(n^2 + e^n)}{2^n - 1}$. Ответ запишите в виде десятичной дроби, округлив по правилам математического округления до 3 знаков после запятой.",Предел последовательности с косинусом,Вычислить предел последовательности $\frac{n \cos(n^2 + e^n)}{2^n - 1}$ при $n \to \infty$.,Мат. анализ,легкий
"Вычисли $ \displaystyle \lim_{x \rightarrow \pi/3}(\operatorname{tg}^3x-3\operatorname{tg}x)/\cos(x+\pi/6)$. Ответ запиши в виде десятичной дроби, округлив по правилам математического округления до 3 знаков после запятой.",Вычисление предела с тригонометрическими функциями,Вычислить предел функции при x стремящемся к pi/3.,Мат. анализ,средний
"Вычисли $ \displaystyle \int_3^6 e^{x/3} dx$. Ответ запиши в виде десятичной дроби, округлив по правилам математического округления до 3 знаков после запятой.",Вычисление определённого интеграла,Вычислить определённый интеграл от экспоненциальной функции.,Мат. анализ,легкий
"Вычислить $\displaystyle \lim_{n \to \infty} \left(\frac{n^2 + 3n}{n^2 + 2n + 2}\right)^n$. Ответ запишите в виде десятичной дроби, округлив по правилам математического округления до 3 знаков после запятой.",Предел последовательности,Вычислить предел последовательности вида (1 + 1/f(n))^n,Мат. анализ,средний
"Вычисли $ \displaystyle \lim_{x \rightarrow \pi/4 + 0} (\operatorname{tg}(\pi/8+x))^{\operatorname{tg}2x}$. Ответ запиши в виде десятичной дроби, округлив по правилам математического округления до 3 знаков после запятой.",Предел функции со степенным выражением,Вычислить предел функции $(\operatorname{tg}(\pi/8+x))^{\operatorname{tg}2x}$ при $x \rightarrow \pi/4 + 0$.,Мат. анализ,средний
"Вычисли $ \displaystyle \int_0^1 x\arcsin x dx$.Ответ запишите в виде десятичной дроби, округлив по правилам математического округления до 3 знаков после запятой.",Вычисление определенного интеграла с арксинусом,Вычислить определенный интеграл от произведения x и arcsin x.,Мат. анализ,средний
"Пусть модель \(p(x;\theta)\) регулярна, \(T(X)\) несмещённа для \(\tau(\theta)\). Требуется установить предел Крамера–Рао: \(\mathrm{Var}_\theta(T)\ge \frac{[\tau'(\theta)]^2}{\mathcal{I}(\theta)}\).",Неравенство Крамера-Рао,Установить предел Крамера-Рао для несмещенной оценки.,Теор. вер. и статистика,сложный
"Из букв А, А, М, М наугад составляют слово. Найти вероятность получить ""МАМА"". Ответ запишите в виде десятичной дроби, округлив по правилам математического округления до 3 знаков после запятой.",Вероятность составить слово,Найти вероятность составить слово 'МАМА' из заданных букв.,Теор. вер. и статистика,легкий
"Вычисли $ \displaystyle \lim_{x \rightarrow 0}\sqrt[x]{1-2x} $. Ответ запиши в виде десятичной дроби, округлив по правилам математического округления до 3 знаков после запятой.",Предел функции с неопределенностью 1 в степени бесконечность,Вычислить предел $\lim_{x \rightarrow 0}\sqrt[x]{1-2x}$.,Мат. анализ,средний
"Вычислить несобственный интеграл: $\displaystyle \int_{2}^{+\infty} \frac{dx}{x^2+2x-3}$. Ответ запишите в виде десятичной дроби, округлив по правилам математического округления до 3 знаков после запятой.",Вычисление несобственного интеграла,Вычислить несобственный интеграл от рациональной функции.,Мат. анализ,средний
"Вычисли $ \displaystyle \lim_{n \rightarrow \infty} (1/(1*2)+1/(2*3)+...+1/(n*(n+1))$. Ответ запиши в виде десятичной дроби, округлив по правилам математического округления до 3 знаков после запятой.",Предел суммы ряда,Вычислить предел суммы ряда $1/(1*2)+1/(2*3)+...+1/(n*(n+1))$ при $n \rightarrow \infty$.,Мат. анализ,легкий
"Вычисли $ \displaystyle \lim_{x \rightarrow \infty}((2x-3)^{20}(3x+2)^{30}/(2x+1)^{50}$. Ответ запиши в виде десятичной дроби, округлив по правилам математического округления до 3 знаков после запятой.",Предел отношения многочленов,Вычислить предел отношения многочленов при x стремящемся к бесконечности.,Мат. анализ,легкий
"Вычислить $\displaystyle \lim_{n \to \infty} \frac{\sqrt{n^2 + n + 4}}{n^2 + 1}$. Ответ запишите в виде десятичной дроби, округлив по правилам математического округления до 3 знаков после запятой.",Предел отношения функций с корнем,"Вычислить предел при n стремящемся к бесконечности от дроби, где в числителе корень из квадратного трехчлена, а в знаменателе квадратный трехчлен.",Мат. анализ,легкий
"Вычислить $\displaystyle \lim_{n \to \infty} \left(\frac{n^3 + 4n}{n^3 + 2n - 3}\right)^{n^2 - 3}$. Ответ запишите в виде десятичной дроби, округлив по правилам математического округления до 3 знаков после запятой.",Предел последовательности с показательной функцией,Вычислить предел последовательности вида $f(n)^{g(n)}$ при $n \to \infty$.,Мат. анализ,средний
"Вычислить интеграл: $\displaystyle \int_{0}^{\ln 2} x e^{-x} dx$. Ответ запишите в виде десятичной дроби, округлив по правилам математического округления до 3 знаков после запятой.",Вычисление определенного интеграла,Вычислить определенный интеграл функции $x e^{-x}$ от 0 до $\ln 2$.,Мат. анализ,легкий
"Указать такие $N$, начиная с которых можно гарантировать выполнение неравенства $|a_n| < \varepsilon$ при $a_n = \frac{1}{n}$ и $\varepsilon = 0.001$. Ответ запишите в виде десятичной дроби, округлив по правилам математического округления до 3 знаков после запятой.",Определение N для сходимости последовательности,"Найти N, при котором |1/n| < 0.001",Мат. анализ,легкий
"Вычислить $\displaystyle \lim_{n \to \infty} \frac{n^2 \sin(3n + n^5)}{4^n + 4^{-n}}$. Ответ запишите в виде десятичной дроби, округлив по правилам математического округления до 3 знаков после запятой.",Предел отношения функций,"Вычислить предел при n стремящемся к бесконечности от дроби, где в числителе n^2 * sin(3n + n^5), а в знаменателе 4^n + 4^(-n).",Мат. анализ,легкий
"Вычислить $\displaystyle \lim_{n \to \infty} \left(1 + \frac{2}{n}\right)^n$. Ответ запишите в виде десятичной дроби, округлив по правилам математического округления до 3 знаков после запятой.",Предел последовательности,Вычислить предел последовательности (1 + 2/n)^n при n стремящемся к бесконечности.,Мат. анализ,легкий
"Вычисли $ \displaystyle \int_0^1 -\sin^{-1}(\sqrt{x}-\sqrt{x+1})dx$.Ответ запишите в виде десятичной дроби, округлив по правилам математического округления до 3 знаков после запятой.",Определенный интеграл от арксинуса,"Вычислить определенный интеграл от функции, содержащей арксинус и корни.",Мат. анализ,средний
"Рассмотрим верхнетреугольную матрицу \(T\in M_n(\mathbb{F})\). Требуется установить, что её собственные значения — диагональные элементы.",Собственные значения верхнетреугольной матрицы,"Доказать, что собственные значения верхнетреугольной матрицы - её диагональные элементы.",Линал и геометрия,средний
"Вычисли $ \displaystyle \lim_{x \rightarrow 0} (1-\sqrt{\cos x})/(1-\cos(\sqrt{x}) $. Ответ запиши в виде десятичной дроби, округлив по правилам математического округления до 3 знаков после запятой.",Вычисление предела с неопределенностью,Вычислить предел функции при x стремящемся к 0.,Мат. анализ,средний
"Найдите сумму ряда: $\displaystyle \frac{1}{1 \cdot 2} + \frac{1}{2 \cdot 3} + \frac{1}{3 \cdot 4} + \frac{1}{4 \cdot 5} + \ldots$. Ответ запишите в виде десятичной дроби, округлив по правилам математического округления до 3 знаков после запятой.",Сумма телескопического ряда,Найти сумму ряда $\sum_{n=1}^{\infty} \frac{1}{n(n+1)}$,Мат. анализ,легкий
"Вычислить $\displaystyle \lim_{n \to \infty} (\sqrt{n^2 + 4n} - n - 2)$. Ответ запишите в виде десятичной дроби, округлив по правилам математического округления до 3 знаков после запятой.",Предел с корнями,Вычислить предел функции с корнями,Мат. анализ,легкий
"Вычислить $\displaystyle \lim_{n \to \infty} \frac{n^2 \sin(3n + n^5)}{4^n + 4^{-n}}$. Ответ запишите в виде десятичной дроби, округлив по правилам математического округления до 3 знаков после запятой.",Предел отношения функций,Вычислить предел отношения $n^2 \sin(3n + n^5)$ к $4^n + 4^{-n}$ при $n \to \infty$.,Мат. анализ,легкий
"Вычисли $ \displaystyle \lim_{x \rightarrow 0}\sqrt[x]{1-2x} $. Ответ запиши в виде десятичной дроби, округлив по правилам математического округления до 3 знаков после запятой.",Предел функции с иррациональной степенью,Вычислить предел $\lim_{x \rightarrow 0}\sqrt[x]{1-2x}$.,Мат. анализ,средний
"Вычисли $ \displaystyle \lim_{n \rightarrow \infty} (1-2+3-...+(-1)^{n-1}n)/n$. Ответ запиши в виде десятичной дроби, округлив по правилам математического округления до 3 знаков после запятой.",Предел знакопеременной суммы,"Вычислить предел последовательности, содержащей знакопеременную сумму.",Мат. анализ,средний
"Два охотника стреляют по волку (вероятности попадания 0.7 и 0.8). Найти вероятность хотя бы одного попадания по одному выстрелу. Ответ запишите в виде десятичной дроби, округлив по правилам математического округления до 3 знаков после запятой.",Вероятность хотя бы одного попадания,Найти вероятность хотя бы одного попадания по волку двумя охотниками с заданными вероятностями попадания.,Теор. вер. и статистика,легкий
"Найдите сумму ряда: $\displaystyle \frac{1}{1 \cdot 2 \cdot 3} + \frac{1}{2 \cdot 3 \cdot 4} + \frac{1}{3 \cdot 4 \cdot 5} + \frac{1}{4 \cdot 5 \cdot 6} + \ldots$. Ответ запишите в виде десятичной дроби, округлив по правилам математического округления до 3 знаков после запятой.",Сумма ряда с произведениями в знаменателе,Найти сумму ряда $\sum_{n=1}^{\infty} \frac{1}{n(n+1)(n+2)}$,Мат. анализ,средний
"Вычислить несобственный интеграл: $\displaystyle \int_{2}^{+\infty} \frac{dx}{x^2+2x-3}$. Ответ запишите в виде десятичной дроби, округлив по правилам математического округления до 3 знаков после запятой.",Вычисление несобственного интеграла,Вычислить несобственный интеграл от рациональной функции.,Мат. анализ,средний
"Вычисли $ \displaystyle \int_0^1 \dfrac{\sqrt[3]{x}-1}{\ln(x)}$.Ответ запишите в виде десятичной дроби, округлив по правилам математического округления до 3 знаков после запятой.",Вычисление определённого интеграла,Вычислить определённый интеграл с логарифмом и корнем.,Мат. анализ,средний
"Указать такие $N$, начиная с которых можно гарантировать выполнение неравенства $|a_n| < \varepsilon$ при $a_n = \frac{1}{n}$ и $\varepsilon = 0.01$. Ответ запишите в виде десятичной дроби, округлив по правилам математического округления до 3 знаков после запятой.",Оценка N для сходимости последовательности,"Найти N, при котором |1/n| < 0.01.",Мат. анализ,легкий
"Вычислить $\displaystyle \lim_{n \to \infty} \left(1 + \frac{2}{n}\right)^n$. Ответ запишите в виде десятичной дроби, округлив по правилам математического округления до 3 знаков после запятой.",Предел последовательности,Вычислить предел вида (1 + a/n)^n при n стремящемся к бесконечности.,Мат. анализ,легкий
"Указать такие $N$, начиная с которых можно гарантировать выполнение неравенства $|a_n| < \varepsilon$ при $a_n = \frac{1}{n}$ и $\varepsilon = 0.001$. Ответ запишите в виде десятичной дроби, округлив по правилам математического округления до 3 знаков после запятой.",Определение N для сходимости последовательности,"Найти N, при котором |1/n| < 0.001",Мат. анализ,легкий
"Вычисли $ \displaystyle \lim_{x \rightarrow 0} (1-\cos x \cos 2x \cos 3x)/(1-\cos x)$. Ответ запиши в виде десятичной дроби, округлив по правилам математического округления до 3 знаков после запятой.",Предел с тригонометрическими функциями,Вычислить предел отношения выражений с косинусами при x стремящемся к 0.,Мат. анализ,средний
"Вычисли $ \displaystyle \lim_{x \rightarrow +\infty}\sqrt[3]{x^3+3x^2}-\sqrt{x^2-2x}$. Ответ запиши в виде десятичной дроби, округлив по правилам математического округления до 3 знаков после запятой.",Вычисление предела с корнями,Вычислить предел разности кубического и квадратного корней при x стремящемся к бесконечности.,Мат. анализ,средний
"Вычислите интеграл: $\displaystyle \int_0^\pi \left( |\sin(1999x)| - |\sin(2000x)| \right) dx$. Ответ запишите в виде десятичной дроби, округлив по правилам математического округления до 3 знаков после запятой.",Вычисление интеграла с модулями синуса,Вычислить определенный интеграл от разности модулей синусов.,Мат. анализ,средний
"Вычисли $ \displaystyle \lim_{x \rightarrow 0} ((1+x)/(2+x))^{(1-\sqrt{x})/(1-x)} $. Ответ запиши в виде десятичной дроби, округлив по правилам математического округления до 3 знаков после запятой.",Вычисление предела функции,"Вычислить предел функции при x, стремящемся к 0.",Мат. анализ,средний
"Вычисли $ \displaystyle \lim_{x \rightarrow 0}(1-\cos x)/x^2$. Ответ запиши в виде десятичной дроби, округлив по правилам математического округления до 3 знаков после запятой.",Вычисление предела функции,Вычислить предел функции при x стремящемся к нулю,Мат. анализ,легкий
"Вычисли $ \displaystyle \lim_{x \rightarrow 8}(\sqrt{9+2x}-5)/(\sqrt[3]{x}-2)$. Ответ запиши в виде десятичной дроби, округлив по правилам математического округления до 3 знаков после запятой.",Вычисление предела функции,Найти предел функции при x стремящемся к 8.,Мат. анализ,средний
"Вычисли $ \displaystyle \lim_{x \rightarrow \pi/4 + 0} (\operatorname{tg}(\pi/8+x))^{\operatorname{tg}2x}$. Ответ запиши в виде десятичной дроби, округлив по правилам математического округления до 3 знаков после запятой.",Вычисление предела функции,Вычислить предел функции вида $f(x)^{g(x)}$ при $x \to \pi/4 + 0$.,Мат. анализ,средний
"Вычисли $ \displaystyle \int_0^1 -\sin^{-1}(\sqrt{x}-\sqrt{x+1})dx$.Ответ запишите в виде десятичной дроби, округлив по правилам математического округления до 3 знаков после запятой.",Вычисление определенного интеграла с арксинусом,"Вычислить определенный интеграл от функции, содержащей арксинус и корни.",Мат. анализ,средний
"Вычислить $\displaystyle \lim_{n \to \infty} (\sqrt{n^2 + 4n} - n - 2)$. Ответ запишите в виде десятичной дроби, округлив по правилам математического округления до 3 знаков после запятой.",Предел с корнем,"Вычислить предел последовательности, содержащей квадратный корень.",Мат. анализ,средний
"Вычисли $ \displaystyle \lim_{n \rightarrow \infty} (1^2+3^2+...+(2n-1)^2)/n^3$. Ответ запиши в виде десятичной дроби, округлив по правилам математического округления до 3 знаков после запятой.",Предел суммы квадратов нечетных чисел,Вычислить предел отношения суммы квадратов нечетных чисел к кубу n.,Мат. анализ,средний
"Вычисли $ \displaystyle \lim_{x \rightarrow 8}(\sqrt{9+2x}-5)/(\sqrt[3]{x}-2)$. Ответ запиши в виде десятичной дроби, округлив по правилам математического округления до 3 знаков после запятой.",Вычисление предела функции,Найти предел функции при x стремящемся к 8,Мат. анализ,средний
"Вычисли $ \displaystyle \lim_{x \rightarrow +\infty}\sqrt{x+\sqrt{x+\sqrt{x}}}-\sqrt{x}$. Ответ запиши в виде десятичной дроби, округлив по правилам математического округления до 3 знаков после запятой.",Предел с корнями,Вычислить предел функции с вложенными корнями при x стремящемся к бесконечности.,Мат. анализ,средний
"Вычислить несобственный интеграл: $\displaystyle \int_{2}^{+\infty} \frac{dx}{x^2+2x-3}$. Ответ запишите в виде десятичной дроби, округлив по правилам математического округления до 3 знаков после запятой.",Вычисление несобственного интеграла,Вычислить несобственный интеграл от рациональной функции.,Мат. анализ,средний
Пусть \(X_n\Rightarrow X\) и \(h\) непрерывна. Требуется установить \(h(X_n)\Rightarrow h(X)\) (теорема о непрерывном отображении).,Теорема о непрерывном отображении,"Доказать, что если последовательность случайных величин сходится по распределению, то и их образы под непрерывным отображением также сходятся по распределению.",Теор. вер. и статистика,средний
"Указать такие $N$, начиная с которых можно гарантировать выполнение неравенства $|a_n| < \varepsilon$ при $a_n = \frac{1}{n}$ и $\varepsilon = 0.01$. Ответ запишите в виде десятичной дроби, округлив по правилам математического округления до 3 знаков после запятой.",Определение N для сходимости последовательности,"Найти N, при котором |1/n| < 0.01",Мат. анализ,легкий
"Вычисли $ \displaystyle \lim_{x \rightarrow \infty}((2x-3)^{20}(3x+2)^{30}/(2x+1)^{50}$. Ответ запиши в виде десятичной дроби, округлив по правилам математического округления до 3 знаков после запятой.",Предел отношения многочленов,Вычислить предел отношения многочленов при x стремящемся к бесконечности.,Мат. анализ,легкий
Дано \(A\in M_n(\mathbb{F})\). Требуется показать равенство определителей \(\det(A^T)=\det(A)\).,Определитель транспонированной матрицы,"Доказать, что определитель транспонированной матрицы равен определителю исходной матрицы.",Линал и геометрия,средний
"Вычислить $\displaystyle \lim_{n \to \infty} \frac{n \cos(n^2 + e^n)}{2^n - 1}$. Ответ запишите в виде десятичной дроби, округлив по правилам математического округления до 3 знаков после запятой.",Предел последовательности с косинусом,Вычислить предел $\displaystyle \lim_{n \to \infty} \frac{n \cos(n^2 + e^n)}{2^n - 1}$.,Мат. анализ,легкий
Постройте моментную оценку для параметра λ в экспоненциальной модели и докажите её состоятельность.,Моментная оценка параметра экспоненциального распределения,Построение и доказательство состоятельности моментной оценки для параметра λ экспоненциального распределения.,Теор. вер. и статистика,средний
"Вычислить интеграл: $\displaystyle \int_{1}^{e} \frac{2 \ln x}{x} dx$. Ответ запишите в виде десятичной дроби, округлив по правилам математического округления до 3 знаков после запятой.",Вычисление определенного интеграла,Вычислить определенный интеграл от функции $\frac{2 \ln x}{x}$ в пределах от 1 до e.,Мат. анализ,легкий
Постройте моментную оценку для параметра λ в экспоненциальной модели и докажите её состоятельность.,Моментная оценка параметра экспоненциального распределения,Построение моментной оценки для параметра λ экспоненциального распределения и доказательство её состоятельности.,Теор. вер. и статистика,средний
"Вычислить $\displaystyle \lim_{n \to \infty} \frac{n^2 + n \sin(2^n + n)}{(n - 1)^3 - (n + 1)^3}$. Ответ запишите в виде десятичной дроби, округлив по правилам математического округления до 3 знаков после запятой.",Предел отношения многочленов с синусом,"Вычислить предел при n стремящемся к бесконечности для заданного рационального выражения, содержащего синус.",Мат. анализ,средний
"Вычислить $\displaystyle \lim_{n \to \infty} \left(\frac{n^2 + 3n}{n^2 + 2n + 2}\right)^{n^2}$. Ответ запишите в виде десятичной дроби, округлив по правилам математического округления до 3 знаков после запятой.",Предел степени,"Вычислить предел функции вида (f(n))^(g(n)) при n, стремящемся к бесконечности.",Мат. анализ,средний
"Вычисли $ \displaystyle \lim_{x \rightarrow 1}(1+\sin(\pi x))^{\operatorname{ctg}\pi x} $. Ответ запиши в виде десятичной дроби, округлив по правилам математического округления до 3 знаков после запятой.",Вычисление предела с неопределенностью,Вычислить предел функции вида $f(x)^{g(x)}$ при $x \to 1$.,Мат. анализ,средний
"Вычислить интеграл: $\displaystyle \int_{1}^{e} \frac{2 \ln x}{x} dx$. Ответ запишите в виде десятичной дроби, округлив по правилам математического округления до 3 знаков после запятой.",Вычисление определенного интеграла,Вычислить определенный интеграл от функции с логарифмом.,Мат. анализ,легкий
"Указать предел последовательности $x_n = \frac{1}{n^2 + 1}$. Ответ запишите в виде десятичной дроби, округлив по правилам математического округления до 3 знаков после запятой.",Предел последовательности,Найти предел последовательности 1/(n^2 + 1) при n стремящемся к бесконечности.,Мат. анализ,легкий
"Вероятность неполадки станка за смену 0.05. Найти вероятность отсутствия неполадок за 3 смены. Ответ запишите в виде десятичной дроби, округлив по правилам математического округления до 3 знаков после запятой.",Вероятность отсутствия неполадок станка,"Найти вероятность отсутствия неполадок станка за 3 смены, если вероятность неполадки за смену 0.05.",Теор. вер. и статистика,легкий
"Вычислить $\displaystyle \lim_{n \to \infty} \frac{n^2 + n \sin(2^n + n)}{(n - 1)^3 - (n + 1)^3}$. Ответ запишите в виде десятичной дроби, округлив по правилам математического округления до 3 знаков после запятой.",Предел отношения многочленов с синусом,"Вычислить предел отношения выражений с n^2, n sin(2^n + n) в числителе и разностью кубов в знаменателе при n стремящемся к бесконечности.",Мат. анализ,средний
"Вычисли $ \displaystyle \int_0^1 \dfrac{\sqrt[3]{x}-1}{\ln(x)}$.Ответ запишите в виде десятичной дроби, округлив по правилам математического округления до 3 знаков после запятой.",Вычисление определённого интеграла,Вычислить определённый интеграл от функции с логарифмом и корнем.,Мат. анализ,средний
"Вычислите интеграл: $\displaystyle \int_0^\pi \left( |\sin(1999x)| - |\sin(2000x)| \right) dx$. Ответ запишите в виде десятичной дроби, округлив по правилам математического округления до 3 знаков после запятой.",Интеграл с модулями синусов,Вычислить определенный интеграл от разности модулей синусов,Мат. анализ,средний
"Найти вероятность правильно угадать 2 последние разные нечетные цифры номера. Ответ запишите в виде десятичной дроби, округлив по правилам математического округления до 3 знаков после запятой.",Вероятность угадать две последние разные нечетные цифры,Найти вероятность правильно угадать 2 последние разные нечетные цифры номера.,Теор. вер. и статистика,легкий
"Вероятность неполадки станка за смену 0.05. Найти вероятность отсутствия неполадок за 3 смены. Ответ запишите в виде десятичной дроби, округлив по правилам математического округления до 3 знаков после запятой.",Вероятность отсутствия неполадок станка,"Найти вероятность отсутствия неполадок станка за 3 смены, если вероятность неполадки за смену 0.05.",Теор. вер. и статистика,легкий
"Вычисли $ \displaystyle \lim_{x \rightarrow 0} (1-\sqrt{\cos x})/(1-\cos(\sqrt{x}) $. Ответ запиши в виде десятичной дроби, округлив по правилам математического округления до 3 знаков после запятой.",Вычисление предела с функциями,Вычислить предел функции при x стремящемся к 0.,Мат. анализ,средний
"Вычислить $\displaystyle \lim_{n \to \infty} \sqrt[n]{a}$ при $a > 0$. Ответ запишите в виде десятичной дроби, округлив по правилам математического округления до 3 знаков после запятой.",Предел корня n-й степени,Вычислить предел $\lim_{n \to \infty} \sqrt[n]{a}$ при $a > 0$.,Мат. анализ,легкий
"При каком натуральном $K$ величина $\frac{n^2}{1.001^n}$ достигает максимального значения? Ответ запишите в виде десятичной дроби, округлив по правилам математического округления до 3 знаков после запятой.",Максимум функции,"Найти натуральное K, при котором функция n^2 / 1.001^n достигает максимума.",Мат. анализ,средний
"Вычисли $ \displaystyle \lim_{x \rightarrow 0} \sin{5x}/x$. Ответ запиши в виде десятичной дроби, округлив по правилам математического округления до 3 знаков после запятой.",Вычисление предела функции,Вычислить предел sin(5x)/x при x стремящемся к 0.,Мат. анализ,легкий
"Вычисли $ \displaystyle \lim_{x \rightarrow \infty}((2x-3)^{20}(3x+2)^{30}/(2x+1)^{50}$. Ответ запиши в виде десятичной дроби, округлив по правилам математического округления до 3 знаков после запятой.",Предел отношения многочленов,Вычислить предел отношения многочленов при x стремящемся к бесконечности.,Мат. анализ,легкий
"Два охотника стреляют по волку (вероятности попадания 0.7 и 0.8). Найти вероятность хотя бы одного попадания по одному выстрелу. Ответ запишите в виде десятичной дроби, округлив по правилам математического округления до 3 знаков после запятой.",Вероятность хотя бы одного попадания,Найти вероятность хотя бы одного попадания по волку при стрельбе двух охотников с заданными вероятностями попадания.,Теор. вер. и статистика,легкий
Докажите критерий факторизации Неймана–Фишера: статистика \(T\) достаточна \(\Leftrightarrow\) \(f(x;\theta)=g(T(x);\theta)h(x)\).,Критерий факторизации Неймана–Фишера,"Доказать, что статистика T достаточна тогда и только тогда, когда функция плотности вероятности f(x;θ) может быть факторизована как произведение функции g(T(x);θ), зависящей от статистики T(x) и параметра θ, и функции h(x), не зависящей от θ.",Теор. вер. и статистика,сложный
"В телефонном номере 135-3?-?? стерлись три последние цифры. Найти вероятность, что стерлись различные цифры, отличные от 1, 3, 5. Ответ запишите в виде десятичной дроби, округлив по правилам математического округления до 3 знаков после запятой.",Вероятность стертых цифр в телефонном номере,"Найти вероятность, что стерлись три различные цифры, отличные от 1, 3, 5, в телефонном номере 135-3?-??",Теор. вер. и статистика,средний
"Вычислить $\displaystyle \lim_{n \to \infty} \frac{3^{n+1} + 2^{n+1} + 1}{3^n + 2^n + 5}$. Ответ запишите в виде десятичной дроби, округлив по правилам математического округления до 3 знаков после запятой.",Предел отношения степенных функций,Вычислить предел отношения $3^{n+1} + 2^{n+1} + 1$ к $3^n + 2^n + 5$ при $n \to \infty$.,Мат. анализ,легкий
"Вычислить несобственный интеграл: $\displaystyle \int_{2}^{+\infty} \frac{dx}{x^2+2x-3}$. Ответ запишите в виде десятичной дроби, округлив по правилам математического округления до 3 знаков после запятой.",Вычисление несобственного интеграла,Вычислить несобственный интеграл от рациональной функции.,Мат. анализ,средний
"Вычислить $\displaystyle \lim_{n \to \infty} \left(\frac{n^3 + 4n}{n^3 + 2n - 3}\right)^{n^2 - 3}$. Ответ запишите в виде десятичной дроби, округлив по правилам математического округления до 3 знаков после запятой.",Предел последовательности со степенью,Вычислить предел последовательности вида $f(n)^{g(n)}$ при $n \to \infty$.,Мат. анализ,средний
"Вычисли $ \displaystyle \int_1^2 \dfrac{1}{4x^5+5x}dx$.Ответ запишите в виде десятичной дроби, округлив по правилам математического округления до 3 знаков после запятой.",Вычисление определенного интеграла,Вычислить определенный интеграл от рациональной функции.,Мат. анализ,средний
"Вычислить $\displaystyle \lim_{n \to \infty} \left(\frac{n^2 + 3n}{n^2 + 2n + 2}\right)^n$. Ответ запишите в виде десятичной дроби, округлив по правилам математического округления до 3 знаков после запятой.",Предел последовательности,Вычислить предел последовательности вида (f(n)/g(n))^n при n стремящемся к бесконечности.,Мат. анализ,средний
"Вычислить несобственный интеграл: $\displaystyle \int_{1}^{+\infty} \frac{dx}{x^2}$. Ответ запишите в виде десятичной дроби, округлив по правилам математического округления до 3 знаков после запятой.",Вычисление несобственного интеграла,Вычислить несобственный интеграл от 1 до бесконечности функции 1/x^2.,Мат. анализ,легкий
"Вычислить $\displaystyle \lim_{n \to \infty} \frac{n \cos(n^2 + e^n)}{2^n - 1}$. Ответ запишите в виде десятичной дроби, округлив по правилам математического округления до 3 знаков после запятой.",Предел последовательности с косинусом,Вычислить предел последовательности $\frac{n \cos(n^2 + e^n)}{2^n - 1}$ при $n \to \infty$.,Мат. анализ,легкий
"Вычисли $ \displaystyle \lim_{x \rightarrow \pi/4 + 0} (\operatorname{tg}(\pi/8+x))^{\operatorname{tg}2x}$. Ответ запиши в виде десятичной дроби, округлив по правилам математического округления до 3 знаков после запятой.",Вычисление предела функции,Вычислить предел функции вида $f(x)^{g(x)}$ при $x \to \pi/4 + 0$.,Мат. анализ,средний
"Найдите сумму ряда: $\displaystyle \frac{1}{1 \cdot 2 \cdot 3} + \frac{1}{2 \cdot 3 \cdot 4} + \frac{1}{3 \cdot 4 \cdot 5} + \frac{1}{4 \cdot 5 \cdot 6} + \ldots$. Ответ запишите в виде десятичной дроби, округлив по правилам математического округления до 3 знаков после запятой.",Сумма ряда с произведениями в знаменателе,Найти сумму ряда $\sum_{n=1}^{\infty} \frac{1}{n(n+1)(n+2)}$,Мат. анализ,средний
"Вычисли $ \displaystyle \lim_{x \rightarrow 0} \sin{5x}/x$. Ответ запиши в виде десятичной дроби, округлив по правилам математического округления до 3 знаков после запятой.",Вычисление предела с синусом,Вычислить предел функции sin(5x)/x при x стремящемся к 0.,Мат. анализ,легкий
"Брошены три монеты. Найти вероятность выпадения двух ""гербов"". Ответ запишите в виде десятичной дроби, округлив по правилам математического округления до 3 знаков после запятой.",Вероятность выпадения двух гербов при бросании трех монет,Найти вероятность выпадения двух гербов при бросании трех монет.,Теор. вер. и статистика,легкий
"Вычислить интеграл: $\displaystyle \int_{1}^{e} \frac{2 \ln x}{x} dx$. Ответ запишите в виде десятичной дроби, округлив по правилам математического округления до 3 знаков после запятой.",Вычисление определенного интеграла,Вычислить определенный интеграл от функции с логарифмом.,Мат. анализ,легкий
"Вычисли $ \displaystyle \lim_{x \rightarrow +\infty}\sqrt{x+\sqrt{x+\sqrt{x}}}-\sqrt{x}$. Ответ запиши в виде десятичной дроби, округлив по правилам математического округления до 3 знаков после запятой.",Предел с корнями,"Вычислить предел функции с корнями при x, стремящемся к бесконечности.",Мат. анализ,средний
"Вычисли $ \displaystyle \lim_{x \rightarrow 0} (1-\sqrt{\cos x})/(1-\cos(\sqrt{x}) $. Ответ запиши в виде десятичной дроби, округлив по правилам математического округления до 3 знаков после запятой.",Предел с корнями и тригонометрическими функциями,Вычислить предел функции при x стремящемся к 0: (1-sqrt(cos x))/(1-cos(sqrt(x))),Мат. анализ,средний
"Вычисли $ \displaystyle \lim_{x \rightarrow +\infty}\sqrt{x+\sqrt{x+\sqrt{x}}}-\sqrt{x}$. Ответ запиши в виде десятичной дроби, округлив по правилам математического округления до 3 знаков после запятой.",Вычисление предела с корнями,Вычислить предел $\lim_{x \rightarrow +\infty}(\sqrt{x+\sqrt{x+\sqrt{x}}}-\sqrt{x})$,Мат. анализ,средний
"Из букв А, А, М, М наугад составляют слово. Найти вероятность получить ""МАМА"". Ответ запишите в виде десятичной дроби, округлив по правилам математического округления до 3 знаков после запятой.",Вероятность составить слово,Найти вероятность составить слово 'МАМА' из заданного набора букв.,Теор. вер. и статистика,легкий
"Вычислить $\displaystyle \lim_{n \to \infty} (\sqrt{n + 1} - \sqrt{n})$. Ответ запишите в виде десятичной дроби, округлив по правилам математического округления до 3 знаков после запятой.",Предел разности корней,Вычислить предел $\displaystyle \lim_{n \to \infty} (\sqrt{n + 1} - \sqrt{n})$.,Мат. анализ,легкий
"Вычисли $ \displaystyle \lim_{x \rightarrow 0} (1-\sqrt{\cos x})/(1-\cos(\sqrt{x}) $. Ответ запиши в виде десятичной дроби, округлив по правилам математического округления до 3 знаков после запятой.",Вычисление предела с неопределенностью,"Вычислить предел отношения функций при x, стремящемся к 0.",Мат. анализ,средний
"Два охотника стреляют по волку (вероятности попадания 0.7 и 0.8). Найти вероятность хотя бы одного попадания по одному выстрелу. Ответ запишите в виде десятичной дроби, округлив по правилам математического округления до 3 знаков после запятой.",Вероятность хотя бы одного попадания,Найти вероятность хотя бы одного попадания при двух выстрелах с заданными вероятностями.,Теор. вер. и статистика,легкий
"Вычисли $ \displaystyle \lim_{n \rightarrow \infty} (1-2+3-...+(-1)^{n-1}n)/n$. Ответ запиши в виде десятичной дроби, округлив по правилам математического округления до 3 знаков после запятой.",Предел знакопеременной суммы,Вычислить предел отношения знакопеременной суммы к n при n стремящемся к бесконечности.,Мат. анализ,средний
"Найти вероятность правильно угадать 2 последние разные нечетные цифры номера. Ответ запишите в виде десятичной дроби, округлив по правилам математического округления до 3 знаков после запятой.",Вероятность угадать две последние разные нечетные цифры,Найти вероятность правильно угадать 2 последние разные нечетные цифры номера.,Теор. вер. и статистика,легкий
"Рассмотрим верхнетреугольную матрицу \(T\in M_n(\mathbb{F})\). Требуется установить, что её собственные значения — диагональные элементы.",Собственные значения верхнетреугольной матрицы,"Доказать, что собственные значения верхнетреугольной матрицы - её диагональные элементы.",Линал и геометрия,средний
"Вычисли $ \displaystyle \lim_{x \rightarrow 0} (1+x^2)^{\operatorname{ctg}^2 x}$. Ответ запиши в виде десятичной дроби, округлив по правилам математического округления до 3 знаков после запятой.",Предел функции,Вычислить предел функции при x стремящемся к 0,Мат. анализ,средний
"Вероятность неполадки станка за смену 0.05. Найти вероятность отсутствия неполадок за 3 смены. Ответ запишите в виде десятичной дроби, округлив по правилам математического округления до 3 знаков после запятой.",Вероятность отсутствия неполадок станка,"Найти вероятность отсутствия неполадок за 3 смены, если вероятность неполадки за смену 0.05.",Теор. вер. и статистика,легкий
"Вычисли $ \displaystyle \lim_{n \rightarrow \infty} (1^2+3^2+...+(2n-1)^2)/n^3$. Ответ запиши в виде десятичной дроби, округлив по правилам математического округления до 3 знаков после запятой.",Предел суммы квадратов нечетных чисел,Вычислить предел отношения суммы квадратов нечетных чисел к кубу n.,Мат. анализ,средний
"Вычислить несобственный интеграл: $\displaystyle \int_{1}^{+\infty} \frac{dx}{x^2}$. Ответ запишите в виде десятичной дроби, округлив по правилам математического округления до 3 знаков после запятой.",Вычисление несобственного интеграла,Вычислить несобственный интеграл от 1 до бесконечности функции 1/x^2.,Мат. анализ,легкий
"Вычисли $ \displaystyle \lim_{x \rightarrow 8}(\sqrt{9+2x}-5)/(\sqrt[3]{x}-2)$. Ответ запиши в виде десятичной дроби, округлив по правилам математического округления до 3 знаков после запятой.",Вычисление предела функции,Вычислить предел функции при x стремящемся к 8.,Мат. анализ,средний
"Вычисли $ \displaystyle \lim_{x \rightarrow 0} (1-\cos x \cos 2x \cos 3x)/(1-\cos x)$. Ответ запиши в виде десятичной дроби, округлив по правилам математического округления до 3 знаков после запятой.",Вычисление предела с тригонометрическими функциями,Вычислить предел функции при x стремящемся к 0.,Мат. анализ,средний
Пусть \(A\in M_n(\mathbb{C})\) нормальна: \(AA^*=A^*A\). Требуется установить существование унитарной диагонализации \(A=U\Lambda U^*\).,Унитарная диагонализация нормальной матрицы,Доказать существование унитарной диагонализации нормальной матрицы.,Линал и геометрия,средний
"Вычисли $ \displaystyle \int_1^2 \dfrac{1}{4x^5+5x}dx$.Ответ запишите в виде десятичной дроби, округлив по правилам математического округления до 3 знаков после запятой.",Вычисление определенного интеграла,Вычислить определенный интеграл от рациональной функции.,Мат. анализ,средний
Пусть \(X_n\Rightarrow X\) и \(h\) непрерывна. Требуется установить \(h(X_n)\Rightarrow h(X)\) (теорема о непрерывном отображении).,Теорема о непрерывном отображении,"Доказать, что если последовательность случайных величин сходится по распределению, то и их образы под действием непрерывной функции также сходятся по распределению.",Теор. вер. и статистика,средний
"Рассмотрим верхнетреугольную матрицу \(T\in M_n(\mathbb{F})\). Требуется установить, что её собственные значения — диагональные элементы.",Собственные значения верхнетреугольной матрицы,"Доказать, что собственные значения верхнетреугольной матрицы равны её диагональным элементам.",Линал и геометрия,средний
"Вычисли $ \displaystyle \lim_{x \rightarrow \infty} ((x^2-1)/(x^2+1))^{(x-1)/(x+1)} $. Ответ запиши в виде десятичной дроби, округлив по правилам математического округления до 3 знаков после запятой.",Вычисление предела функции,"Вычислить предел функции при x, стремящемся к бесконечности",Мат. анализ,средний
"В телефонном номере 135-3?-?? стерлись три последние цифры. Найти вероятность, что стерлись различные цифры, отличные от 1, 3, 5. Ответ запишите в виде десятичной дроби, округлив по правилам математического округления до 3 знаков после запятой.",Вероятность трех различных цифр,"Найти вероятность, что стерлись три различные цифры, отличные от 1, 3, 5.",Теор. вер. и статистика,средний
"Брошены три монеты. Найти вероятность выпадения двух ""гербов"". Ответ запишите в виде десятичной дроби, округлив по правилам математического округления до 3 знаков после запятой.",Вероятность выпадения двух гербов при броске трех монет,Найти вероятность выпадения двух гербов при броске трех монет.,Теор. вер. и статистика,легкий
"Вычисли $ \displaystyle \int_0^1 -\sin^{-1}(\sqrt{x}-\sqrt{x+1})dx$.Ответ запишите в виде десятичной дроби, округлив по правилам математического округления до 3 знаков после запятой.",Вычисление определенного интеграла с арксинусом,"Вычислить определенный интеграл от функции, содержащей арксинус и корни.",Мат. анализ,средний
"Вероятность неполадки станка за смену 0.05. Найти вероятность отсутствия неполадок за 3 смены. Ответ запишите в виде десятичной дроби, округлив по правилам математического округления до 3 знаков после запятой.",Вероятность отсутствия неполадок станка,"Найти вероятность отсутствия неполадок станка за 3 смены, если вероятность неполадки за смену 0.05.",Теор. вер. и статистика,легкий
"Вычисли $ \displaystyle \lim_{x \rightarrow 1}(1+\sin(\pi x))^{\operatorname{ctg}\pi x} $. Ответ запиши в виде десятичной дроби, округлив по правилам математического округления до 3 знаков после запятой.",Вычисление предела функции,"Вычислить предел функции при x, стремящемся к 1",Мат. анализ,средний
"Вычисли $ \displaystyle \int_0^1 x\arcsin x dx$.Ответ запишите в виде десятичной дроби, округлив по правилам математического округления до 3 знаков после запятой.",Вычисление определенного интеграла с арксинусом,Вычислить определенный интеграл от произведения x и arcsin x.,Мат. анализ,средний
"Вычислить $\displaystyle \lim_{n \to \infty} \frac{\sqrt{n^2 + n + 4}}{n^2 + 1}$. Ответ запишите в виде десятичной дроби, округлив по правилам математического округления до 3 знаков после запятой.",Предел отношения функций,Вычислить предел при n стремящемся к бесконечности от дроби с корнем в числителе и полиномом в знаменателе.,Мат. анализ,легкий
"Вычисли $ \displaystyle \int_1^8 (4\sqrt[3]{x}-2/\sqrt[3]{x}) dx$. Ответ запиши в виде десятичной дроби, округлив по правилам математического округления до 3 знаков после запятой.",Определенный интеграл от степенных функций,"Вычислить определенный интеграл от функции, содержащей кубические корни, на заданном отрезке.",Мат. анализ,легкий
"Вычислить $\displaystyle \lim_{n \to \infty} \frac{n \cos(n^2 + e^n)}{2^n - 1}$. Ответ запишите в виде десятичной дроби, округлив по правилам математического округления до 3 знаков после запятой.",Предел последовательности с косинусом,Вычислить предел последовательности $\frac{n \cos(n^2 + e^n)}{2^n - 1}$ при $n \to \infty$.,Мат. анализ,легкий
"Вычисли $ \displaystyle \lim_{x \rightarrow +\infty}\sqrt[3]{x^3+3x^2}-\sqrt{x^2-2x}$. Ответ запиши в виде десятичной дроби, округлив по правилам математического округления до 3 знаков после запятой.",Предел с корнями,Вычислить предел разности кубического и квадратного корней при x стремящемся к бесконечности.,Мат. анализ,средний
"Вычисли $ \displaystyle \lim_{n \rightarrow \infty} (1/(1*2)+1/(2*3)+...+1/(n*(n+1))$. Ответ запиши в виде десятичной дроби, округлив по правилам математического округления до 3 знаков после запятой.",Предел суммы ряда,Вычислить предел суммы ряда $1/(1*2)+1/(2*3)+...+1/(n*(n+1))$ при $n \rightarrow \infty$.,Мат. анализ,легкий
"Вычисли $ \displaystyle \lim_{x \rightarrow 8}(\sqrt{9+2x}-5)/(\sqrt[3]{x}-2)$. Ответ запиши в виде десятичной дроби, округлив по правилам математического округления до 3 знаков после запятой.",Вычисление предела функции,Найти предел функции при x стремящемся к 8,Мат. анализ,средний
"Найдите сумму ряда: $\displaystyle \frac{1}{1 \cdot 2 \cdot 3} + \frac{1}{2 \cdot 3 \cdot 4} + \frac{1}{3 \cdot 4 \cdot 5} + \frac{1}{4 \cdot 5 \cdot 6} + \ldots$. Ответ запишите в виде десятичной дроби, округлив по правилам математического округления до 3 знаков после запятой.",Сумма ряда с произведениями в знаменателе,Найти сумму ряда $\sum_{n=1}^{\infty} \frac{1}{n(n+1)(n+2)}$,Мат. анализ,средний
"Вычислить $\displaystyle \lim_{n \to \infty} \left(\frac{n^3 + 4n}{n^3 + 2n - 3}\right)^{n^2 - 3}$. Ответ запишите в виде десятичной дроби, округлив по правилам математического округления до 3 знаков после запятой.",Предел последовательности,Вычислить предел последовательности вида (P(n)/Q(n))^(R(n)),Мат. анализ,средний
"Вычислить $\displaystyle \lim_{n \to \infty} \frac{\sin (n^{100} + e^n)}{n^2 + 1}$. Ответ запишите в виде десятичной дроби, округлив по правилам математического округления до 3 знаков после запятой.",Предел отношения синуса к многочлену,Вычислить предел при n стремящемся к бесконечности от отношения sin(n^100 + e^n) к (n^2 + 1).,Мат. анализ,легкий
"Вычисли $ \displaystyle \lim_{x \rightarrow +\infty}\sqrt[3]{x^3+3x^2}-\sqrt{x^2-2x}$. Ответ запиши в виде десятичной дроби, округлив по правилам математического округления до 3 знаков после запятой.",Вычисление предела с иррациональными выражениями,"Вычислить предел функции при x, стремящемся к бесконечности, содержащей разность кубического и квадратного корней.",Мат. анализ,средний
"Вычислить $\displaystyle \lim_{n \to \infty} \left(\frac{n^3 + 4n}{n^3 + 2n - 3}\right)^{n^2 - 3}$. Ответ запишите в виде десятичной дроби, округлив по правилам математического округления до 3 знаков после запятой.",Вычисление предела последовательности,Вычислить предел последовательности вида $f(n)^{g(n)}$ при $n \to \infty$.,Мат. анализ,средний
"Вычислить $\displaystyle \lim_{n \to \infty} \left(1 + \frac{2}{n}\right)^n$. Ответ запишите в виде десятичной дроби, округлив по правилам математического округления до 3 знаков после запятой.",Предел последовательности с экспонентой,Вычислить предел $\lim_{n \to \infty} \left(1 + \frac{2}{n}\right)^n$.,Мат. анализ,легкий
"Два охотника стреляют по волку (вероятности попадания 0.7 и 0.8). Найти вероятность хотя бы одного попадания по одному выстрелу. Ответ запишите в виде десятичной дроби, округлив по правилам математического округления до 3 знаков после запятой.",Вероятность хотя бы одного попадания,"Найти вероятность хотя бы одного попадания, если два охотника стреляют по волку с заданными вероятностями попадания.",Теор. вер. и статистика,легкий
"Вычислить $\displaystyle \lim_{n \to \infty} (\sqrt{n^2 + 4n} - n - 2)$. Ответ запишите в виде десятичной дроби, округлив по правилам математического округления до 3 знаков после запятой.",Предел с иррациональностью,"Вычислить предел последовательности, содержащей квадратный корень.",Мат. анализ,легкий
"Вычисли $ \displaystyle \lim_{x \rightarrow 0} (1+x^2)^{\operatorname{ctg}^2 x}$. Ответ запиши в виде десятичной дроби, округлив по правилам математического округления до 3 знаков после запятой.",Вычисление предела с неопределенностью 1 в степени бесконечность,"Вычислить предел вида (1+x^2)^(ctg^2 x) при x, стремящемся к 0.",Мат. анализ,средний
"Найти обратную матрицу для: \[ \begin{pmatrix} 1 & 4 & 5 \\ 3 & 13 & 21 \\ 2 & 9 & 17 \end{pmatrix} \] Ответ запиши в формате $ a_{11}; a_{12}; \dots; a_{1n}; a_{21}; a_{22}; \dots; a_{mn}, $ округлив по правилам математического округления до 3 знаков после запятой.",Нахождение обратной матрицы,Найти обратную матрицу для заданной матрицы 3x3.,Линал и геометрия,средний
Пусть \(X_n\Rightarrow X\) и \(h\) непрерывна. Требуется установить \(h(X_n)\Rightarrow h(X)\) (теорема о непрерывном отображении).,Теорема о непрерывном отображении,"Доказать, что если последовательность случайных величин сходится по распределению, и функция непрерывна, то последовательность преобразованных случайных величин также сходится по распределению.",Теор. вер. и статистика,средний
"Указать такие $N$, начиная с которых можно гарантировать выполнение неравенства $|a_n| < \varepsilon$ при $a_n = \frac{1}{n}$ и $\varepsilon = 0.001$. Ответ запишите в виде десятичной дроби, округлив по правилам математического округления до 3 знаков после запятой.",Оценка N для сходимости последовательности,"Найти наименьшее N, при котором |1/n| < 0.001.",Мат. анализ,легкий
Пусть \(A\in M_n(\mathbb{C})\) нормальна: \(AA^*=A^*A\). Требуется установить существование унитарной диагонализации \(A=U\Lambda U^*\).,Унитарная диагонализация нормальной матрицы,Доказать существование унитарной диагонализации нормальной матрицы.,Линал и геометрия,средний
"Найдите сумму ряда: $\displaystyle \frac{1}{1 \cdot 2} + \frac{1}{2 \cdot 3} + \frac{1}{3 \cdot 4} + \frac{1}{4 \cdot 5} + \ldots$. Ответ запишите в виде десятичной дроби, округлив по правилам математического округления до 3 знаков после запятой.",Сумма телескопического ряда,Найти сумму ряда $\sum_{n=1}^{\infty} \frac{1}{n(n+1)}$,Мат. анализ,легкий
"Вычисли $ \displaystyle \int_1^8 (4\sqrt[3]{x}-2/\sqrt[3]{x}) dx$. Ответ запиши в виде десятичной дроби, округлив по правилам математического округления до 3 знаков после запятой.",Вычисление определенного интеграла,"Вычислить определенный интеграл от функции, содержащей корни.",Мат. анализ,легкий
"Вычисли $ \displaystyle \lim_{x \rightarrow +\infty}\sqrt[3]{x^3+3x^2}-\sqrt{x^2-2x}$. Ответ запиши в виде десятичной дроби, округлив по правилам математического округления до 3 знаков после запятой.",Предел функции с иррациональностями,"Вычислить предел функции при x, стремящемся к бесконечности",Мат. анализ,средний
"Вычисли $ \displaystyle \int_0^1 \dfrac{\sqrt[3]{x}-1}{\ln(x)}$.Ответ запишите в виде десятичной дроби, округлив по правилам математического округления до 3 знаков после запятой.",Вычисление определённого интеграла,Вычислить определённый интеграл от функции с логарифмом и корнем.,Мат. анализ,средний
"Вычисли $ \displaystyle \lim_{x \rightarrow 1}(1+\sin(\pi x))^{\operatorname{ctg}\pi x} $. Ответ запиши в виде десятичной дроби, округлив по правилам математического округления до 3 знаков после запятой.",Вычисление предела функции,Вычислить предел функции вида $(1+f(x))^{g(x)}$ при $x \to 1$.,Мат. анализ,средний
Докажите критерий факторизации Неймана–Фишера: статистика \(T\) достаточна \(\Leftrightarrow\) \(f(x;\theta)=g(T(x);\theta)h(x)\).,Критерий факторизации Неймана–Фишера,"Доказать, что статистика T достаточна тогда и только тогда, когда функция плотности вероятности f(x;θ) может быть факторизована как g(T(x);θ)h(x).",Теор. вер. и статистика,сложный
"Вычислить $\displaystyle \lim_{n \to \infty} \frac{n^2 \sin(3n + n^5)}{4^n + 4^{-n}}$. Ответ запишите в виде десятичной дроби, округлив по правилам математического округления до 3 знаков после запятой.",Предел отношения функций,Вычислить предел при n стремящемся к бесконечности от отношения n^2 * sin(3n + n^5) к (4^n + 4^(-n)).,Мат. анализ,средний
"Найти обратную матрицу для: \[ \begin{pmatrix} 1 & 4 & 5 \\ 3 & 13 & 21 \\ 2 & 9 & 17 \end{pmatrix} \] Ответ запиши в формате $ a_{11}; a_{12}; \dots; a_{1n}; a_{21}; a_{22}; \dots; a_{mn}, $ округлив по правилам математического округления до 3 знаков после запятой.",Нахождение обратной матрицы,Найти обратную матрицу для заданной матрицы 3x3.,Линал и геометрия,средний
"В телефонном номере 135-3?-?? стерлись три последние цифры. Найти вероятность, что стерлись одинаковые цифры. Ответ запишите в виде десятичной дроби, округлив по правилам математического округления до 3 знаков после запятой.",Вероятность одинаковых цифр в телефонном номере,"Найти вероятность того, что стерлись одинаковые цифры в телефонном номере 135-3?-??",Теор. вер. и статистика,легкий
"Вычисли $ \displaystyle \lim_{x \rightarrow +\infty}\sqrt[3]{x^3+3x^2}-\sqrt{x^2-2x}$. Ответ запиши в виде десятичной дроби, округлив по правилам математического округления до 3 знаков после запятой.",Вычисление предела с иррациональными выражениями,"Вычислить предел функции при x, стремящемся к бесконечности, содержащей разность кубического и квадратного корней.",Мат. анализ,средний
"Вычислить несобственный интеграл: $\displaystyle \int_{1}^{+\infty} \frac{dx}{x^2}$. Ответ запишите в виде десятичной дроби, округлив по правилам математического округления до 3 знаков после запятой.",Вычисление несобственного интеграла,Вычислить несобственный интеграл от 1 до бесконечности функции 1/x^2.,Мат. анализ,легкий
"Вычисли $ \displaystyle \int_1^2 \dfrac{1}{4x^5+5x}dx$.Ответ запишите в виде десятичной дроби, округлив по правилам математического округления до 3 знаков после запятой.",Вычисление определенного интеграла,Вычислить определенный интеграл от рациональной функции.,Мат. анализ,средний
"Существует 8! восьмизначных положительных чисел, которые используют каждую из цифр 1,2,3,4,5,6,7,8 ровно один раз. Пусть $ N - $ количество таких чисел, которые делятся на 22. Найди модуль разности $ N - 2025.$Ответ запишите в виде десятичной дроби, округлив по правилам математического округления до 3 знаков после запятой.","Количество восьмизначных чисел, делящихся на 22","Найти количество восьмизначных чисел, составленных из цифр 1-8 без повторений, которые делятся на 22, и вычислить модуль разности N-2025.",теория чисел,средний
Дано \(A\in M_n(\mathbb{F})\). Требуется показать равенство определителей \(\det(A^T)=\det(A)\).,Определитель транспонированной матрицы,"Доказать, что определитель транспонированной матрицы равен определителю исходной матрицы.",Линал и геометрия,средний
"Брошены три монеты. Найти вероятность выпадения двух ""гербов"". Ответ запишите в виде десятичной дроби, округлив по правилам математического округления до 3 знаков после запятой.",Вероятность выпадения двух гербов,Найти вероятность выпадения двух 'гербов' при бросании трёх монет.,Теор. вер. и статистика,легкий
"Вычисли $ \displaystyle \lim_{x \rightarrow 0} (1+x^2)^{\operatorname{ctg}^2 x}$. Ответ запиши в виде десятичной дроби, округлив по правилам математического округления до 3 знаков после запятой.",Предел функции с неопределенностью,"Вычислить предел функции вида (1+x^2)^(ctg^2 x) при x, стремящемся к 0.",Мат. анализ,средний
"Вычисли $ \displaystyle \lim_{n \rightarrow \infty} (1^2+3^2+...+(2n-1)^2)/n^3$. Ответ запиши в виде десятичной дроби, округлив по правилам математического округления до 3 знаков после запятой.",Предел суммы квадратов нечетных чисел,Вычислить предел отношения суммы квадратов первых n нечетных чисел к n^3.,Мат. анализ,средний
"Вычисли $ \displaystyle \lim_{x \rightarrow 0} \sin{5x}/x$. Ответ запиши в виде десятичной дроби, округлив по правилам математического округления до 3 знаков после запятой.",Вычисление предела с синусом,Вычислить предел функции sin(5x)/x при x стремящемся к 0.,Мат. анализ,легкий
"Рассмотрим верхнетреугольную матрицу \(T\in M_n(\mathbb{F})\). Требуется установить, что её собственные значения — диагональные элементы.",Собственные значения верхнетреугольной матрицы,"Доказать, что собственные значения верхнетреугольной матрицы - её диагональные элементы.",Линал и геометрия,средний
"Решить матричное уравнение \( A A^T X = B \), где \[ A = \begin{pmatrix} 1 & 1 & 1 \\ 1 & -1 & 1 \end{pmatrix}, \quad B = \begin{pmatrix} 1 & 3 \\ 2 & 4 \end{pmatrix} \] Ответ запиши в формате $ a_{11}; a_{12}; \dots; a_{1n}; a_{21}; a_{22}; \dots; a_{mn}, $ округлив по правилам математического округления до 3 знаков после запятой.",Решение матричного уравнения,Найти матрицу X из уравнения A A^T X = B,Линал и геометрия,средний
"Указать такие $N$, начиная с которых можно гарантировать выполнение неравенства $|a_n| < \varepsilon$ при $a_n = \frac{1}{n}$ и $\varepsilon = 0.001$. Ответ запишите в виде десятичной дроби, округлив по правилам математического округления до 3 знаков после запятой.",Определение N для сходимости последовательности,"Найти N, при котором |1/n| < 0.001",Мат. анализ,легкий
"Вычислить $\displaystyle \lim_{n \to \infty} \sqrt[n]{a}$ при $a > 0$. Ответ запишите в виде десятичной дроби, округлив по правилам математического округления до 3 знаков после запятой.",Предел корня n-ой степени,Вычислить предел $\lim_{n \to \infty} \sqrt[n]{a}$ при $a > 0$.,Мат. анализ,легкий
"Вычислите интеграл: $\displaystyle \int_0^\pi \left( |\sin(1999x)| - |\sin(2000x)| \right) dx$. Ответ запишите в виде десятичной дроби, округлив по правилам математического округления до 3 знаков после запятой.",Вычисление определенного интеграла с модулями,Вычислить определенный интеграл от разности модулей синусов.,Мат. анализ,средний
"Вычислить $\displaystyle \lim_{n \to \infty} (\sqrt{n^2 + 4n} - n - 2)$. Ответ запишите в виде десятичной дроби, округлив по правилам математического округления до 3 знаков после запятой.",Предел с иррациональностью,"Вычислить предел последовательности, содержащей квадратный корень.",Мат. анализ,легкий
"Вероятность неполадки станка за смену 0.05. Найти вероятность отсутствия неполадок за 3 смены. Ответ запишите в виде десятичной дроби, округлив по правилам математического округления до 3 знаков после запятой.",Вероятность отсутствия неполадок станка,Вероятность неполадки станка за смену 0.05. Найти вероятность отсутствия неполадок за 3 смены.,Теор. вер. и статистика,легкий
"Вычисли $ \displaystyle \lim_{x \rightarrow \pi/4 + 0} (\operatorname{tg}(\pi/8+x))^{\operatorname{tg}2x}$. Ответ запиши в виде десятичной дроби, округлив по правилам математического округления до 3 знаков после запятой.",Вычисление предела функции,Вычислить предел функции вида $f(x)^{g(x)}$ при $x \to \pi/4 + 0$.,Мат. анализ,средний
Докажите критерий факторизации Неймана–Фишера: статистика \(T\) достаточна \(\Leftrightarrow\) \(f(x;\theta)=g(T(x);\theta)h(x)\).,Доказательство критерия факторизации Неймана–Фишера,"Доказать, что статистика T достаточна тогда и только тогда, когда функция плотности вероятности f(x;θ) может быть разложена на произведение g(T(x);θ) и h(x).",Теор. вер. и статистика,сложный
"Существует 8! восьмизначных положительных чисел, которые используют каждую из цифр 1,2,3,4,5,6,7,8 ровно один раз. Пусть $ N - $ количество таких чисел, которые делятся на 22. Найди модуль разности $ N - 2025.$Ответ запишите в виде десятичной дроби, округлив по правилам математического округления до 3 знаков после запятой.","Количество восьмизначных чисел, делящихся на 22","Найти количество перестановок цифр 1-8, делящихся на 22, и вычислить модуль разности с 2025.",теория чисел,средний
"Вычисли $ \displaystyle \lim_{x \rightarrow 1}(1+\sin(\pi x))^{\operatorname{ctg}\pi x} $. Ответ запиши в виде десятичной дроби, округлив по правилам математического округления до 3 знаков после запятой.",Вычисление предела функции,Вычислить предел функции вида $f(x)^{g(x)}$ при $x \to 1$.,Мат. анализ,средний
"Вычисли $ \displaystyle \lim_{x \rightarrow 0}\sqrt[x]{1-2x} $. Ответ запиши в виде десятичной дроби, округлив по правилам математического округления до 3 знаков после запятой.",Предел функции,Вычислить предел $\lim_{x \rightarrow 0}\sqrt[x]{1-2x}$,Мат. анализ,средний
"Вычислить $\displaystyle \lim_{n \to \infty} \frac{\sqrt{n^2 + n + 4}}{n^2 + 1}$. Ответ запишите в виде десятичной дроби, округлив по правилам математического округления до 3 знаков после запятой.",Предел отношения функций,Вычислить предел при n стремящемся к бесконечности,Мат. анализ,легкий
"Вычисли $ \displaystyle \lim_{x \rightarrow \infty} ((x^2-1)/(x^2+1))^{(x-1)/(x+1)} $. Ответ запиши в виде десятичной дроби, округлив по правилам математического округления до 3 знаков после запятой.",Вычисление предела функции,Вычислить предел функции вида $f(x)^{g(x)}$ при $x \rightarrow \infty$.,Мат. анализ,средний
"Вычислить $\displaystyle \lim_{n \to \infty} \frac{n^2 + n \sin(2^n + n)}{(n - 1)^3 - (n + 1)^3}$. Ответ запишите в виде десятичной дроби, округлив по правилам математического округления до 3 знаков после запятой.",Вычисление предела отношения многочленов,"Вычислить предел отношения выражений с n, содержащих тригонометрическую функцию.",Мат. анализ,средний
"Найти скалярное произведение векторов \textbf{a} и \textbf{b}, если: $ |\textbf{a}| =6,~ |\textbf{b}| = 7, \angle(\textbf{a},\textbf{b}) = 120^{\circ}.$ Ответ сократи (используя правила математического округления) до трех знаков после точки",Скалярное произведение векторов,Найти скалярное произведение двух векторов по их длинам и углу между ними.,Линал и геометрия,легкий
Найти $ \displaystyle \lim_{x \rightarrow 0} (\cos x/\cos(2x))^{1/x^2}.$ Ответ сократи (используя правила математического округления) до трех знаков после точки,Предел функции с неопределенностью,Найти предел функции при x стремящемся к 0,Мат. анализ,средний
Найти $ \displaystyle \lim_{x \rightarrow +\infty} x(\ln(1+x/2)-\ln(x/2)).$Ответ сократи (используя правила математического округления) до трех знаков после точки,Предел с логарифмами,Найти предел функции при x стремящемся к бесконечности,Мат. анализ,средний
"Два радиста пытаются принять сигнал передатчика. Первый из них сможет это сделать с вероятностью 60$\%$, а второй – с вероятностью 80$\%$, независимо друг от друга. Найти вероятность, что хотя бы одному из них удастся принять сигнал. Ответ сократи (используя правила математического округления) до двух знаков после точки",Вероятность приема сигнала двумя радистами,"Найти вероятность, что хотя бы один из двух радистов примет сигнал, зная индивидуальные вероятности приема.",Теор. вер. и статистика,легкий
Найти столбец $ \textbf{x} $ из уравнения $ \begin{pmatrix} -1 \\ 6 \end{pmatrix} + \begin{pmatrix} 3 \\ 2 \end{pmatrix} - 2\textbf{x} = \begin{pmatrix} 2 \\ -2 \end{pmatrix}.$,Нахождение неизвестного вектора в векторном уравнении,"Найти вектор x из уравнения, включающего сложение и вычитание векторов, а также умножение вектора на скаляр.",Линал и геометрия,легкий
Вычислить произведение матриц $ \begin{pmatrix} 0 & 1 & 0 & 0 \end{pmatrix} \cdot \begin{pmatrix} 1 & 4 & 3 \\ 0 & 3 & 2 \\ 0 & 1 & 0 \\ 0 & 2 & 1 \end{pmatrix}.$ \\Ответ в формате $ a_{11}; a_{12}; \dots; a_{1n}; a_{21}; a_{22}; \dots; a_{mn}.$,Произведение матрицы-строки на матрицу,Вычислить произведение матрицы-строки на матрицу.,Линал и геометрия,легкий
"Вычисли $ \displaystyle \int_{0}^{1} x/(x^2+x+1) \, dx.$ Ответ сократи (используя правила математического округления) до трех знаков после точки",Вычисление определенного интеграла,Вычислить определенный интеграл от рациональной функции.,Мат. анализ,средний
"Партия из 100 деталей подвергается выборочному контролю. Условием непригодности всей партии является наличие хотя бы одной бракованной детали среди пяти проверенных. Какова вероятность для данной партии быть принятой, если она содержит 5$\%$ неисправных деталей. Ответ сократи (используя правила математического округления) до двух знаков после точки",Вероятность принятия партии деталей,"Найти вероятность принятия партии из 100 деталей, содержащей 5% брака, при выборочном контроле 5 деталей, если партия бракуется при наличии хотя бы одной бракованной детали среди проверенных.",Теор. вер. и статистика,средний
"Два стрелка независимо друг от друга стреляют по одной мишени, делая по одному выстрелу. Вероятность попадания в мишень для первого стрелка составляет 70$\%$, а для второго 60$\%$. После стрельбы в мишени обнаружена одна пробоина. Найти вероятность, что попал первый стрелок. Ответ представь в виде несокращаемой простой дроби",Вероятность попадания первого стрелка при одной пробоине,"Два стрелка стреляют по мишени. Известны вероятности попадания каждого. В мишени одна пробоина. Найти вероятность, что попал первый стрелок.",Теор. вер. и статистика,средний
Найти $ \displaystyle \lim_{x \rightarrow \infty} (\sqrt{x^2-1}-\sqrt{x^2+1}).$Ответ сократи (используя правила математического округления) до трех знаков после точки,Предел функции с корнями,Найти предел функции при x стремящемся к бесконечности,Мат. анализ,легкий
"Вычисли $ \displaystyle \int_{0}^{2} |1-x| \, dx.$ Ответ сократи (используя правила математического округления) до трех знаков после точки",Вычисление определенного интеграла с модулем,Вычислить определенный интеграл от функции с модулем.,Мат. анализ,легкий
"В город поступило 3000л молока с первого завода и 3500 – со второго завода. Известно, что средний процент непригодного молока среди продукции первого завода равен 1,5$\%$, второго – 1$\%$. Найти вероятность того, что купленный литр молока в этом городе окажется непригодным.  Ответ сократи (используя правила математического округления) до трех знаков после точки",Вероятность непригодного молока,"Найти вероятность того, что купленный литр молока в городе окажется непригодным, учитывая объемы поставок и процент брака с двух заводов.",Теор. вер. и статистика,легкий
"За прямоугольный стол, у которого стоит по 4 стула слева и справа, в случайном порядке садятся 4 мальчика и 4 девочки. Какова вероятность того, что все мальчики окажутся с одной стороны? Ответ представь в виде несокращаемой простой дроби",Вероятность рассадки мальчиков и девочек,"Найти вероятность того, что 4 мальчика из 8 человек (4 мальчика и 4 девочки) окажутся с одной стороны стола с 8 стульями.",Теор. вер. и статистика,средний
"Вычисли площадь области, состоящей из пересечения множеств: $ y \leq 5x-x^2, ~y\geq x.$ Ответ представь в виде несокращаемой простой дроби",Площадь области между параболой и прямой,"Вычислить площадь области, ограниченной параболой y = 5x - x^2 и прямой y = x.",Мат. анализ,средний
"Кубик бросается 5 раз. Найти вероятность, что шестерка выпадет 2 раза. Ответ представь в виде несокращаемой простой дроби",Вероятность выпадения шестерки,Найти вероятность выпадения шестерки 2 раза при 5 бросках кубика.,Теор. вер. и статистика,легкий
"В ящике 4 белых и 5 черных шаров. Наугад вынимаются 3 шара. Найти вероятность, что они окажутся одинакового цвета. Ответ представь в виде несокращаемой простой дроби",Вероятность вынуть шары одного цвета,"Найти вероятность, что 3 шара, вытянутые из ящика с 4 белыми и 5 черными шарами, будут одинакового цвета.",Теор. вер. и статистика,легкий
"Вычисли $ \displaystyle \int_{1}^{2} 2x^2 \, dx.$ Ответ представь в виде несокращаемой простой дроби",Вычисление определенного интеграла,Вычислить определенный интеграл функции $2x^2$ от 1 до 2.,Мат. анализ,легкий
"Наугад взяты два положительных числа, каждое из которых не больше 3. Какова вероятность того, что их сумма не превзойдет 3, а произведение будет не больше 14/9? Ответ сократи (используя правила математического округления) до четырех знаков после точки",Вероятность суммы и произведения двух случайных чисел,"Найти вероятность того, что сумма двух случайных чисел из [0, 3] не превзойдет 3, а произведение будет не больше 14/9.",Теор. вер. и статистика,средний
"Найти площадь фигуры, ограниченной кривыми, заданными в прямоугольных координатах (все параметры считать положительными): $ y = 2x-x^2,~ x+y=0.$ Ответ представь в виде несокращаемой простой дроби","Площадь фигуры, ограниченной параболой и прямой","Найти площадь фигуры, ограниченной кривыми $ y = 2x-x^2$ и $x+y=0$.",Мат. анализ,средний
"Вычисли $ \displaystyle \int_{1/e}^{e} |\ln x| \, dx.$ Ответ сократи (используя правила математического округления) до трех знаков после точки",Вычисление определенного интеграла с модулем логарифма,Вычислить определенный интеграл от модуля натурального логарифма.,Мат. анализ,средний
Найти ранг матрицы $ \begin{pmatrix} 1 & -1 \\ 2 & -2 \end{pmatrix}.$,Ранг матрицы 2x2,Найти ранг матрицы $ \begin{pmatrix} 1 & -1 \\ 2 & -2 \end{pmatrix}.$,Линал и геометрия,легкий
Найти $ \displaystyle \lim_{x \rightarrow 3} (\sin x/ \sin 3)^{1/(x-3)}.$ Ответ сократи (используя правила математического округления) до целого числа,Предел функции с неопределенностью,Найти предел функции вида (f(x)/g(x))^(1/(x-a)) при x стремящемся к a.,Мат. анализ,средний
"Студент знает ответы на 25 экзаменационных вопросов из 60-ти. Какова вероятность сдать экзамен, если для этого необходимо ответить не менее чем на 2 из 3-х вопросов? Ответ представь в виде несокращаемой простой дроби",Вероятность сдачи экзамена,"Найти вероятность сдачи экзамена, зная количество выученных вопросов и критерий сдачи.",Теор. вер. и статистика,средний
"Найти площадь поверхности, образованной вращением следующей кривой: $ y = \operatorname{tg}x ~ (0\leq x \leq \pi/4) $ вокруг оси $ Ox.$ Ответ сократи (используя правила математического округления) до трех знаков после точки",Площадь поверхности вращения тангенса,"Найти площадь поверхности, образованной вращением кривой y = tg(x) на отрезке [0, pi/4] вокруг оси Ox.",Мат. анализ,средний
"Вычисли $ \displaystyle \int_{1/\sqrt{3}}^{\sqrt{3}} 1/(1+x^2) \, dx.$ Ответ сократи (используя правила математического округления) до трех знаков после точки",Вычисление определенного интеграла,Вычислить определенный интеграл от функции 1/(1+x^2) в заданных пределах.,Мат. анализ,легкий
"Вычисли $ \displaystyle \int_{1}^{4} x/\sqrt{2+4x} \, dx.$ Ответ сократи (используя правила математического округления) до трех знаков после точки",Вычисление определенного интеграла,Вычислить определенный интеграл от функции $x/\sqrt{2+4x}$ в заданных пределах.,Мат. анализ,средний
"Найти площадь фигуры, ограниченной кривыми, заданными в прямоугольных координатах (все параметры считать положительными): $ y = (x+1)^2~, x = sin(\pi y),~ y = 0 ~(0 \leq y \leq 1).$ Ответ сократи (используя правила математического округления) до целого числа","Площадь фигуры, ограниченной кривыми","Найти площадь фигуры, ограниченной кривыми $ y = (x+1)^2~, x = sin(\pi y),~ y = 0 ~(0 \leq y \leq 1).$",Мат. анализ,средний
"Вычисли $ \displaystyle \int_{0}^{\ln 2} xe^{-x} \, dx.$ Ответ сократи (используя правила математического округления) до трех знаков после точки",Вычисление определенного интеграла,Вычислить определенный интеграл функции $xe^{-x}$ от 0 до $\ln 2$,Мат. анализ,легкий
Найти ранг матрицы $ \begin{pmatrix} 1 & 1 & 1 \\ 2 & 2 & 3 \\ 3 & 3 & 4 \end{pmatrix}.$,Ранг матрицы 3x3,Найти ранг матрицы.,Линал и геометрия,легкий
Вычислить собственные значения матрицы $ \begin{pmatrix} 0 & 0 & 0\\ 0 & -1 & 1 \\ 0 & 0 & -1 \end{pmatrix}.$,Собственные значения треугольной матрицы,Найти собственные значения заданной матрицы.,Линал и геометрия,легкий
Найти $ \displaystyle \lim_{x \rightarrow 0} \sin^2(3x)/(\sqrt{1-3x^2}-1).$Ответ сократи (используя правила математического округления) до трех знаков после точки,Вычисление предела с неопределенностью,"Найти предел функции при x стремящемся к нулю, используя эквивалентности или правило Лопиталя.",Мат. анализ,средний
Найти $ \displaystyle \lim_{n \rightarrow \infty} \sqrt{n^2+n}-\sqrt{n^2-n}.$Ответ сократи (используя правила математического округления) до трех знаков после точки,Предел разности корней,"Найти предел разности двух квадратных корней при n, стремящемся к бесконечности.",Мат. анализ,легкий
"Вычисли $ \displaystyle \int_{0}^{2} (x - 1)^{25} \, dx.$ Ответ сократи (используя правила математического округления) до трех знаков после точки",Вычисление определенного интеграла от степенной функции,"Вычислить определенный интеграл от (x-1)^25 на отрезке [0, 2].",Мат. анализ,легкий
"Вычисли $ \displaystyle \int_{1}^{\sqrt{3}} \operatorname{arctg}(1/x) \, dx.$ Ответ сократи (используя правила математического округления) до трех знаков после точки",Вычисление определенного интеграла от арктангенса,Вычислить определенный интеграл от арктангенса 1/x.,Мат. анализ,средний
"Какова вероятность, что взятое наудачу четырехзначное число кратно 5? Ответ сократи (используя правила математического округления) до трех знаков после точки",Вероятность кратности числа 5,"Найти вероятность того, что случайное четырехзначное число кратно 5.",Теор. вер. и статистика,легкий
"Векторы $ \textbf{a}, \textbf{b}, \textbf{c} $ некомпланарны. При каких значениях скаляра $ \lambda $ компланарны векторы $ \textbf{a}+2\textbf{b}+\lambda\textbf{c},~ 4\textbf{a}+5\textbf{b}+6\textbf{c},~ 7\textbf{a}+8\textbf{b}+\lambda^2\textbf{c}?$ Ответ сократи (используя правила математического округления) до трех знаков после точки",Компланарность векторов,"Найти значения скаляра, при которых три заданных вектора компланарны, если исходные векторы некомпланарны.",Линал и геометрия,средний
"Найти скалярное произведение векторов, если заданы их координаты в некотором базисе и матрица Грама $ \Gamma $ этого базиса: $ \begin{pmatrix} 1 & 1 & 1 \end{pmatrix}^T,~ \begin{pmatrix} 1 & 3 & 1 \end{pmatrix}^T,~ $\\ $\Gamma = \begin{pmatrix} 1 & -2 & 1 \\ -2 & 5 & -4 \\ 1 & -4 & 6 \end{pmatrix}.$",Скалярное произведение векторов с матрицей Грама,"Найти скалярное произведение двух векторов, заданных в некотором базисе, используя матрицу Грама этого базиса.",Линал и геометрия,средний
"Найти угол между векторами, заданными их координатами: $ \begin{pmatrix} 1 & 1 & 1 & 1 \end{pmatrix}, \begin{pmatrix} 0 & 2 & 0 & 2 \end{pmatrix};$ базис ортонормированный. Ответ сократи (используя правила математического округления) до трех знаков после точки",Угол между векторами в 4D,Найти угол между двумя четырехмерными векторами в ортонормированном базисе.,Линал и геометрия,легкий
"Игральный кубик бросается 6 раз. Найти вероятность, что выпадет хотя бы одна шестерка. Ответ сократи (используя правила математического округления) до четырех знаков после точки",Вероятность выпадения хотя бы одной шестерки при бросании кубика,Найти вероятность выпадения хотя бы одной шестерки при 6 бросках игрального кубика.,Теор. вер. и статистика,легкий
Вычисли $ \displaystyle \int_0^1 x(2-x^2)^{12} dx.$ Ответ представь в виде несокращаемой простой дроби,Определенный интеграл,"Вычислить определенный интеграл от функции $x(2-x^2)^{12}$ на отрезке $[0,1]$.",Мат. анализ,легкий
"Рассмотрим область $A$, ограниченную на отрезке $x \in [0; \, \pi]$ кривыми \begin{align*} y = \sin(x), \ \ y = 0. \end{align*} Найди объем тела, полученного вращением области $A$ вокруг оси $OX$. Ответ сократи (используя правила математического округления) до трех знаков после точки",Объем тела вращения синусоиды,"Найти объем тела, полученного вращением области, ограниченной синусоидой и осью OX на отрезке [0, pi], вокруг оси OX.",Мат. анализ,легкий
"Время $ Т $ обнаружения цели радиолокатором распределено по показа- тельному закону. Найти вероятность того, что цель будет обнаружена за время от 5 до 15 с после начала поиска, если среднее время обнаружения цели равно 10 с. Ответ сократи (используя правила математического округления) до трех знаков после точки",Вероятность обнаружения цели,Найти вероятность обнаружения цели за заданный интервал времени при показательном распределении.,Теор. вер. и статистика,средний
Найти $ \displaystyle \lim_{x \rightarrow 0} (x^7+5x^6+4x^3)/(x^7+2x^3).$Ответ сократи (используя правила математического округления) до трех знаков после точки,Предел отношения многочленов,"Найти предел отношения многочленов при x, стремящемся к 0.",Мат. анализ,легкий
Найти $ \displaystyle \lim_{n \rightarrow \infty} \sqrt[3n]{n}.$Ответ сократи (используя правила математического округления) до трех знаков после точки,Предел корня n-ой степени из n,Найти предел $\sqrt[3n]{n}$ при $n \to \infty$.,Мат. анализ,легкий
Найти матрицу $ X $ из уравнения $X \begin{pmatrix} 2 & 5 \\ 1 & 3 \end{pmatrix} = \begin{pmatrix} 2 & 1 \\ 1 & 1 \end{pmatrix}.$ \\Ответ в формате $ a_{11}; a_{12}; \dots; a_{1n}; a_{21}; a_{22}; \dots; a_{mn}.$,Нахождение матрицы из матричного уравнения,Найти матрицу X из уравнения XA=B,Линал и геометрия,легкий
"Автомат изготавливает шарики. Шарик считается годным, если отклонение Х диаметра шарика от проектного размера по абсолютной величине меньше 0,7 мм. Считая, что случайная величина распределена нормально с параметром σ = 0,4 мм, определить сколько в среднем будет годных шариков среди 100 изготовленных. Ответ сократи (используя правила математического округления) до двух знаков после точки",Вероятность годных шариков,Определение количества годных шариков при нормальном распределении диаметра.,Теор. вер. и статистика,средний
Найти $ \displaystyle \lim_{x \rightarrow 0} (\sin2x+2\operatorname{arctg}3x + 3x^2)/(\ln(1+3x+\sin^2x)+xe^x).$Ответ сократи (используя правила математического округления) до трех знаков после точки,"Предел отношения функций при x, стремящемся к 0","Найти предел отношения функций, используя эквивалентности.",Мат. анализ,средний
Найти $ \displaystyle \lim_{n \rightarrow \infty} \sqrt[3]{n^3+2n^2}-n.$ Ответ представь в виде несокращаемой простой дроби,Предел с иррациональностью,Найти предел функции с иррациональностью при n стремящемся к бесконечности.,Мат. анализ,средний
"Точку наудачу бросили на отрезок $[0; 2]$ . Какова вероятность ее попадания в отрезок $[0,5; 1,4]?$ Ответ сократи (используя правила математического округления) до двух знаков после точки",Вероятность попадания точки на отрезок,Найти вероятность попадания случайно брошенной точки на отрезок в заданный подынтервал.,Теор. вер. и статистика,легкий
"Найти объем тела, ограниченного следующими поверхностями: $ x+y+z^2=1,~ x =0,~y=0,~z=0.$ Ответ представь в виде несокращаемой простой дроби","Объем тела, ограниченного поверхностями","Найти объем тела, ограниченного поверхностями $ x+y+z^2=1,~ x =0,~y=0,~z=0.$",Мат. анализ,средний
Вычислить произведение матриц $ \begin{pmatrix} 1 & 0 \end{pmatrix} \cdot \begin{pmatrix} 1 & 1 \\ 1 &1 \end{pmatrix}. $ \\Ответ в формате $ a_{11}; a_{12}; \dots; a_{1n}; a_{21}; a_{22}; \dots; a_{mn}.$,Произведение матриц 1x2 и 2x2,Вычислить произведение матриц $ \begin{pmatrix} 1 & 0 \end{pmatrix} \cdot \begin{pmatrix} 1 & 1 \\ 1 &1 \end{pmatrix}. $,Линал и геометрия,легкий
"В двух коробках однотипные конденсаторы. В первой – 20 штук, из них 3 неисправных; во второй – 40 штук, из них 2 неисправных. Наугад была выбрана коробка, а затем из нее наугад был выбран конденсатор. Он оказался неисправным. Найти вероятность того, что он был взят из первой коробки. Ответ сократи (используя правила математического округления) до двух знаков после точки",Вероятность неисправного конденсатора из первой коробки,"Даны две коробки с конденсаторами, в каждой из которых есть неисправные. Из случайно выбранной коробки извлекли неисправный конденсатор. Найти вероятность того, что он был из первой коробки.",Теор. вер. и статистика,средний
Найти $ \displaystyle \lim_{x \rightarrow 4} (e^{4-x}-1)/(\sqrt{2x-7}-1).$Ответ сократи (используя правила математического округления) до трех знаков после точки,Вычисление предела функции,Найти предел функции при x стремящемся к 4.,Мат. анализ,средний
Найти ранг матрицы $ \begin{pmatrix} 0 & 0 \\ 0 & 2 \end{pmatrix}.$,Ранг матрицы 2x2,Найти ранг матрицы $ \begin{pmatrix} 0 & 0 \\ 0 & 2 \end{pmatrix}.$,Линал и геометрия,легкий
"Вычислить $ f(A), $ если $ f(t)=t^2-2t+1,~ A = \begin{pmatrix} 1 & 1 \\ 0 & 1 \end{pmatrix}.$ \\Ответ в формате $ a_{11}; a_{12}; \dots; a_{1n}; a_{21}; a_{22}; \dots; a_{mn}.$",Вычисление функции от матрицы,Вычислить значение полиномиальной функции от заданной матрицы.,Линал и геометрия,легкий
"Вычисли $ \displaystyle \int_{0}^{\pi} t \sin (3t) \, dt.$ Ответ сократи (используя правила математического округления) до трех знаков после точки",Вычисление определенного интеграла,Вычислить определенный интеграл функции t sin(3t) от 0 до pi.,Мат. анализ,средний
"Фокусник предлагает троим зрителям задумать любое число от 1 до 10. Считая, что выбор каждым из зрителей любого числа из заданных равно- возможен, найти вероятность того, что у кого-то из них задуманные числа совпадут. Ответ сократи (используя правила математического округления) до трех знаков после точки",Вероятность совпадения чисел у трех зрителей,"Найти вероятность того, что у трех зрителей, выбравших числа от 1 до 10, совпадут хотя бы два числа.",Теор. вер. и статистика,средний
"Найти угол между векторами \textbf{a} и \textbf{b}, заданными своими координатами: $\textbf{a}(2,-1),~ \textbf{b}(-4,2).$ Ответ сократи (используя правила математического округления) до трех знаков после точки",Угол между векторами,"Найти угол между векторами a(2,-1) и b(-4,2).",Линал и геометрия,легкий
"Два радиста пытались принять сигнал передатчика. Первый из них может это сделать с вероятностью 60$\%$, а второй – с вероятностью 80$\%$, независимо друг от друга. Известно, что как минимум одному из радистов удалось принять сигнал. Найти вероятность, что это удалось обоим радистам. Ответ представь в виде несокращаемой простой дроби","Вероятность приёма сигнала обоими радистами при условии, что хотя бы один принял","Даны вероятности приёма сигнала двумя радистами. Найти вероятность, что оба приняли, при условии, что хотя бы один принял.",Теор. вер. и статистика,средний
"Найти скалярное произведение векторов \textbf{a} и \textbf{b}, если: $ |\textbf{a}| =4,~ |\textbf{b}| = 2, \angle(\textbf{a},\textbf{b}) = 90^{\circ}.$ Ответ сократи (используя правила математического округления) до трех знаков после точки",Скалярное произведение перпендикулярных векторов,"Найти скалярное произведение двух векторов, если известны их длины и угол между ними.",Линал и геометрия,легкий
"При передаче текста 10$\%$ букв искажается и принимается неверно. Какова вероятность того, что все 5 букв данного сообщения будут приняты правильно? Ответ сократи (используя правила математического округления) до двух знаков после точки",Вероятность правильной передачи сообщения,"Найти вероятность того, что все 5 букв сообщения будут приняты правильно, если 10% букв искажается.",Теор. вер. и статистика,легкий
"Найти угол между векторами \textbf{a} и \textbf{b}, заданными своими координатами: $\textbf{a}(1,2),~ \textbf{b}(2,4).$ Ответ сократи (используя правила математического округления) до трех знаков после точки",Угол между векторами,"Найти угол между векторами a(1,2) и b(2,4).",Линал и геометрия,легкий
Найти $ \displaystyle \lim_{x \rightarrow +\infty} (2x^2-3x-5)/(1+x+3x^2).$ Ответ представь в виде несокращаемой простой дроби,"Предел рациональной функции при x, стремящемся к бесконечности","Найти предел рациональной функции при x, стремящемся к плюс бесконечности.",Мат. анализ,легкий
Найти $ \displaystyle \lim_{x \rightarrow 1} (\sqrt[5]x.-1)/(e^{x-1}-1)$. Ответ представь в виде несокращаемой простой дроби,Вычисление предела с помощью правила Лопиталя,"Найти предел отношения функций при x, стремящемся к 1.",Мат. анализ,средний
Найти $ \displaystyle \lim_{x \rightarrow -2} (x^2+x-2)/(\sqrt{x+6}-2).$Ответ сократи (используя правила математического округления) до трех знаков после точки,Вычисление предела функции с корнем,Найти предел функции при x стремящемся к -2.,Мат. анализ,средний
Вычислить $ \begin{pmatrix} 2 & -1 & 0 \\ 0 & 2 & -1 \\ -1 & -1 & 1 \end{pmatrix}^{-1}.$ \\Ответ в формате $ a_{11}; a_{12}; \dots; a_{1n}; a_{21}; a_{22}; \dots; a_{mn}.$,Обратная матрица 3x3,Вычислить обратную матрицу для заданной матрицы 3x3.,Линал и геометрия,средний
Найти $ \displaystyle \lim_{x \rightarrow 1} 3/(1-x^3) + 1/(x-1).$Ответ сократи (используя правила математического округления) до трех знаков после точки,Вычисление предела функции,Найти предел функции при x стремящемся к 1,Мат. анализ,средний
"Найти вероятность 4 точных из 7 независимых измерений, если вероятность точного измерения равна 0,3. Ответ сократи (используя правила математического округления) до трех знаков после точки",Вероятность 4 точных измерений из 7,"Найти вероятность 4 точных из 7 независимых измерений при вероятности точного измерения 0,3.",Теор. вер. и статистика,легкий
"Найти объем тела, ограниченного поверхностями, полученными при вращении отрезков следующих линий: $ y =\sin x,~y=0~ (0\leq x \leq \pi) $ вокруг оси $ Oy.$ Ответ сократи (используя правила математического округления) до трех знаков после точки",Объем тела вращения синусоиды вокруг оси Oy,"Найти объем тела, образованного вращением области, ограниченной $y = \sin x$ и $y = 0$ ($0 \le x \le \pi$), вокруг оси $Oy$.",Мат. анализ,средний
"Найти скалярное произведение векторов, если заданы их координаты в некотором базисе и матрица Грама $ \Gamma $ этого базиса: $ \begin{pmatrix} -1 & -1 & 1 \end{pmatrix}^T,~ \begin{pmatrix} 0 & 1 & 3 \end{pmatrix}^T,~$ \\ $\Gamma = \begin{pmatrix} 1 & 2 & 3 \\ 2 & 5 & 8 \\ 3 & 8 & 14 \end{pmatrix}.$",Скалярное произведение векторов с матрицей Грама,"Найти скалярное произведение двух векторов, заданных координатами в базисе, и матрицей Грама этого базиса.",Линал и геометрия,средний
Найти $ \displaystyle \lim_{x \rightarrow 0} (e^x-1-x)/x^2.$ Ответ представь в виде несокращаемой простой дроби,Предел с экспонентой,Найти предел функции при x стремящемся к 0.,Мат. анализ,средний
Найти ранг матрицы $ \begin{pmatrix} 1 & 1 \\ 1 & 1 \\ 2 & 2 \end{pmatrix}.$,Ранг матрицы 2x3,Найти ранг матрицы.,Линал и геометрия,легкий
"Радист пытается принять сигналы от трех передатчиков. Сигнал первого передатчика он может принять с вероятностью 50$\%$, второго – 40$\%$ и третьего – 30$\%$. Найти вероятность, что ему удастся принять сигналы ото всех передатчиков. Ответ сократи (используя правила математического округления) до двух знаков после точки",Вероятность приема сигналов от трех передатчиков,Найти вероятность приема сигналов от трех передатчиков с заданными индивидуальными вероятностями.,Теор. вер. и статистика,легкий
Найти $ \displaystyle \lim_{x \rightarrow 1} (x^4-2x+1)/(x^8-2x+1).$ Ответ представь в виде несокращаемой простой дроби,Предел рациональной функции,Вычислить предел отношения многочленов при x стремящемся к 1.,Мат. анализ,легкий
Вычислить $ \begin{pmatrix} 3 & 5 \\ 5 & 9 \end{pmatrix}^{-1}.$ \\Ответ в формате $ a_{11}; a_{12}; \dots; a_{1n}; a_{21}; a_{22}; \dots; a_{mn}.$ Ответ представь в виде несокращаемой простой дроби,Обратная матрица 2x2,Вычислить обратную матрицу для матрицы 2x2.,Линал и геометрия,легкий
Вычислить определитель матрицы $ \begin{pmatrix} 0 & 0 & 0 & -1 \\ 0 & 0 & -1 & 0 \\ 0 & 1 & 0 & 0 \\ 1 & 0 & 0 & 0 \end{pmatrix}.$,Определитель матрицы 4x4,Вычислить определитель данной матрицы.,Линал и геометрия,легкий
Найти $ \displaystyle \lim_{n \rightarrow \infty} \sqrt[2n]{n^2-1}.$Ответ сократи (используя правила математического округления) до трех знаков после точки,Предел корня,Найти предел последовательности $\sqrt[2n]{n^2-1}$ при $n \rightarrow \infty$.,Мат. анализ,легкий
"В ящике 5 апельсинов и 4 яблока. Наугад выбираются 3 фрукта. Какова вероятность, что все три фрукта - апельсины? Ответ сократи (используя правила математического округления) до двух знаков после точки",Вероятность выбора апельсинов,Найти вероятность выбора 3 апельсинов из 5 апельсинов и 4 яблок.,Теор. вер. и статистика,легкий
"Найти расстояние между точками $ A $ и $ B$, заданными своими координатами: $ A(3,-2),~ B(3,3).$ Ответ сократи (используя правила математического округления) до трех знаков после точки",Расстояние между точками на плоскости,"Найти расстояние между точками A(3,-2) и B(3,3).",Линал и геометрия,легкий
Вычислить определитель матрицы $ \begin{pmatrix} 0 & 0 & 1 \\ 0 & 1 & 0 \\ 1 & 0 & 0 \end{pmatrix}.$,Определитель матрицы 3x3,Вычислить определитель матрицы 3x3.,Линал и геометрия,легкий
Найти целые корни уравнения: $ x^3 + 2x^2 +x + 2 = 0.$Ответ сократи (используя правила математического округления) до трех знаков после точки,Поиск целых корней кубического уравнения,Найти целые корни уравнения $ x^3 + 2x^2 +x + 2 = 0$.,Мат. анализ,легкий
"Вычисли $ \displaystyle \int_{-2}^2 \left(1 + 3 \sqrt{4 - x^2} \right) \, dx. $ Ответ сократи (используя правила математического округления) до целого числа",Вычисление определенного интеграла,"Вычислить определенный интеграл от функции, содержащей корень.",Мат. анализ,средний
Найти $ \displaystyle \lim_{x \rightarrow 0} (\sin3x)/x.$Ответ сократи (используя правила математического округления) до трех знаков после точки,Предел отношения синуса к аргументу,Найти предел функции (sin3x)/x при x стремящемся к 0.,Мат. анализ,легкий
"Бросается 10 монет. Найти вероятность, что число выпавших гербов будет равно шести. Ответ представь в виде несокращаемой простой дроби",Вероятность выпадения гербов,Найти вероятность выпадения 6 гербов при 10 бросках монеты.,Теор. вер. и статистика,легкий
"Два стрелка стреляют по очереди до первого попадания по мишени. Для Ивана вероятность попадания при одном выстреле равна 0,2, для Петра – 0,3. Найти вероятность того, что Иван сделает больше выстрелов, чем Петр (первый выстрел разыгрывается по жребию). Ответ сократи (используя правила математического округления) до двух знаков после точки",Вероятность большего числа выстрелов,"Найти вероятность того, что Иван сделает больше выстрелов, чем Петр, при стрельбе по очереди до первого попадания.",Теор. вер. и статистика,средний
Найти длину дуги следующей кривой: $ y = x^{3/2}~ (0 \leq x \leq 4).$ Ответ сократи (используя правила математического округления) до трех знаков после точки,Длина дуги кривой y = x^(3/2),Найти длину дуги кривой $ y = x^{3/2}~ (0 \leq x \leq 4).$,Мат. анализ,средний
"Прибор содержит генератор и осциллограф. За время работы генератор может выйти из строя с вероятностью 30$\%$, а осциллограф – с вероятностью 20$\%$. Отказы осциллографа и генератора не связаны друг с другом. Найти вероятность, что прибор будет работать исправно. Ответ сократи (используя правила математического округления) до двух знаков после точки",Вероятность исправной работы прибора,"Найти вероятность исправной работы прибора, состоящего из двух независимых элементов с известными вероятностями отказа.",Теор. вер. и статистика,легкий
Найти $ \displaystyle \lim_{x \rightarrow 2} (x^2+4x-5)/(x^2-1).$ Ответ представь в виде несокращаемой простой дроби,Вычисление предела рациональной функции,"Найти предел рациональной функции при x, стремящемся к 2.",Мат. анализ,легкий
"Мимо пункта наблюдения пробегают ежи. Наблюдатель обнаруживает пробегающего ежа с вероятностью 0,1. Сколько ежей должно пробежать, чтобы с вероятностью 0,99 наблюдатель зафиксировал бы не менее 5 ежей?",Вероятность обнаружения ежей,"Сколько ежей должно пробежать, чтобы с вероятностью 0,99 наблюдатель зафиксировал бы не менее 5 ежей, если вероятность обнаружения одного ежа 0,1?",Теор. вер. и статистика,средний
"Вычисли $ \displaystyle \int_{0}^{2} (x - 1)^{25} \, dx.$ Ответ сократи (используя правила математического округления) до трех знаков после точки",Вычисление определенного интеграла,Вычислить определенный интеграл от степенной функции.,Мат. анализ,легкий
Найти $ \displaystyle \lim_{n \rightarrow \infty} (1+1/n^2)^n.$Ответ сократи (используя правила математического округления) до трех знаков после точки,Предел последовательности,Найти предел последовательности $(1+1/n^2)^n$ при $n \rightarrow \infty$.,Мат. анализ,легкий
"На карточках написаны числа 201, 202, …, 220. Наудачу извлекают 2 из них. Определить вероятность, что это будут карточки с числами 207 и 213. Ответ представь в виде несокращаемой простой дроби",Вероятность выбора двух конкретных карточек,Найти вероятность выбора двух конкретных чисел из заданного диапазона,Теор. вер. и статистика,легкий
"Длины базисных векторов $ \textbf{e}_1, ~ \textbf{e}_2, ~ \textbf{e}_3 $ равны соответственно 1,1,2; углы между ними равны $ \angle(\textbf{e}_1, \textbf{e}_2) = 90^{\circ},~ \angle(\textbf{e}_1, \textbf{e}_3) = \angle(\textbf{e}_2, \textbf{e}_3) = 60^{\circ}. $ Вычислить площадь параллелограмма, построенного на векторах $ \textbf{a}(-1,0,2) $ и $ \textbf{b}(2,-1,1).$ Ответ сократи (используя правила математического округления) до трех знаков после точки",Площадь параллелограмма в неортонормированном базисе,"Вычислить площадь параллелограмма, построенного на векторах в заданном базисе.",Линал и геометрия,сложный
Найти $ \displaystyle \lim_{x \rightarrow -1} (2x^2-3x-5)/(x+1).$Ответ сократи (используя правила математического округления) до трех знаков после точки,Вычисление предела функции,Найти предел функции при x стремящемся к -1.,Мат. анализ,легкий
Найти $ \displaystyle \lim_{x \rightarrow 0} (e^{x^2+1}-e)/\ln(\cos 2x).$ Ответ сократи (используя правила математического округления) до трех знаков после точки,Предел функции с неопределенностью 0/0,Найти предел функции при x стремящемся к 0,Мат. анализ,средний
"Минутная стрелка часов двигается скачкообразно в конце каждой минуты. Найти вероятность, что в данное мгновение часы покажут время, отличающееся от истинного не более, чем на 20 секунд. Ответ представь в виде несокращаемой простой дроби",Вероятность расхождения времени на часах,"Найти вероятность, что скачкообразно движущаяся минутная стрелка покажет время, отличающееся от истинного не более, чем на 20 секунд.",Теор. вер. и статистика,легкий
"Два стрелка независимо друг от друга стреляют по одной мишени, делая по одному выстрелу. Вероятность попадания в мишень для первого стрелка 70$\%$, а для второго 50$\%$. Найти вероятность, что оба стрелка попадут в мишень. Ответ сократи (используя правила математического округления) до двух знаков после точки",Вероятность одновременного попадания двух стрелков,"Найти вероятность того, что оба стрелка попадут в мишень, зная индивидуальные вероятности попадания.",Теор. вер. и статистика,легкий
Найти $ \displaystyle \lim_{x \rightarrow 0} ((\sqrt{(2+x)/(2-7x)}-1)/x.$Ответ сократи (используя правила математического округления) до трех знаков после точки,Предел с корнем,Найти предел функции при x стремящемся к 0.,Мат. анализ,средний
Найти $ \displaystyle \lim_{n \rightarrow \infty} (2n-5)^5.$ Ответ верни в формате LaTeX,Предел степенной функции,Найти предел функции при n стремящемся к бесконечности,Мат. анализ,легкий
Вычислить произведение матриц $ \begin{pmatrix} 1 & 1 \\ 0 & 1 \end{pmatrix}^{-1} \cdot \begin{pmatrix} 2& 5 \\ 1 & 3 \end{pmatrix}.$ \\Ответ в формате $ a_{11}; a_{12}; \dots; a_{1n}; a_{21}; a_{22}; \dots; a_{mn}.$,Произведение матриц с обратной матрицей,"Вычислить произведение двух матриц, одна из которых является обратной.",Линал и геометрия,легкий
Найти $ \displaystyle \lim_{x \rightarrow 0} (x\sin(2x))/\ln(\cos 5x).$ Ответ представь в виде несокращаемой простой дроби,Предел с тригонометрическими и логарифмическими функциями,"Найти предел отношения произведения x на sin(2x) к натуральному логарифму cos(5x) при x, стремящемся к 0.",Мат. анализ,средний
Найти $ \displaystyle \lim_{x \rightarrow +\infty} (7x^3+15x^2+9x+1)/(5x^4+6x^2-3x-4).$Ответ сократи (используя правила математического округления) до трех знаков после точки,Предел отношения многочленов,Найти предел отношения многочленов при x стремящемся к бесконечности.,Мат. анализ,легкий
"Устройство состоит и 5 элементов, 2 из которых изношены. При включении устройства случайным образом включаются 2 элемента. Определить вероятность, что включенными окажутся неизношенные элементы. Ответ сократи (используя правила математического округления) до одного знака после точки",Вероятность выбора неизношенных элементов,"Найти вероятность выбора двух неизношенных элементов из пяти, если два из них изношены.",Теор. вер. и статистика,легкий
"В урне находится 15 белых, 5 красных и 10 черных шаров. Наугад извлекается 1 шар, найти вероятность того, что он будет красным? Ответ представь в виде несокращаемой простой дроби",Вероятность извлечения красного шара,Найти вероятность извлечения красного шара из урны с шарами разного цвета.,Теор. вер. и статистика,легкий
"Точка $ A $ лежит на прямой $ 2x-3y+4=0. $ Расстояние от точки $ A $ до прямой $ 3y =4x $ равно 2. Найти координаты точки $ A. $ В ответе указать координаты $ (x_0 | y_0), $ полученной точки.","Координаты точки, лежащей на прямой и удаленной от другой прямой на заданное расстояние","Найти координаты точки A, лежащей на прямой 2x-3y+4=0, если расстояние от A до прямой 3y=4x равно 2.",Линал и геометрия,средний
"В урне находится 15 белых, 5 красных и 10 черных шаров. Наугад извлекается 1 шар, найти вероятность того, что он будет белым? Ответ представь в виде несокращаемой простой дроби",Вероятность извлечения белого шара,Найти вероятность извлечения белого шара из урны с шарами разных цветов.,Теор. вер. и статистика,легкий
Найти $ \displaystyle \lim_{x \rightarrow 0} \ln(\cos x)/\sin^2(2x).$ Ответ представь в виде несокращаемой простой дроби,Предел отношения логарифма косинуса к квадрату синуса,Найти предел функции при x стремящемся к 0.,Мат. анализ,средний
"Вычисли $ \displaystyle \int_{0}^{1} 1/((x+1)(x+2)) \, dx.$ Ответ сократи (используя правила математического округления) до трех знаков после точки",Вычисление определенного интеграла,Вычислить определенный интеграл от рациональной функции.,Мат. анализ,легкий
Вычислить определитель матрицы $ \begin{pmatrix} 1 + i\sqrt{2} & i-\sqrt{2} & 1 \\ 1 + i\sqrt{3} & i - \sqrt{3} & 1 \\ 1 + 2i & i - 2& 1 \end{pmatrix}$,Вычисление определителя матрицы 3x3,Вычислить определитель матрицы с комплексными числами.,Линал и геометрия,средний
"Набирая номер телефона, абонент забыл две последние цифры, но помнит, что одна из них – ноль, а другая – нечетная. Найти вероятность того, что он наберет правильный номер. Ответ сократи (используя правила математического округления) до трех знаков после точки",Вероятность набора номера с забытыми цифрами,"Найти вероятность набрать правильный номер телефона, если две последние цифры забыты, но известно, что одна из них ноль, а другая нечетная.",Теор. вер. и статистика,легкий
"За круглый стол в случайном порядке садятся 4 мальчика и 4 девочки. Какова вероятность того, что все мальчики будут сидеть рядом друг с другом? Ответ представь в виде несокращаемой простой дроби","Вероятность того, что мальчики сидят рядом за круглым столом","Найти вероятность того, что 4 мальчика сидят рядом за круглым столом, если всего 4 мальчика и 4 девочки.",Теор. вер. и статистика,средний
Найти мнимую часть $ z = (2-i)^3(2+11i).$ Ответ сократи (используя правила математического округления) до трех знаков после точки,Вычисление мнимой части комплексного числа,Найти мнимую часть комплексного числа z = (2-i)^3(2+11i).,Мат. анализ,легкий
"Четыре мальчика и четыре девочки садятся на 8 расположенных подряд стульях, причем мальчики садятся на места с четными номерами, а девочки - на места с нечетными номерами. Сколькими способами это можно сделать?",Расстановка мальчиков и девочек на стульях,"Сколькими способами можно рассадить 4 мальчиков и 4 девочек на 8 стульях так, чтобы мальчики сидели на четных местах, а девочки - на нечетных?",Дискретная математика,легкий
"В урне имеется 20 белых шаров и 5 черных. Наудачу последовательно, без возвращения извлекают по одному шару до появления белого. Найти вероятность, что придется производить третье извлечение. Ответ представь в виде несокращаемой простой дроби",Вероятность третьего извлечения до появления белого шара,"Найти вероятность, что третий шар окажется первым белым, при последовательном извлечении без возвращения.",Теор. вер. и статистика,средний
"Вычисли $ \displaystyle \int_{1}^{2}x \sqrt{x - 1} \, dx. $ Ответ представь в виде несокращаемой простой дроби",Вычисление определенного интеграла,"Вычислить определенный интеграл от функции $x \sqrt{x-1}$ на отрезке [1, 2].",Мат. анализ,легкий
"Найти матрицу, эрмитово сопряженную данной: $ \begin{pmatrix} i & 1 \\ -1 & i \end{pmatrix}$ \\Ответ в формате $ a_{11}; a_{12}; \dots; a_{1n}; a_{21}; a_{22}; \dots; a_{mn}.$",Эрмитово сопряженная матрица,Найти эрмитово сопряженную матрицу для заданной комплексной матрицы.,Линал и геометрия,легкий
"Вычисли $ \displaystyle \int_{0}^{\pi} \sin x \, dx.$ Ответ сократи (используя правила математического округления) до трех знаков после точки",Вычисление определенного интеграла синуса,Вычислить определенный интеграл функции синус от 0 до пи.,Мат. анализ,легкий
Найти $ \displaystyle \lim_{x \rightarrow \infty} (1+14x)/(2x+\sqrt[3]{x^2}).$Ответ сократи (используя правила математического округления) до трех знаков после точки,Предел отношения функций,"Найти предел отношения двух функций при x, стремящемся к бесконечности.",Мат. анализ,легкий
"В урне имеется 3 белых и 4 черных шара. Из урны вытягиваются 3 шара. Найти вероятность, что хотя бы один из них окажется белым. Ответ представь в виде несокращаемой простой дроби",Вероятность вытягивания белого шара,"Найти вероятность, что хотя бы один из 3 вытянутых шаров будет белым, если в урне 3 белых и 4 черных шара.",Теор. вер. и статистика,легкий
Найти $ \displaystyle \lim_{x \rightarrow 1} (x^2-4)/(x^2-x-2).$ Ответ представь в виде несокращаемой простой дроби,Вычисление предела рациональной функции,"Найти предел рациональной функции при x, стремящемся к 1.",Мат. анализ,легкий
Найти $ \displaystyle \lim_{x \rightarrow 1} (x^4-x^3+x^2-3x+2)/(x^3-x^2-x+1).$Ответ сократи (используя правила математического округления) до трех знаков после точки,Вычисление предела рациональной функции,"Найти предел рациональной функции при x, стремящемся к 1.",Мат. анализ,легкий
"Найти расстояние от точки $ A(1, -2) $ до прямой, заданной уравнением $ x=7.$",Расстояние от точки до прямой,Найти расстояние от точки до вертикальной прямой,Линал и геометрия,легкий
"Числа 1, 2, 3, 4, 5 написаны на пяти карточках. Наугад последовательно выбираются три карточки, и вытянутые таким образом цифры ставятся слева направо. Найти вероятность того, что полученное при этом трехзначное число будет четным. Ответ сократи (используя правила математического округления) до трех знаков после точки",Вероятность четного трехзначного числа из карточек,"Найти вероятность того, что трехзначное число, составленное из трех случайно выбранных карточек с цифрами от 1 до 5, будет четным.",Теор. вер. и статистика,легкий
"Десять студентов условились ехать определенным электропоездом, но не договорились о вагоне. Какова вероятность того, что ни один из них не встретится с другим, если в составе электропоезда 10 вагонов. Предполагается, что все возможные распределения студентов по вагонам равновероятны. Ответ сократи (используя правила математического округления) до пяти знаков после точки",Распределение студентов по вагонам,"Вероятность того, что 10 студентов, едущих в 10 вагонах, не встретятся друг с другом.",Теор. вер. и статистика,средний
Найти $ \displaystyle \lim_{n \rightarrow \infty} \sqrt[n]{n^3-3n+1}.$Ответ сократи (используя правила математического округления) до трех знаков после точки,Предел корня n-ой степени,Найти предел $\sqrt[n]{n^3-3n+1}$ при $n \rightarrow \infty$.,Мат. анализ,легкий
Найти $ \displaystyle \lim_{n \rightarrow \infty} (1+1/n)^{\sqrt{n}}.$Ответ сократи (используя правила математического округления) до трех знаков после точки,Предел последовательности (1+1/n)^sqrt(n),Найти предел последовательности при n стремящемся к бесконечности,Мат. анализ,средний
"Два датчика посылают сигнал в общий канал связи, причем первый из них посылает вдвое больше сигналов, чем второй. Вероятность получить искаженный сигнал от первого датчика равна 0,06, от второго – 0,03. Какова вероятность получить неискаженный сигнал в общем канале связи? Ответ сократи (используя правила математического округления) до двух знаков после точки",Вероятность неискаженного сигнала,Найти вероятность получения неискаженного сигнала от двух датчиков с разными интенсивностями и вероятностями искажения.,Теор. вер. и статистика,средний
"На семиместную скамейку случайным образом рассаживается 7 чело- век. Какова вероятность того, что два определенных человека окажутся рядом? Ответ представь в виде несокращаемой простой дроби",Вероятность двух человек оказаться рядом,"Найти вероятность того, что два определенных человека окажутся рядом на семиместной скамейке.",Теор. вер. и статистика,легкий
"Найти площадь фигуры, ограниченной кривыми, заданными в прямоугольных координатах (все параметры считать положительными): $ y = x^2,~ x+y=2.$ Ответ представь в виде несокращаемой простой дроби","Площадь, ограниченная параболой и прямой","Найти площадь фигуры, ограниченной кривыми y = x^2 и x+y=2.",Мат. анализ,средний
Найти $ \displaystyle \lim_{x \rightarrow 7} (2x^2-11x-21)/(x^2-9x+14).$ Ответ представь в виде несокращаемой простой дроби,Вычисление предела рациональной функции,"Найти предел рациональной функции при x, стремящемся к 7.",Мат. анализ,легкий
"Новому работнику предоставляются три попытки проявить свои способности. Вероятность того, что ему удастся это с первой попытки, равна 0,2, со второй – 0,3, с третьей – 0,4. Исходы попыток представляют независимые события. Найти вероятность того, что работник оправдает оказанное ему доверие. Ответ сократи (используя правила математического округления) до трех знаков после точки",Вероятность успеха работника,"Найти вероятность того, что работник проявит себя хотя бы с одной из трех попыток, зная вероятности успеха для каждой попытки.",Теор. вер. и статистика,легкий
Найти $ \displaystyle \lim_{x \rightarrow 0} \operatorname{tg}4x/\sin x.$Ответ сократи (используя правила математического округления) до трех знаков после точки,Предел отношения тангенса и синуса,Найти предел отношения tg(4x) к sin(x) при x стремящемся к 0.,Мат. анализ,легкий
"Найти скалярное произведение векторов \textbf{a} и \textbf{b}, если: $ |\textbf{a}| =3,~ |\textbf{b}| = 1, \angle(\textbf{a},\textbf{b}) = 45^{\circ}.$ Ответ сократи (используя правила математического округления) до трех знаков после точки",Скалярное произведение векторов,"Найти скалярное произведение двух векторов, зная их длины и угол между ними.",Линал и геометрия,легкий
"В урне имеется 20 белых шаров и 5 черных. Наудачу последователь- но, без возвращения извлекают по одному шару до появления белого. Найти вероятность, что придется производить третье извлечение. Ответ сократи (используя правила математического округления) до двух знаков после точки",Вероятность третьего извлечения до появления белого шара,"Найти вероятность, что первый белый шар появится при третьем извлечении из урны без возвращения.",Теор. вер. и статистика,средний
Найти $ \displaystyle \lim_{x \rightarrow \infty} (x+1)^2(3-7x)^2/(2x-1)^4.$ Ответ представь в виде несокращаемой простой дроби,Предел рациональной функции,Найти предел рациональной функции при x стремящемся к бесконечности.,Мат. анализ,легкий
"Найти объем параллелепипеда, построенного на заданных векторах. Координатные столбцы векторов в ортонормированном базисе составляют матрицу: $ \begin{pmatrix} 1 & 1 & 1 \\ 1 & 1 & 1 \\ -1 & 1 & 1\\ 0 & -1 & 1 \end{pmatrix}.$ Ответ сократи (используя правила математического округления) до трех знаков после точки","Объем параллелепипеда, заданного матрицей","Найти объем параллелепипеда, построенного на векторах, заданных матрицей.",Линал и геометрия,средний
Найти $ \displaystyle \lim_{n \rightarrow \infty} (n+1)/(\sqrt{n^2+2n}).$Ответ сократи (используя правила математического округления) до трех знаков после точки,Предел отношения многочленов,Найти предел отношения двух функций при n стремящемся к бесконечности.,Мат. анализ,легкий
"Длины базисных векторов $ \textbf{e}_1, ~ \textbf{e}_2, ~ \textbf{e}_3 $ в пространстве равны соответственно 1,1, $\sqrt{2}$, а углы между ними равны $ \angle(\textbf{e}_1, \textbf{e}_2) = 120^{\circ},~ \angle(\textbf{e}_1, \textbf{e}_3) = 45^{\circ},~\angle(\textbf{e}_2, \textbf{e}_3) = 135^{\circ}. $ Вычислить объем параллелепипеда, построенного на векторах, имеющих в этом базисе координаты $(-1,0,2),~ (1,1,3),~(2,-1,1).$ Ответ сократи (используя правила математического округления) до трех знаков после точки",Объем параллелепипеда в неортогональном базисе,"Вычислить объем параллелепипеда, построенного на векторах, заданных в неортогональном базисе, зная длины базисных векторов и углы между ними.",Линал и геометрия,сложный
Найти $ \displaystyle \lim_{x \rightarrow 0} (\operatorname{tg}x - x)/(\sin x-x).$ Ответ сократи (используя правила математического округления) до трех знаков после точки,Предел отношения тангенса и синуса,"Найти предел отношения (tg x - x) / (sin x - x) при x, стремящемся к 0.",Мат. анализ,средний
В арифметическом пространстве со стандартным скалярным произведением найти скалярное произведение $ \begin{pmatrix} 1 & 1 & 1&1 \end{pmatrix}^{T} $ и $ \begin{pmatrix} 1 & 2 & 5 & 8 \end{pmatrix}^{T}.$,Скалярное произведение векторов,Найти скалярное произведение двух векторов в арифметическом пространстве.,Линал и геометрия,легкий
"Каждый из трех котов спит в одной из трех коробок. Найти вероятность того, что все коты будут спать в одной коробке, если они выбирают каждую коробку равновероятно и независимо друг от друга. Ответ сократи (используя правила математического округления) до трех знаков после точки",Коты и коробки,"Вероятность того, что три кота спят в одной коробке из трех",Теор. вер. и статистика,легкий
"На шахматную доску наугад ставятся два короля – черный и белый, в разные клетки. Какова вероятность, что при этом получится допустимая позиция? Недопустимой считается позиция, когда короли стоят в соседних (в том числе и по диагонали) клетках. Ответ представь в виде несокращаемой простой дроби",Вероятность допустимой расстановки королей,Найти вероятность допустимой расстановки двух королей на шахматной доске.,Теор. вер. и статистика,средний
"Вероятности правильного определения химического состава продукта для каждого из 3 контролеров равны 4/5, 3/4, 2/3. При одновременном контроле 3 проб тремя контролерами химический состав оказался правильно определенным для 2 проб (что подтвердилось на окончательной проверке в лаборатории). Найти вероятность того, что ошибся третий контролер. Ответ сократи (используя правила математического округления) до двух знаков после точки",Вероятность ошибки третьего контролера,"Найти вероятность того, что ошибся третий контролер, если из 3 проб 2 определены правильно.",Теор. вер. и статистика,средний
Найти $ \displaystyle \lim_{x \rightarrow +\infty} x^{7/4}(\sqrt[4]{x+1}+\sqrt[4]{x-1}-2\sqrt[4]{x}).$ Ответ представь в виде несокращаемой простой дроби,Предел с корнями,Найти предел функции при x стремящемся к бесконечности с использованием корней.,Мат. анализ,средний
"Рассмотрим область $A$, ограниченную на отрезке $x \in [0; 1]$ кривыми \begin{align*} y = \sqrt{x}, \ \ y = x. \end{align*} Найди объем тела, полученного вращением области $A$ вокруг оси $OX$. Ответ сократи (используя правила математического округления) до трех знаков после точки",Объем тела вращения между двумя кривыми,"Найти объем тела, полученного вращением области, ограниченной y = √x и y = x, вокруг оси OX.",Мат. анализ,средний
Найти $ \displaystyle \lim_{x \rightarrow 2} (8-2x^2)/(x^2+4x-12).$Ответ сократи (используя правила математического округления) до трех знаков после точки,Вычисление предела функции,"Вычислить предел рациональной функции при x, стремящемся к 2.",Мат. анализ,легкий
Найти $ \displaystyle \lim_{x \rightarrow 0} (\ln(1+\sin(2x))/\sin(3x).$. Ответ представь в виде несокращаемой простой дроби,Предел отношения логарифма и синуса,Найти предел отношения $\ln(1+\sin(2x))$ к $\sin(3x)$ при $x \rightarrow 0$.,Мат. анализ,легкий
Найти расстояние между параллельными плоскостями $ 3x+ 4z +1=0 $ и $ 6x+8z - 1=0.$ Ответ представь в виде несокращаемой простой дроби,Расстояние между параллельными плоскостями,Найти расстояние между параллельными плоскостями $ 3x+ 4z +1=0 $ и $ 6x+8z - 1=0.$,Линал и геометрия,легкий
"Найти объем тела, ограниченного поверхностями, полученными при вращении отрезков следующих линий: $ y =e^{-x},~y=0~ (0\leq x < +\infty) $ вокруг оси $ Ox.$ Ответ сократи (используя правила математического округления) до трех знаков после точки",Объем тела вращения экспоненциальной функции,"Найти объем тела, образованного вращением функции y = e^(-x) вокруг оси Ox на интервале [0, +бесконечность).",Мат. анализ,средний
"Найти площадь фигуры, ограниченной кривыми, заданными в прямоугольных координатах (все параметры считать положительными): $ y = 2^x,~ y=2~, x=0.$ Ответ сократи (используя правила математического округления) до трех знаков после точки","Площадь фигуры, ограниченной экспонентой, прямой и осью Y","Найти площадь фигуры, ограниченной кривыми $ y = 2^x,~ y=2~, x=0.$",Мат. анализ,легкий
"Радиосообщение может быть передано днем (с вероятностью 3/4 ),либо ночью (с вероятностью 1/ 4 ). Из-за помех вероятность его успешного приема составляет днем 60$\%$, а ночью 80$\%$. Найти вероятность, что сообщение будет принято. Ответ сократи (используя правила математического округления) до двух знаков после точки",Вероятность приема радиосообщения,"Найти вероятность успешного приема радиосообщения, учитывая время передачи и вероятность помех.",Теор. вер. и статистика,легкий
"Три гимнаста стоят друг на друге. Вероятность падения нижнего составляет 0,08, второго – 0,5, третьего – 0,31. Найти вероятность того, что трюк не удастся. Ответ сократи (используя правила математического округления) до четырех знаков после точки",Вероятность падения гимнастов,"Три гимнаста стоят друг на друге. Вероятности падения нижнего, второго и третьего известны. Найти вероятность того, что трюк не удастся.",Теор. вер. и статистика,легкий
"Найти объем тела, ограниченного поверхностями, полученными при вращении отрезков следующих линий: $ y =\sin x,~y=0~ (0\leq x \leq \pi) $ вокруг оси $ Ox.$ Ответ сократи (используя правила математического округления) до трех знаков после точки",Объем тела вращения синусоиды,"Найти объем тела, образованного вращением графика функции y = sin(x) на отрезке [0, π] вокруг оси Ox.",Мат. анализ,легкий
Найти $ \displaystyle \lim_{x \rightarrow 0} (\sqrt{1+x+x^2}-1)/(3x).$ Ответ представь в виде несокращаемой простой дроби,Предел функции с корнем,Найти предел функции при x стремящемся к 0.,Мат. анализ,легкий
Найти $ \displaystyle \lim_{x \rightarrow 1} (x^3-1)/\ln x.$Ответ сократи (используя правила математического округления) до трех знаков после точки,Вычисление предела функции,Найти предел функции при x стремящемся к 1,Мат. анализ,легкий
"Вычисли $ \displaystyle \int_{-3}^{1} 2x^2+3x-1 \, dx.$ Ответ представь в виде несокращаемой простой дроби",Вычисление определённого интеграла,Вычислить определённый интеграл от многочлена.,Мат. анализ,легкий
"В двух коробках находятся однотипные диоды. В первой – 20 шт., из них 2 неисправных; во второй – 10 шт., из них 4 неисправных. Наугад была выбрана коробка, а затем из нее наугад был выбран диод. Он оказался неисправным. Найти вероятность того, что он был взят из второй коробки. Ответ сократи (используя правила математического округления) до одного знака после точки",Вероятность выбора неисправного диода из второй коробки,"Найти вероятность того, что неисправный диод был взят из второй коробки, если он оказался неисправным.",Теор. вер. и статистика,средний
Вычислить собственные значения матрицы $ \begin{pmatrix} 1 & 0 & 3 \\ 2 & 1 & 2\\ 3 & 0 & 1 \end{pmatrix}.$,Собственные значения матрицы 3x3,Найти собственные значения матрицы.,Линал и геометрия,средний
Найти $ \displaystyle \lim_{n \rightarrow \infty} (\sqrt[3]{n^2+n})/(n+2)$Ответ сократи (используя правила математического округления) до трех знаков после точки,Предел отношения корня и многочлена,Найти предел отношения кубического корня из многочлена второй степени к многочлену первой степени при n стремящемся к бесконечности.,Мат. анализ,легкий
"Вычисли $ \displaystyle \int_{0}^{1} x^{2}(1 + 2x^{3})^{5} \, dx.$ Ответ представь в виде несокращаемой простой дроби",Вычисление определённого интеграла,Вычислить определённый интеграл с заменой переменной.,Мат. анализ,легкий
"На базе находятся лампы, изготовленные на двух заводах. Из них 70$\%$ изготовлено на первом заводе, а 30$\%$ – на втором. Известно, что 90$\%$ ламп, изготовленных на первом заводе, соответствуют стандарту, а среди ламп, изготовленных на втором заводе, соответствуют стандарту лишь 80$\%$. Найти вероятность, что взятая наугад лампа с базы будет соответствовать стандарту. Ответ сократи (используя правила математического округления) до двух знаков после точки",Вероятность соответствия стандарту,"Найти вероятность, что случайно выбранная лампа соответствует стандарту, зная доли производства на двух заводах и процент соответствия стандарту на каждом заводе.",Теор. вер. и статистика,легкий
В арифметическом пространстве со стандартным скалярным произведением найти скалярное произведение $ \begin{pmatrix} 1 & 2 & 1&4 \end{pmatrix}^{T} $ и $ \begin{pmatrix} 1 & -1 & 1 & 0 \end{pmatrix}^{T}.$,Скалярное произведение векторов,Найти скалярное произведение двух векторов в арифметическом пространстве.,Линал и геометрия,легкий
"Для сигнализации об аварии установлены два независимо работающих сигнализатора. Вероятность того, что при аварии сигнализатор сработает, равна 0,95 для первого сигнализатора и 0,9 для второго. Найти вероятность то- го, что при аварии сработает только один сигнализатор. Ответ сократи (используя правила математического округления) до двух знаков после точки",Вероятность срабатывания одного сигнализатора,"Найти вероятность того, что при аварии сработает только один из двух независимых сигнализаторов.",Теор. вер. и статистика,легкий
"Для каждого из трех друзей вероятности провала экзамена равны соответственно 0,01; 0,03; 0,1. Найти вероятность того, что только двое из них сдадут экзамен. Ответ сократи (используя правила математического округления) до трех знаков после точки",Вероятность сдачи экзамена двумя из трех друзей,"Даны вероятности провала экзамена для трех друзей. Найти вероятность того, что только двое из них сдадут экзамен.",Теор. вер. и статистика,легкий
"Вычисли $ \displaystyle \int_{0}^{1} x(5-x) \, dx.$ Ответ представь в виде несокращаемой простой дроби",Вычисление определённого интеграла,Вычислить определённый интеграл от многочлена.,Мат. анализ,легкий
Найти $ \displaystyle \lim_{x \rightarrow 0} ((1+x)^x-1)/x^2.$ Ответ сократи (используя правила математического округления) до трех знаков после точки,Предел с неопределенностью,Найти предел функции при x стремящемся к 0,Мат. анализ,средний
"Найти расстояние от точки $ A(1, -2) $ до прямой, заданной уравнением $ 2x-3y+5=0.$ Ответ сократи (используя правила математического округления) до трех знаков после точки",Расстояние от точки до прямой,Найти расстояние от точки до прямой.,Линал и геометрия,легкий
Найти $ \displaystyle \lim_{x \rightarrow 0} (\ln(1+x)-x)/x^2.$ Ответ представь в виде несокращаемой простой дроби,Предел с логарифмом,Найти предел функции при x стремящемся к 0.,Мат. анализ,средний
"Среднее время работы каждого из 3 независимых элементов, входящих в техническое устройство равно 750ч. Для безотказной работы устройства необходима безотказная работа хотя бы одного из трех этих элементов. Определить вероятность того, что устройство будет работать от 450 до 600ч, если время работы каждого из трех элементов независимо и распределено по показа- тельному закону. Ответ сократи (используя правила математического округления) до трех знаков после точки",Вероятность работы устройства с резервированием,"Найти вероятность работы устройства с тремя резервированными элементами в заданном интервале времени, если время работы каждого элемента распределено по показательному закону.",Теор. вер. и статистика,средний
"Вычисли $ \displaystyle \int_{1}^{5} 7/x \, dx.$ Ответ сократи (используя правила математического округления) до трех знаков после точки",Вычисление определенного интеграла,Вычислить определенный интеграл функции 7/x от 1 до 5.,Мат. анализ,легкий
Найти $ \displaystyle \lim_{x \rightarrow 0} (\sqrt{1+2\operatorname{tg}x} -e^x +x^2)/(\operatorname{arcsin}x -\sin x).$Ответ сократи (используя правила математического округления) до трех знаков после точки,Предел с тригонометрическими и экспоненциальными функциями,"Найти предел отношения функций при x, стремящемся к 0.",Мат. анализ,сложный
"Найти объем тела, ограниченного поверхностями, полученными при вращении отрезков следующих линий: $ y =2x-x^2,~y=0 $ вокруг оси $ Oy.$ Ответ сократи (используя правила математического округления) до трех знаков после точки",Объем тела вращения вокруг оси Oy,"Найти объем тела, образованного вращением области, ограниченной параболой и осью Ox, вокруг оси Oy.",Мат. анализ,средний
Найти $ \displaystyle \lim_{n \rightarrow \infty} \sqrt[n]{(2n^3+1)/(3n^3-2)}.$Ответ сократи (используя правила математического округления) до трех знаков после точки,Предел корня n-й степени,Найти предел последовательности $\sqrt[n]{(2n^3+1)/(3n^3-2)}$ при $n \rightarrow \infty$.,Мат. анализ,легкий
"Вычисли $ \displaystyle \int_{0}^{2} (x - 1)^{25} \, dx.$ Ответ сократи (используя правила математического округления) до трех знаков после точки",Вычисление определенного интеграла,Вычислить определенный интеграл от степенной функции.,Мат. анализ,легкий
"В партии лампочек в среднем 4 брака. Найти вероятность, что среди наугад выбранных двух лампочек окажется хотя бы одна неисправная. Ответ сократи (используя правила математического округления) до четырех знаков после точки",Вероятность брака лампочек,"Найти вероятность, что среди двух выбранных лампочек хотя бы одна бракованная, если в среднем 4 брака.",Теор. вер. и статистика,средний
Бросаются две монеты. Случайная величина $ Х $ – число выпавших гербов. Найти математическое ожидание $ M[X].$ Ответ сократи (используя правила математического округления) до трех знаков после точки,Математическое ожидание числа гербов при бросании двух монет,Найти математическое ожидание числа выпавших гербов при бросании двух монет.,Теор. вер. и статистика,легкий
Вычислить собственные значения матрицы $ \begin{pmatrix} -4 & 0 \\ 1 & 4 \end{pmatrix}.$,Собственные значения матрицы 2x2,Вычислить собственные значения матрицы.,Линал и геометрия,легкий
Найти $ \displaystyle \lim_{x \rightarrow 1} (x^2+4x-5)/(x^2-1).$Ответ сократи (используя правила математического округления) до трех знаков после точки,Вычисление предела функции,Найти предел функции при x стремящемся к 1.,Мат. анализ,легкий
"Два друга договорились о встрече между 16 и 17 часами дня. При- шедший первым ждет второго в течение 20 мин, а после уходит. Определить вероятность, что друзья встретятся. Ответ сократи (используя правила математического округления) до двух знаков после точки",Вероятность встречи двух друзей,"Два друга договорились о встрече между 16 и 17 часами. Пришедший первым ждет второго 20 минут. Какова вероятность, что они встретятся?",Теор. вер. и статистика,средний
"Устройство состоит из 1000 элементов, работающих независимо один от другого. Вероятность отказа любого элемента в течение времени T равна 0,002. Найти вероятность того, что за время T откажут ровно 3 элемента. Ответ сократи (используя правила математического округления) до двух знаков после точки",Вероятность отказа элементов,"Найти вероятность отказа ровно 3 из 1000 элементов, если вероятность отказа каждого элемента 0,002.",Теор. вер. и статистика,легкий
Решить уравнение в комплексной плоскости: $ z^2 + 2|z| = 1. Ответ сократи (используя правила математического округления) до трех знаков после точки$,Решение квадратного уравнения с модулем в комплексной плоскости,Решить уравнение $ z^2 + 2|z| = 1 $ в комплексной плоскости.,Мат. анализ,средний
Найти $ \displaystyle \lim_{x \rightarrow 0} (\operatorname{tg}x-\sin x)/x^3.$ Ответ представь в виде несокращаемой простой дроби,Предел отношения тангенса и синуса к кубу икс,Найти предел функции при x стремящемся к нулю: (tg(x) - sin(x)) / x^3.,Мат. анализ,средний
"Четыре шарика разбрасывают по 4 лункам. Шарик попадает в ту или иную лунку с одинаковой вероятностью, независимо друг от друга. Определить вероятность, что в каждой лунке окажется по одному шарику. Ответ представь в виде несокращаемой простой дроби",Вероятность равномерного распределения шариков по лункам,"Найти вероятность того, что при случайном распределении 4 шариков по 4 лункам, в каждой лунке окажется по одному шарику.",Теор. вер. и статистика,средний
Вычислить собственные значения матрицы $ \begin{pmatrix} 25 & 60 \\ 60 & 144 \end{pmatrix}.$,Собственные значения матрицы 2x2,Найти собственные значения матрицы $ \begin{pmatrix} 25 & 60 \\ 60 & 144 \end{pmatrix}.$,Линал и геометрия,легкий
"В прямоугольник 5×4 $\text{см}^2$ вписан круг радиусом 1,5 см. Какова вероятность того, что точка, случайным образом поставленная в прямоугольник, окажется внутри круга? Ответ сократи (используя правила математического округления) до трех знаков после точки","Вероятность попадания точки в круг, вписанный в прямоугольник","Найти вероятность попадания случайной точки в круг, вписанный в прямоугольник.",Теор. вер. и статистика,легкий
"Найти векторное произведение векторов $ \textbf{a} $ и $ \textbf{b}$, заданных своими координатами: $ \textbf{a}(2,-1,1),~ \textbf{b}(-4,2,-2).$",Векторное произведение,Найти векторное произведение двух векторов по их координатам.,Линал и геометрия,легкий
"Найти расстояние между точками $ A $ и $ B$, заданными своими координатами: $ A(-1,2),~ B(5,10).$ Ответ сократи (используя правила математического округления) до трех знаков после точки",Расстояние между двумя точками,"Найти расстояние между точками A(-1,2) и B(5,10).",Линал и геометрия,легкий
"Вычислить $ f(A), $ если $ f(t)=t^2-2t+1,~ A = \begin{pmatrix} 1 & 1 \\ 1 & 1 \end{pmatrix}.$ \\Ответ в формате $ a_{11}; a_{12}; \dots; a_{1n}; a_{21}; a_{22}; \dots; a_{mn}.$",Вычисление функции от матрицы,Вычислить f(A) для заданной функции f(t) и матрицы A.,Линал и геометрия,легкий
"Найти объем тела, ограниченного поверхностями, полученными при вращении отрезков следующих линий: $ y =2x-x^2,~y=0 $ вокруг оси $ Ox.$ Ответ сократи (используя правила математического округления) до трех знаков после точки",Объем тела вращения параболы,"Найти объем тела, образованного вращением области, ограниченной параболой y = 2x - x^2 и осью Ox вокруг оси Ox.",Мат. анализ,средний
"Вычисли $ \displaystyle \int_{1}^{2} \frac{\ln x}{x^2} \, dx.$ Ответ сократи (используя правила математического округления) до трех знаков после точки",Вычисление определенного интеграла,Вычислить определенный интеграл от функции (ln x) / x^2.,Мат. анализ,средний
Найти матрицу $ X $ из уравнения $ \begin{pmatrix} 2 & 5 \\ 1 & 3 \end{pmatrix}X = \begin{pmatrix} 2 & 1 \\ 1 & 1 \end{pmatrix}.$ \\Ответ в формате $ a_{11}; a_{12}; \dots; a_{1n}; a_{21}; a_{22}; \dots; a_{mn}.$,Решение матричного уравнения AX=B,"Найти матрицу X, если AX=B, где A и B - заданные матрицы.",Линал и геометрия,легкий
Необходимо выбрать в подарок 4 из 10 имеющихся различных книг. Сколькими способами можно это сделать?,Выбор книг,Сколько способов выбрать 4 книги из 10 различных?,Дискретная математика,легкий
Найти $ \displaystyle \lim_{n \rightarrow \infty} \sqrt[n]{3^n-2^n}.$Ответ сократи (используя правила математического округления) до трех знаков после точки,Предел корня n-й степени,Найти предел $\sqrt[n]{3^n-2^n}$ при $n \rightarrow \infty$.,Мат. анализ,легкий
"Врач ставит верный диагноз с вероятностью 85$\%$. Найти вероятность того, что из 6 диагнозов верный будет поставлен большей части пациентов. Ответ сократи (используя правила математического округления) до четырех знаков после точки",Вероятность верного диагноза,"Найти вероятность того, что из 6 диагнозов верный будет поставлен большей части пациентов, если вероятность верного диагноза 85%.",Теор. вер. и статистика,средний
"Вычисли $ \displaystyle \int_{0}^{\sqrt{\pi}} x \cos(x^{2}) \, dx.$ Ответ сократи (используя правила математического округления) до трех знаков после точки",Вычисление определенного интеграла,Вычислить определенный интеграл функции x*cos(x^2) от 0 до корня из пи.,Мат. анализ,легкий
"На прямой $ 5x -y -4 = 0 $ найти точку, равноудаленную от точек $ A(1,0) $ и $ B(-2,1). $ В ответе указать координаты $ (x_0, y_0), $ полученной точки.",Поиск равноудаленной точки на прямой,"Найти точку на заданной прямой, равноудаленную от двух других заданных точек.",Линал и геометрия,средний
Найти $ \displaystyle \lim_{x \rightarrow \infty} ((3x-4/(3x+2))^{(x+1)/3} .$ Ответ сократи (используя правила математического округления) до трех знаков после точки,Вычисление предела функции,Найти предел функции при x стремящемся к бесконечности,Мат. анализ,средний
"Найти объем тела, ограниченного поверхностями, полученными при вращении отрезков следующих линий: $ y =e^{-x},~y=0~ (0\leq x < +\infty) $ вокруг оси $ Oy.$ Ответ сократи (используя правила математического округления) до трех знаков после точки",Объем тела вращения экспоненциальной функции,"Найти объем тела, образованного вращением области под графиком $y=e^{-x}$ вокруг оси $Oy$.",Мат. анализ,средний
Найти вероятность отгадать пин-код телефона с первого раза если нем используются 4 строго возрастающие цифры. Ответ сократи (используя правила математического округления) до трех знаков после точки,Вероятность угадать пин-код из строго возрастающих цифр,Найти вероятность угадать пин-код из 4 строго возрастающих цифр с первого раза.,Теор. вер. и статистика,средний
"Найти векторное произведение векторов $ \textbf{a} $ и $ \textbf{b}$, заданных своими координатами: $ \textbf{a}(3,-1,2),~ \textbf{b}(2,-3,-5).$",Векторное произведение двух векторов,"Найти векторное произведение векторов, заданных координатами",Линал и геометрия,легкий
