Раздел,№ темы,Тема,Prompt,Ответ,OK,Ошибка
Математический анализ,3,"Интегралы: неопределённый, определённый, несобственные","Сделай компактный конспект по теме «Интегралы: неопределённый, определённый, несобственные» (раздел «Математический анализ»).

Что нужно:
- краткая мотивация и точные определения;
- ключевые утверждения/теоремы с условиями применимости (без подробных доказательств);
- 2–3 типовых примера с разбором;
- 3–5 задач для самопроверки (без решений);
Формат: Markdown с заголовками H2/H3, формулы в LaTeX ($...$). Стиль нейтральный, без дидактики. 500–900 слов.","## Конспект: Интегралы

### Неопределённый интеграл

#### Мотивация и определение

**Мотивация:** Обратная задача дифференцирования. Если известна скорость изменения функции (её производная), требуется найти саму функцию. Например, по известной скорости движения $v(t)$ найти закон движения $s(t)$.

**Определение первообразной:** Функция $F(x)$ называется *первообразной* для функции $f(x)$ на интервале $(a, b)$, если для любого $x \in (a, b)$ выполняется равенство:
$$F'(x) = f(x)$$

**Определение неопределённого интеграла:** Совокупность всех первообразных для функции $f(x)$ называется *неопределённым интегралом* от $f(x)$ и обозначается символом $\int f(x) \, dx$.
Если $F(x)$ — одна из первообразных для $f(x)$, то:
$$\int f(x) \, dx = F(x) + C$$
где $C$ — произвольная постоянная (константа интегрирования).

#### Свойства

Пусть $f(x)$ и $g(x)$ — функции, имеющие первообразные, $k$ — константа.
1.  **Производная от интеграла:**
    $(\int f(x) \, dx)' = f(x)$
2.  **Интеграл от дифференциала:**
    $\int d(F(x)) = F(x) + C$
3.  **Линейность:**
    $\int (f(x) \pm g(x)) \, dx = \int f(x) \, dx \pm \int g(x) \, dx$
    $\int k \cdot f(x) \, dx = k \cdot \int f(x) \, dx$

#### Пример

**Задача:** Найти неопределённый интеграл $\int (4x^3 - 6x + \frac{1}{x}) \, dx$.

**Разбор:**
1.  Применяется свойство линейности:
    $$\int (4x^3 - 6x + \frac{1}{x}) \, dx = 4\int x^3 \, dx - 6\int x \, dx + \int \frac{1}{x} \, dx$$
2.  Используются табличные интегралы: $\int x^n \, dx = \frac{x^{n+1}}{n+1} + C$ и $\int \frac{1}{x} \, dx = \ln|x| + C$.
    $$4 \cdot \frac{x^4}{4} - 6 \cdot \frac{x^2}{2} + \ln|x| + C$$
3.  Упрощение выражения:
    $$x^4 - 3x^2 + \ln|x| + C$$

---

### Определённый интеграл

#### Мотивация и определение

**Мотивация:** Геометрически — вычисление площади фигуры, ограниченной графиком функции, осью абсцисс и двумя вертикальными прямыми (площадь криволинейной трапеции). Физически — вычисление пути, пройденного с переменной скоростью, или работы, совершаемой переменной силой.

**Определение (через интегральные суммы Римана):**
Пусть функция $f(x)$ определена на отрезке $[a, b]$. Разобьём отрезок на $n$ малых частей точками $a=x_0 < x_1 < \dots < x_n=b$. В каждом элементарном отрезке $[x_{i-1}, x_i]$ выберем произвольную точку $\xi_i$. *Интегральной суммой* называется:
$$S_n = \sum_{i=1}^{n} f(\xi_i) \Delta x_i, \quad \text{где } \Delta x_i = x_i - x_{i-1}$$
*Определённым интегралом* от функции $f(x)$ на отрезке $[a, b]$ называется предел интегральных сумм при условии, что длина максимального элементарного отрезка стремится к нулю:
$$\int_a^b f(x) \, dx = \lim_{\max \Delta x_i \to 0} \sum_{i=1}^{n} f(\xi_i) \Delta x_i$$
**Условие существования:** Если функция $f(x)$ непрерывна на $[a, b]$, то она интегрируема на этом отрезке (т.е. предел существует и конечен).

#### Ключевые теоремы

**Формула Ньютона-Лейбница (основная теорема анализа):**
Если функция $f(x)$ непрерывна на отрезке $[a, b]$ и $F(x)$ — любая её первообразная на этом отрезке, то:
$$\int_a^b f(x) \, dx = F(b) - F(a) = F(x)\Big|_a^b$$

#### Пример

**Задача:** Вычислить площадь фигуры, ограниченной линиями $y = \cos x$, $x=0$, $x=\pi/2$ и $y=0$.

**Разбор:**
1.  Требуется вычислить определённый интеграл:
    $$S = \int_0^{\pi/2} \cos x \, dx$$
2.  Находим первообразную для $f(x) = \cos x$. Это $F(x) = \sin x$.
3.  Применяем формулу Ньютона-Лейбница:
    $$\int_0^{\pi/2} \cos x \, dx = \sin x \Big|_0^{\pi/2} = \sin(\pi/2) - \sin(0)$$
4.  Вычисляем значения:
    $$1 - 0 = 1$$
    Площадь равна 1.

---

### Несобственные интегралы

#### Определение и типы

Несобственные интегралы обобщают понятие определённого интеграла на случаи бесконечных промежутков или функций с разрывами.

**Несобственный интеграл I рода (по бесконечному промежутку):**
Если функция $f(x)$ непрерывна на $[a, +\infty)$, то:
$$\int_a^{+\infty} f(x) \, dx = \lim_{B \to +\infty} \int_a^B f(x) \, dx$$
Если предел существует и конечен, интеграл *сходится*. В противном случае — *расходится*.

**Несобственный интеграл II рода (от разрывной функции):**
Если функция $f(x)$ непрерывна на полуинтервале $[a, b)$, а в точке $b$ имеет разрыв второго рода (бесконечный), то:
$$\int_a^b f(x) \, dx = \lim_{\varepsilon \to 0^+} \int_a^{b-\varepsilon} f(x) \, dx$$
Аналогично, если предел конечен, интеграл *сходится*, иначе — *расходится*.

#### Пример

**Задача:** Исследовать на сходимость несобственный интеграл $\int_1^{+\infty} \frac{dx}{x^3}$.

**Разбор:**
1.  По определению интеграла I рода:
    $$\int_1^{+\infty} \frac{dx}{x^3} = \lim_{B \to +\infty} \int_1^B x^{-3} \, dx$$
2.  Вычисляем определённый интеграл:
    $$\int_1^B x^{-3} \, dx = \frac{x^{-2}}{-2} \Big|_1^B = -\frac{1}{2x^2} \Big|_1^B = \left(-\frac{1}{2B^2}\right) - \left(-\frac{1}{2 \cdot 1^2}\right) = \frac{1}{2} - \frac{1}{2B^2}$$
3.  Находим предел:
    $$\lim_{B \to +\infty} \left(\frac{1}{2} - \frac{1}{2B^2}\right) = \frac{1}{2} - 0 = \frac{1}{2}$$
4.  Поскольку предел существует и конечен, интеграл сходится и его значение равно 0.5.

---

### Задачи для самопроверки

1.  Найти неопределённый интеграл: $\int (5^x - \frac{2}{1+x^2} + \sin(2x)) \, dx$.
2.  Вычислить определённый интеграл: $\int_1^e \frac{\ln x}{x} \, dx$.
3.  Вычислить определённый интеграл: $\int_0^1 x e^{-x} \, dx$.
4.  Исследовать на сходимость несобственный интеграл II рода: $\int_0^2 \frac{dx}{\sqrt[3]{x}}$.
5.  Исследовать на сходимость несобственный интеграл I рода: $\int_0^{+\infty} e^{-3x} \, dx$.",True,
Математический анализ,1,Пределы и непрерывность функций,"Сделай компактный конспект по теме «Пределы и непрерывность функций» (раздел «Математический анализ»).

Что нужно:
- краткая мотивация и точные определения;
- ключевые утверждения/теоремы с условиями применимости (без подробных доказательств);
- 2–3 типовых примера с разбором;
- 3–5 задач для самопроверки (без решений);
Формат: Markdown с заголовками H2/H3, формулы в LaTeX ($...$). Стиль нейтральный, без дидактики. 500–900 слов.","## Пределы и непрерывность функций

Конспект охватывает базовые понятия предела функции, связанные с ним теоремы, а также определение непрерывности и классификацию точек разрыва.

### Предел функции

#### Мотивация

Понятие предела позволяет описать поведение функции вблизи некоторой точки, даже если в самой этой точке функция не определена. Оно формализует идею о том, к какому значению ""стремится"" функция, когда её аргумент ""стремится"" к заданной точке.

#### Определения

Существует два эквивалентных определения предела функции в точке.

**Определение по Коши (на языке ε-δ)**
Число $A$ называется пределом функции $f(x)$ в точке $x_0$, если для любого сколь угодно малого положительного числа $\varepsilon > 0$ найдётся такое число $\delta > 0$, что для всех $x$, удовлетворяющих условию $0 < |x - x_0| < \delta$, выполняется неравенство $|f(x) - A| < \varepsilon$.
Запись: $\lim_{x \to x_0} f(x) = A$.

**Определение по Гейне (на языке последовательностей)**
Число $A$ называется пределом функции $f(x)$ в точке $x_0$, если для любой последовательности $\{x_n\}$ ($x_n \neq x_0$), сходящейся к $x_0$ ($\lim_{n \to \infty} x_n = x_0$), соответствующая последовательность значений функции $\{f(x_n)\}$ сходится к $A$ ($\lim_{n \to \infty} f(x_n) = A$).

**Односторонние пределы**
*   **Предел слева:** $\lim_{x \to x_0-0} f(x)$. Аргумент $x$ стремится к $x_0$, оставаясь меньше $x_0$.
*   **Предел справа:** $\lim_{x \to x_0+0} f(x)$. Аргумент $x$ стремится к $x_0$, оставаясь больше $x_0$.

Предел функции $\lim_{x \to x_0} f(x)$ существует тогда и только тогда, когда существуют и равны оба односторонних предела: $\lim_{x \to x_0-0} f(x) = \lim_{x \to x_0+0} f(x)$.

**Пределы на бесконечности**
Понятие предела также используется для описания поведения функции при $x \to \infty$ или $x \to -\infty$. Например, $\lim_{x \to \infty} f(x) = A$ означает, что значения функции можно сделать сколь угодно близкими к $A$, выбирая достаточно большие значения $x$.

### Ключевые утверждения и теоремы

**Арифметические свойства пределов**
Если существуют $\lim_{x \to x_0} f(x) = A$ и $\lim_{x \to x_0} g(x) = B$, то:
1.  $\lim_{x \to x_0} (f(x) \pm g(x)) = A \pm B$
2.  $\lim_{x \to x_0} (f(x) \cdot g(x)) = A \cdot B$
3.  $\lim_{x \to x_0} (C \cdot f(x)) = C \cdot A$, где $C = \text{const}$
4.  $\lim_{x \to x_0} \frac{f(x)}{g(x)} = \frac{A}{B}$, при условии $B \neq 0$

**Теорема о сжатой функции (о двух милиционерах)**
Если в некоторой окрестности точки $x_0$ (кроме, возможно, самой точки $x_0$) выполняются неравенства $g(x) \le f(x) \le h(x)$, и при этом $\lim_{x \to x_0} g(x) = \lim_{x \to x_0} h(x) = A$, то $\lim_{x \to x_0} f(x) = A$.

**Замечательные пределы**
Эти пределы используются как базовые при вычислении других, более сложных пределов.
*   **Первый замечательный предел:**
    $$ \lim_{x \to 0} \frac{\sin x}{x} = 1 $$
*   **Второй замечательный предел:**
    $$ \lim_{x \to \infty} \left(1 + \frac{1}{x}\right)^x = e $$
    или в другой форме:
    $$ \lim_{x \to 0} (1 + x)^{1/x} = e $$
    где $e \approx 2.71828$ — число Эйлера.

### Непрерывность функции

#### Определение
Функция $f(x)$ называется **непрерывной в точке $x_0$**, если выполнены три условия:
1.  Функция определена в точке $x_0$ (существует $f(x_0)$).
2.  Существует предел функции в этой точке ($\lim_{x \to x_0} f(x)$).
3.  Предел функции равен значению функции в этой точке:
    $$ \lim_{x \to x_0} f(x) = f(x_0) $$

Функция называется непрерывной на интервале, если она непрерывна в каждой точке этого интервала. Все элементарные функции (степенные, показательные, логарифмические, тригонометрические и обратные тригонометрические) непрерывны в своей области определения.

#### Классификация точек разрыва
Если в точке $x_0$ нарушается хотя бы одно из условий непрерывности, то $x_0$ называется точкой разрыва.

1.  **Разрыв первого рода.** В точке $x_0$ существуют конечные пределы слева и справа.
    *   **Устранимый разрыв:** пределы слева и справа равны, но не равны значению функции в точке или функция в точке не определена ($\lim_{x \to x_0-0} f(x) = \lim_{x \to x_0+0} f(x) \neq f(x_0)$).
    *   **Скачок:** пределы слева и справа не равны ($\lim_{x \to x_0-0} f(x) \neq \lim_{x \to x_0+0} f(x)$).

2.  **Разрыв второго рода.** Хотя бы один из односторонних пределов не существует или является бесконечным.

### Примеры решения задач

**Пример 1: Раскрытие неопределенности $\left[\frac{0}{0}\right]$**
Найти предел $\lim_{x \to 3} \frac{x^2 - 9}{x - 3}$.
При подстановке $x=3$ получаем $\frac{0}{0}$. Разложим числитель на множители:
$$ \lim_{x \to 3} \frac{(x-3)(x+3)}{x-3} $$
Сократим на $(x-3)$, так как $x \to 3$, но $x \neq 3$:
$$ \lim_{x \to 3} (x+3) = 3 + 3 = 6 $$

**Пример 2: Использование первого замечательного предела**
Найти предел $\lim_{x \to 0} \frac{\sin(4x)}{x}$.
Приведем выражение к виду первого замечательного предела. Для этого умножим и разделим на 4:
$$ \lim_{x \to 0} \frac{\sin(4x)}{4x} \cdot 4 $$
Пусть $t = 4x$. Если $x \to 0$, то и $t \to 0$. Тогда:
$$ \lim_{t \to 0} \frac{\sin(t)}{t} \cdot 4 = 1 \cdot 4 = 4 $$

**Пример 3: Исследование на непрерывность**
Исследовать на непрерывность функцию $f(x) = \begin{cases} x + 1, & x \le 0 \\ x^2, & x > 0 \end{cases}$ в точке $x_0=0$.
1.  **Значение в точке:** $f(0) = 0 + 1 = 1$.
2.  **Предел слева:** $\lim_{x \to 0-0} f(x) = \lim_{x \to 0-0} (x+1) = 1$.
3.  **Предел справа:** $\lim_{x \to 0+0} f(x) = \lim_{x \to 0+0} x^2 = 0$.
Поскольку предел слева не равен пределу справа ($1 \neq 0$), двусторонний предел не существует. Точка $x_0=0$ является точкой разрыва первого рода (скачок).

### Задачи для самопроверки

1.  Вычислить предел: $\lim_{x \to -1} \frac{x^3 + 1}{x^2 - x - 2}$
2.  Вычислить предел: $\lim_{x \to \infty} \left(1 - \frac{3}{x}\right)^{2x}$
3.  Вычислить предел: $\lim_{x \to 0} \frac{1 - \cos(2x)}{x^2}$
4.  Найти точки разрыва функции $y = \frac{x-2}{x^2-4}$ и определить их тип.
5.  Исследовать на непрерывность функцию $f(x) = \begin{cases} \frac{\sin x}{x}, & x < 0 \\ 1, & x = 0 \\ x+1, & x > 0 \end{cases}$ в точке $x_0 = 0$.",True,
Математический анализ,2,Производные и дифференциалы; формула Тейлора,"Сделай компактный конспект по теме «Производные и дифференциалы; формула Тейлора» (раздел «Математический анализ»).

Что нужно:
- краткая мотивация и точные определения;
- ключевые утверждения/теоремы с условиями применимости (без подробных доказательств);
- 2–3 типовых примера с разбором;
- 3–5 задач для самопроверки (без решений);
Формат: Markdown с заголовками H2/H3, формулы в LaTeX ($...$). Стиль нейтральный, без дидактики. 500–900 слов.","## Производные, дифференциалы и формула Тейлора

### Производная функции

**Мотивация:** Производная является фундаментальным понятием анализа, описывающим скорость изменения функции в данной точке. Геометрически она соответствует угловому коэффициенту касательной к графику функции, а физически — мгновенной скорости движения.

#### Определение
Производной функции $y = f(x)$ в точке $x_0$ называется предел отношения приращения функции $\Delta y = f(x_0 + \Delta x) - f(x_0)$ к приращению аргумента $\Delta x$, когда $\Delta x$ стремится к нулю.

$f'(x_0) = \lim_{\Delta x \to 0} \frac{\Delta y}{\Delta x} = \lim_{\Delta x \to 0} \frac{f(x_0 + \Delta x) - f(x_0)}{\Delta x}$

Функция, имеющая конечную производную в точке $x_0$, называется **дифференцируемой** в этой точке.

#### Геометрический и физический смысл
*   **Геометрический смысл:** Производная $f'(x_0)$ равна тангенсу угла наклона касательной, проведённой к графику функции $y = f(x)$ в точке с абсциссой $x_0$.
    *   Уравнение касательной в точке $(x_0, f(x_0))$: $y = f(x_0) + f'(x_0)(x - x_0)$.
*   **Физический смысл:** Если $s(t)$ — закон прямолинейного движения точки, то производная $s'(t)$ есть мгновенная скорость движения в момент времени $t$.

#### Основные правила дифференцирования
Пусть $u=u(x)$ и $v=v(x)$ — дифференцируемые функции, $C$ — константа.
1.  $(C)' = 0$
2.  $(u \pm v)' = u' \pm v'$
3.  $(C \cdot u)' = C \cdot u'$
4.  $(u \cdot v)' = u'v + uv'$ (правило произведения)
5.  $(\frac{u}{v})' = \frac{u'v - uv'}{v^2}$ (правило частного)
6.  $(f(g(x)))' = f'(g(x)) \cdot g'(x)$ (производная сложной функции)

---

### Дифференциал функции

**Мотивация:** Дифференциал позволяет заменить сложное приращение функции $\Delta y$ на его главную, линейную по $\Delta x$ часть. Это упрощает вычисления и лежит в основе методов приближённых вычислений.

#### Определение
Функция $f(x)$ называется дифференцируемой в точке $x_0$, если её приращение $\Delta y$ в этой точке можно представить в виде:
$\Delta y = A \cdot \Delta x + o(\Delta x)$, где $A$ — число, не зависящее от $\Delta x$, а $o(\Delta x)$ — бесконечно малая более высокого порядка, чем $\Delta x$.

**Дифференциалом функции** $y = f(x)$ в точке $x_0$ называется главная линейная часть её приращения, равная $f'(x_0)dx$. Обозначается $dy$ или $df(x_0)$.

$dy = f'(x_0)dx$

По определению, дифференциал независимой переменной равен её приращению: $dx = \Delta x$.

#### Геометрический смысл и применение
*   **Геометрический смысл:** Дифференциал $dy$ — это приращение ординаты касательной к графику функции в точке $x_0$, соответствующее приращению аргумента $\Delta x$. В отличие от него, $\Delta y$ — это точное приращение ординаты самой функции.
*   **Применение:** Для малых $\Delta x$ справедливо приближённое равенство $\Delta y \approx dy$.
    $f(x_0 + \Delta x) \approx f(x_0) + f'(x_0)\Delta x$
    Эта формула используется для приближённого вычисления значений функции.

---

### Формула Тейлора

**Мотивация:** Формула Тейлора позволяет аппроксимировать достаточно гладкую функцию в окрестности некоторой точки с помощью полинома (многочлена). Это обобщение идеи линейной аппроксимации (касательной) на полиномы более высоких степеней, что даёт большую точность.

#### Определение
Пусть функция $f(x)$ имеет $(n+1)$ производную в некоторой окрестности точки $x_0$. Тогда для любой точки $x$ из этой окрестности справедлива **формула Тейлора**:

$f(x) = \sum_{k=0}^{n} \frac{f^{(k)}(x_0)}{k!}(x-x_0)^k + R_n(x)$

где $P_n(x) = \sum_{k=0}^{n} \frac{f^{(k)}(x_0)}{k!}(x-x_0)^k$ — **многочлен Тейлора** $n$-й степени, а $R_n(x)$ — **остаточный член**.

#### Остаточный член

Существует несколько форм записи остаточного члена.
*   **В форме Лагранжа:** $R_n(x) = \frac{f^{(n+1)}(c)}{(n+1)!}(x-x_0)^{n+1}$, где $c$ — некоторая точка между $x_0$ и $x$. Эта форма удобна для оценки погрешности аппроксимации.
*   **В форме Пеано:** $R_n(x) = o((x-x_0)^n)$ при $x \to x_0$. Эта форма указывает, что остаточный член является бесконечно малой более высокого порядка, чем $(x-x_0)^n$.

#### Формула Маклорена
Это частный случай формулы Тейлора при $x_0 = 0$.
$f(x) = f(0) + \frac{f'(0)}{1!}x + \frac{f''(0)}{2!}x^2 + \dots + \frac{f^{(n)}(0)}{n!}x^n + R_n(x)$

**Стандартные разложения (Маклорен):**
*   $e^x = 1 + x + \frac{x^2}{2!} + \dots + \frac{x^n}{n!} + o(x^n)$
*   $\sin x = x - \frac{x^3}{3!} + \frac{x^5}{5!} - \dots + (-1)^n\frac{x^{2n+1}}{(2n+1)!} + o(x^{2n+2})$
*   $\cos x = 1 - \frac{x^2}{2!} + \frac{x^4}{4!} - \dots + (-1)^n\frac{x^{2n}}{(2n)!} + o(x^{2n+1})$
*   $(1+x)^\alpha = 1 + \alpha x + \frac{\alpha(\alpha-1)}{2!}x^2 + \dots + o(x^n)$

---

### Примеры

**Пример 1: Нахождение производной**
Найти производную функции $f(x) = x^3 \cdot \cos(2x)$.

*   Применяем правило производной произведения $(uv)' = u'v + uv'$:
    $f'(x) = (x^3)' \cdot \cos(2x) + x^3 \cdot (\cos(2x))'$
*   Находим производные: $(x^3)' = 3x^2$.
*   Для $(\cos(2x))'$ применяем правило производной сложной функции:
    $(\cos(2x))' = -\sin(2x) \cdot (2x)' = -2\sin(2x)$.
*   Собираем всё вместе:
    $f'(x) = 3x^2 \cos(2x) - 2x^3 \sin(2x)$.

**Пример 2: Приближённое вычисление с помощью дифференциала**
Вычислить приближённо $\sqrt{16.08}$.

*   Рассмотрим функцию $f(x) = \sqrt{x}$. Выберем точку $x_0 = 16$, в которой значение функции и её производной легко вычисляется.
*   Приращение аргумента $\Delta x = 16.08 - 16 = 0.08$.
*   Найдём производную: $f'(x) = (\sqrt{x})' = \frac{1}{2\sqrt{x}}$.
*   Вычислим значения в точке $x_0 = 16$:
    $f(16) = \sqrt{16} = 4$.
    $f'(16) = \frac{1}{2\sqrt{16}} = \frac{1}{8} = 0.125$.
*   Используем формулу $f(x_0 + \Delta x) \approx f(x_0) + f'(x_0)\Delta x$:
    $\sqrt{16.08} \approx 4 + 0.125 \cdot 0.08 = 4 + 0.01 = 4.01$.

**Пример 3: Разложение по формуле Маклорена**
Найти разложение функции $f(x) = e^{-x^2}$ по формуле Маклорена до члена с $x^4$.

*   Используем стандартное разложение для $e^u$:
    $e^u = 1 + u + \frac{u^2}{2!} + o(u^2)$.
*   Выполним подстановку $u = -x^2$. Для получения членов до $x^4$ включительно, в исходном разложении для $u$ нужно взять члены до $u^2$.
*   $e^{-x^2} = 1 + (-x^2) + \frac{(-x^2)^2}{2!} + o((-x^2)^2) = 1 - x^2 + \frac{x^4}{2} + o(x^4)$.
*   Многочлен Маклорена до 4-й степени: $P_4(x) = 1 - x^2 + \frac{x^4}{2}$.

---

### Задачи для самопроверки

1.  Найти производную функции $y = \frac{e^{x^2}}{\sin(3x)}$.
2.  Составить уравнение касательной и нормали к графику функции $f(x) = \ln(x^2 - 3)$ в точке $x_0 = 2$.
3.  Используя дифференциал, вычислить приближённое значение $\sin(29^\circ)$. (Не забыть перевести градусы в радианы).
4.  Разложить функцию $f(x) = x \cos(x)$ по формуле Маклорена до члена с $x^5$.
5.  Используя разложения по формуле Тейлора, вычислить предел $\lim_{x \to 0} \frac{e^x - 1 - x}{x^2}$.",True,
Линейная алгебра и геометрия,1,Векторные пространства и линейные отображения,"Сделай компактный конспект по теме «Векторные пространства и линейные отображения» (раздел «Линейная алгебра и геометрия»).

Что нужно:
- краткая мотивация и точные определения;
- ключевые утверждения/теоремы с условиями применимости (без подробных доказательств);
- 2–3 типовых примера с разбором;
- 3–5 задач для самопроверки (без решений);
Формат: Markdown с заголовками H2/H3, формулы в LaTeX ($...$). Стиль нейтральный, без дидактики. 500–900 слов.","## Векторные пространства и линейные отображения

### Векторные (линейные) пространства

#### Мотивация и определение

Понятие векторного пространства обобщает свойства геометрических векторов (направляемых отрезков) и арифметических векторов (наборов чисел) на множества более общей природы (например, функции, матрицы, многочлены). Ключевая идея — выделить два фундаментальных действия: сложение векторов и умножение вектора на число (скаляр), и формализовать их свойства.

**Определение:** Непустое множество $V$ называется **векторным (линейным) пространством** над полем $K$ (чаще всего $K = \mathbb{R}$ или $K = \mathbb{C}$), если на нем определены две операции:
1.  **Сложение векторов**: $+: V \times V \to V$
2.  **Умножение на скаляр**: $\cdot: K \times V \to V$

Эти операции должны удовлетворять следующим восьми аксиомам для любых векторов $x, y, z \in V$ и любых скаляров $\alpha, \beta \in K$:
1.  $x + y = y + x$ (коммутативность сложения)
2.  $(x + y) + z = x + (y + z)$ (ассоциативность сложения)
3.  Существует нулевой вектор $\mathbf{0} \in V$ такой, что $x + \mathbf{0} = x$
4.  Для любого $x \in V$ существует противоположный вектор $-x \in V$ такой, что $x + (-x) = \mathbf{0}$
5.  $\alpha \cdot (\beta \cdot x) = (\alpha\beta) \cdot x$ (ассоциативность умножения на скаляр)
6.  $1 \cdot x = x$, где $1$ — единичный элемент поля $K$
7.  $\alpha \cdot (x + y) = \alpha \cdot x + \alpha \cdot y$ (дистрибутивность относительно сложения векторов)
8.  $(\alpha + \beta) \cdot x = \alpha \cdot x + \beta \cdot x$ (дистрибутивность относительно сложения скаляров)

#### Ключевые понятия и утверждения

*   **Линейная комбинация:** Вектор $v$ является линейной комбинацией векторов $\{v_1, v_2, \dots, v_n\}$, если существуют скаляры $\alpha_1, \alpha_2, \dots, \alpha_n \in K$ такие, что $v = \alpha_1 v_1 + \alpha_2 v_2 + \dots + \alpha_n v_n$.
*   **Линейная независимость:** Система векторов $\{v_1, \dots, v_n\}$ называется линейно независимой, если их линейная комбинация равна нулевому вектору только тогда, когда все коэффициенты равны нулю:
    $\alpha_1 v_1 + \dots + \alpha_n v_n = \mathbf{0} \iff \alpha_1 = \alpha_2 = \dots = \alpha_n = 0$.
    В противном случае система называется **линейно зависимой**.
*   **Базис и размерность:** Базис векторного пространства $V$ — это упорядоченный набор линейно независимых векторов, через которые можно однозначно выразить любой вектор из $V$. Количество векторов в базисе называется **размерностью** пространства и обозначается $\dim V$.
    *   **Утверждение:** Все базисы одного и того же конечномерного векторного пространства состоят из одинакового числа векторов.
*   **Координаты:** Если $B = \{e_1, \dots, e_n\}$ — базис в $V$, и вектор $v$ представлен в виде $v = x_1 e_1 + \dots + x_n e_n$, то набор скаляров $(x_1, \dots, x_n)$ называется **координатами** вектора $v$ в базисе $B$.

#### Пример 1: Стандартное арифметическое пространство $\mathbb{R}^n$
*   **Пространство:** $V = \mathbb{R}^n$, множество упорядоченных наборов из $n$ вещественных чисел вида $v = (x_1, x_2, \dots, x_n)$.
*   **Операции:** Сложение и умножение на скаляр производятся покомпонентно.
    *   $(x_1, \dots, x_n) + (y_1, \dots, y_n) = (x_1+y_1, \dots, x_n+y_n)$
    *   $\alpha \cdot (x_1, \dots, x_n) = (\alpha x_1, \dots, \alpha x_n)$
*   **Стандартный базис:** Состоит из векторов $e_1 = (1,0,\dots,0)$, $e_2 = (0,1,\dots,0)$, ..., $e_n = (0,0,\dots,1)$.
*   **Размерность:** $\dim \mathbb{R}^n = n$.
*   **Координаты:** Координаты вектора $v = (x_1, \dots, x_n)$ в стандартном базисе — это сам набор $(x_1, \dots, x_n)$.

### Линейные отображения

#### Мотивация и определение

Линейные отображения — это функции между векторными пространствами, которые сохраняют их структуру (операции сложения и умножения на скаляр). Они являются естественным способом изучения связей между пространствами.

**Определение:** Отображение $A: V \to W$ между двумя векторными пространствами $V$ и $W$ над одним и тем же полем $K$ называется **линейным**, если для любых векторов $x, y \in V$ и любого скаляра $\alpha \in K$ выполняются два условия:
1.  $A(x + y) = A(x) + A(y)$ (аддитивность)
2.  $A(\alpha x) = \alpha A(x)$ (однородность)

Эти два условия эквивалентны одному: $A(\alpha x + \beta y) = \alpha A(x) + \beta A(y)$ для любых $\alpha, \beta \in K$.

#### Ключевые понятия и утверждения

*   **Ядро и образ:**
    *   **Ядро (Kernel):** Множество векторов из $V$, которые отображаются в нулевой вектор пространства $W$:
        $\text{Ker}(A) = \{v \in V \mid A(v) = \mathbf{0}_W\}$. Ядро является подпространством в $V$.
    *   **Образ (Image):** Множество всех векторов в $W$, которые являются результатом отображения некоторого вектора из $V$:
        $\text{Im}(A) = \{w \in W \mid \exists v \in V: A(v) = w\}$. Образ является подпространством в $W$.
*   **Теорема о ранге и дефектности:** Для линейного отображения $A: V \to W$, где $V$ — конечномерное пространство, сумма размерностей его ядра и образа равна размерности исходного пространства:
    $\dim V = \dim(\text{Ker}(A)) + \dim(\text{Im}(A))$
    Величину $\dim(\text{Im}(A))$ называют **рангом** отображения ($\text{rank}(A)$), а $\dim(\text{Ker}(A))$ — его **дефектом** ($\text{def}(A)$).
*   **Матрица линейного отображения:** Пусть заданы базисы $B_V = \{e_1, \dots, e_n\}$ в $V$ и $B_W = \{f_1, \dots, f_m\}$ в $W$. Матрица $M_A$ размера $m \times n$ является матрицей отображения $A$ в этих базисах, если ее $j$-й столбец состоит из координат вектора $A(e_j)$ в базисе $B_W$.
    *   Действие отображения $A$ на вектор $v$ сводится к умножению матрицы $M_A$ на столбец координат вектора $v$. Если $v$ имеет координаты $X$ в базисе $B_V$, то его образ $A(v)$ будет иметь координаты $Y = M_A \cdot X$ в базисе $B_W$.

#### Пример 2: Отображение из $\mathbb{R}^2$ в $\mathbb{R}^3$
Рассмотрим отображение $A: \mathbb{R}^2 \to \mathbb{R}^3$, заданное правилом $A(x_1, x_2) = (x_1+x_2, 2x_1, x_1-x_2)$.
1.  **Линейность:** Проверяется напрямую по определению.
2.  **Матрица в стандартных базисах:**
    *   Находим образы базисных векторов $\mathbb{R}^2$:
        $A(e_1) = A(1,0) = (1, 2, 1)$
        $A(e_2) = A(0,1) = (1, 0, -1)$
    *   Записываем координаты этих векторов (в стандартном базисе $\mathbb{R}^3$ они совпадают с самими векторами) в столбцы матрицы:
        $M_A = \begin{pmatrix} 1 & 1 \\ 2 & 0 \\ 1 & -1 \end{pmatrix}$
    *   Действие на произвольный вектор:
        $\begin{pmatrix} 1 & 1 \\ 2 & 0 \\ 1 & -1 \end{pmatrix} \begin{pmatrix} x_1 \\ x_2 \end{pmatrix} = \begin{pmatrix} x_1+x_2 \\ 2x_1 \\ x_1-x_2 \end{pmatrix}$, что соответствует исходной формуле.

#### Пример 3: Оператор дифференцирования многочленов
*   **Пространство:** $V = P_2(\mathbb{R})$ — пространство многочленов степени не выше 2. Базис: $\{1, t, t^2\}$. $\dim V = 3$.
*   **Отображение:** $D: P_2(\mathbb{R}) \to P_2(\mathbb{R})$, где $D(p(t)) = p'(t)$ (оператор производной).
*   **Линейность:** $D(p(t)+q(t)) = (p(t)+q(t))' = p'(t)+q'(t) = D(p(t))+D(q(t))$. Аналогично для умножения на скаляр.
*   **Ядро:** $D(p(t)) = 0$. Производная равна нулю только для констант.
    $\text{Ker}(D) = \{c \mid c \in \mathbb{R}\} = P_0(\mathbb{R})$. Базис ядра — $\{1\}$. $\dim(\text{Ker}(D)) = 1$.
*   **Образ:** При дифференцировании многочлена степени не выше 2 получается многочлен степени не выше 1.
    $\text{Im}(D) = P_1(\mathbb{R})$. Базис образа — $\{1, t\}$. $\dim(\text{Im}(D)) = 2$.
*   **Проверка теоремы:** $\dim V = 3$, $\dim(\text{Ker}(D)) + \dim(\text{Im}(D)) = 1 + 2 = 3$. Теорема выполняется.

### Задачи для самопроверки

1.  Выяснить, являются ли векторы $v_1 = (1, 2, 3)$, $v_2 = (4, 5, 6)$, $v_3 = (7, 8, 9)$ линейно независимыми в пространстве $\mathbb{R}^3$.
2.  Проверить, образует ли система векторов $\{(1, 1, 0), (1, 0, 1), (0, 1, 1)\}$ базис в $\mathbb{R}^3$.
3.  Для линейного отображения $A: \mathbb{R}^3 \to \mathbb{R}^2$, заданного как $A(x, y, z) = (x+y, y-z)$, найти:
    *   Базис ядра $\text{Ker}(A)$.
    *   Базис образа $\text{Im}(A)$.
    *   Ранг и дефект отображения.
4.  Найти матрицу линейного оператора $A: \mathbb{R}^2 \to \mathbb{R}^2$, который поворачивает каждый вектор на угол $\pi/2$ против часовой стрелки, в стандартном базисе.
5.  Является ли отображение $T: P_n(\mathbb{R}) \to \mathbb{R}$, заданное правилом $T(p(t)) = \int_0^1 p(t) dt$, линейным? Если да, найти его ядро.",True,
Математический анализ,4,Ряды: числовые и степенные; признаки сходимости; ряды Тейлора и Фурье,"Сделай компактный конспект по теме «Ряды: числовые и степенные; признаки сходимости; ряды Тейлора и Фурье» (раздел «Математический анализ»).

Что нужно:
- краткая мотивация и точные определения;
- ключевые утверждения/теоремы с условиями применимости (без подробных доказательств);
- 2–3 типовых примера с разбором;
- 3–5 задач для самопроверки (без решений);
Формат: Markdown с заголовками H2/H3, формулы в LaTeX ($...$). Стиль нейтральный, без дидактики. 500–900 слов.","## Конспект: Числовые и функциональные ряды

### Числовые ряды

#### Основные определения

**Мотивация:** Ряды позволяют представлять числа (например, $\pi$, $e$) и функции в виде бесконечных сумм простых слагаемых, что удобно для вычислений и анализа.

**Числовой ряд** — это выражение вида:
$$
\sum_{n=1}^{\infty} u_n = u_1 + u_2 + u_3 + \dots
$$
где $u_n$ — члены ряда, являющиеся действительными или комплексными числами.

**Частичная сумма** ряда — это сумма его первых $k$ членов:
$$
S_k = \sum_{n=1}^{k} u_n = u_1 + u_2 + \dots + u_k
$$

**Сходимость:** Ряд **сходится**, если существует конечный предел последовательности его частичных сумм:
$$
\lim_{k \to \infty} S_k = S
$$
Число $S$ называется **суммой ряда**. Если предел не существует или равен бесконечности, ряд **расходится**.

#### Необходимый признак сходимости

Если ряд $\sum_{n=1}^{\infty} u_n$ сходится, то предел его общего члена равен нулю:
$$
\lim_{n \to \infty} u_n = 0
$$
**Следствие (достаточный признак расходимости):** Если $\lim_{n \to \infty} u_n \neq 0$ или этот предел не существует, то ряд расходится.

#### Признаки сходимости для знакоположительных рядов ($u_n \ge 0$)

1.  **Признак сравнения (в предельной форме).**
    Рассматриваются два ряда $\sum u_n$ и $\sum v_n$ с $u_n, v_n > 0$. Если существует конечный и ненулевой предел их отношения:
    $$
    \lim_{n \to \infty} \frac{u_n}{v_n} = L, \quad (0 < L < \infty)
    $$
    то оба ряда сходятся или расходятся одновременно.

2.  **Признак Даламбера (признак отношения).**
    Вычисляется предел:
    $$
    \lim_{n \to \infty} \frac{u_{n+1}}{u_n} = L
    $$
    *   Если $L < 1$, ряд сходится.
    *   Если $L > 1$, ряд расходится.
    *   Если $L = 1$, признак не дает ответа.

3.  **Признак Коши (радикальный признак).**
    Вычисляется предел:
    $$
    \lim_{n \to \infty} \sqrt[n]{u_n} = L
    $$
    Выводы аналогичны признаку Даламбера.

4.  **Интегральный признак Коши.**
    Если $f(x)$ — непрерывная, положительная и невозрастающая функция на $[1, \infty)$ такая, что $f(n) = u_n$, то ряд $\sum_{n=1}^{\infty} u_n$ сходится тогда и только тогда, когда сходится несобственный интеграл:
    $$
    \int_{1}^{\infty} f(x) dx
    $$

#### Знакопеременные ряды

**Абсолютная сходимость:** Ряд $\sum u_n$ сходится абсолютно, если сходится ряд из модулей его членов $\sum |u_n|$.
**Условная сходимость:** Ряд сходится условно, если он сходится, а ряд из модулей $\sum |u_n|$ расходится.

**Признак Лейбница (для знакочередующихся рядов).**
Ряд вида $\sum_{n=1}^{\infty} (-1)^{n-1} u_n$, где $u_n > 0$, сходится, если выполнены два условия:
1.  Последовательность $\{u_n\}$ монотонно не возрастает: $u_{n+1} \le u_n$ для всех $n$.
2.  Предел общего члена равен нулю: $\lim_{n \to \infty} u_n = 0$.

---

### Степенные ряды

#### Определения

**Степенной ряд** — это функциональный ряд вида:
$$
\sum_{n=0}^{\infty} c_n (x-a)^n = c_0 + c_1(x-a) + c_2(x-a)^2 + \dots
$$
где $a$ — центр ряда, $c_n$ — коэффициенты.

**Радиус сходимости $R$**: это такое число, что ряд сходится при $|x-a| < R$ и расходится при $|x-a| > R$.
*   Если $R=0$, ряд сходится только в точке $x=a$.
*   Если $R=\infty$, ряд сходится при любом $x \in \mathbb{R}$.

**Область сходимости**: интервал $(a-R, a+R)$, возможно, с включением одной или обеих граничных точек (требует отдельного исследования).

#### Нахождение радиуса сходимости

Радиус сходимости $R$ можно найти по формулам (если пределы существуют):
$$
R = \lim_{n \to \infty} \left| \frac{c_n}{c_{n+1}} \right| \quad \text{или} \quad R = \frac{1}{\lim_{n \to \infty} \sqrt[n]{|c_n|}}
$$

---

### Ряды Тейлора и Маклорена

#### Определение и формула

Ряд Тейлора для функции $f(x)$, бесконечно дифференцируемой в окрестности точки $a$:
$$
f(x) = \sum_{n=0}^{\infty} \frac{f^{(n)}(a)}{n!} (x-a)^n = f(a) + f'(a)(x-a) + \frac{f''(a)}{2!}(x-a)^2 + \dots
$$
Если $a=0$, ряд называется **рядом Маклорена**.

#### Разложения основных функций в ряд Маклорена

*   $e^x = \sum_{n=0}^{\infty} \frac{x^n}{n!} = 1 + x + \frac{x^2}{2!} + \frac{x^3}{3!} + \dots$, $x \in \mathbb{R}$
*   $\sin x = \sum_{n=0}^{\infty} \frac{(-1)^n x^{2n+1}}{(2n+1)!} = x - \frac{x^3}{3!} + \frac{x^5}{5!} - \dots$, $x \in \mathbb{R}$
*   $\cos x = \sum_{n=0}^{\infty} \frac{(-1)^n x^{2n}}{(2n)!} = 1 - \frac{x^2}{2!} + \frac{x^4}{4!} - \dots$, $x \in \mathbb{R}$
*   $\ln(1+x) = \sum_{n=1}^{\infty} \frac{(-1)^{n-1} x^n}{n} = x - \frac{x^2}{2} + \frac{x^3}{3} - \dots$, $x \in (-1, 1]$
*   $(1+x)^\alpha = 1 + \alpha x + \frac{\alpha(\alpha-1)}{2!}x^2 + \dots$, $x \in (-1, 1)$

---

### Ряды Фурье

#### Мотивация и определение

Ряды Фурье позволяют представлять периодические функции в виде бесконечной суммы гармонических колебаний (синусов и косинусов).

**Тригонометрический ряд Фурье** для функции $f(x)$ с периодом $2L$:
$$
f(x) \sim \frac{a_0}{2} + \sum_{n=1}^{\infty} \left( a_n \cos\left(\frac{n\pi x}{L}\right) + b_n \sin\left(\frac{n\pi x}{L}\right) \right)
$$
**Условия сходимости:** Ряд Фурье сходится к $f(x)$ в точках непрерывности и к среднему арифметическому односторонних пределов $\frac{f(x-0)+f(x+0)}{2}$ в точках разрыва, если функция $f(x)$ удовлетворяет **условиям Дирихле** (кусочно-монотонна и имеет конечное число разрывов первого рода на периоде).

#### Формулы для коэффициентов

*   $a_0 = \frac{1}{L} \int_{-L}^{L} f(x) dx$
*   $a_n = \frac{1}{L} \int_{-L}^{L} f(x) \cos\left(\frac{n\pi x}{L}\right) dx$
*   $b_n = \frac{1}{L} \int_{-L}^{L} f(x) \sin\left(\frac{n\pi x}{L}\right) dx$

---

### Примеры

1.  **Исследовать на сходимость ряд $\sum_{n=1}^{\infty} \frac{5^n}{n!}$**
    Применим признак Даламбера:
    $L = \lim_{n \to \infty} \frac{u_{n+1}}{u_n} = \lim_{n \to \infty} \frac{5^{n+1}/(n+1)!}{5^n/n!} = \lim_{n \to \infty} \frac{5^{n+1} \cdot n!}{5^n \cdot (n+1)!} = \lim_{n \to \infty} \frac{5}{n+1} = 0$.
    Поскольку $L=0 < 1$, ряд сходится.

2.  **Найти область сходимости ряда $\sum_{n=1}^{\infty} \frac{(x-3)^n}{n \cdot 2^n}$**
    Найдём радиус сходимости. Здесь $c_n = \frac{1}{n \cdot 2^n}$, $a=3$.
    $R = \lim_{n \to \infty} \left| \frac{c_n}{c_{n+1}} \right| = \lim_{n \to \infty} \frac{(n+1)2^{n+1}}{n \cdot 2^n} = \lim_{n \to \infty} \frac{2(n+1)}{n} = 2$.
    Ряд сходится на интервале $(3-2, 3+2) \Rightarrow (1, 5)$.
    Исследуем границы:
    *   $x=5$: ряд $\sum_{n=1}^{\infty} \frac{2^n}{n \cdot 2^n} = \sum_{n=1}^{\infty} \frac{1}{n}$ (гармонический ряд), расходится.
    *   $x=1$: ряд $\sum_{n=1}^{\infty} \frac{(-2)^n}{n \cdot 2^n} = \sum_{n=1}^{\infty} \frac{(-1)^n}{n}$ (знакочередующийся гармонический ряд), сходится по признаку Лейбница.
    Область сходимости: $[1, 5)$.

---

### Задачи для самопроверки

1.  Исследовать на сходимость числовой ряд $\sum_{n=1}^{\infty} \frac{n^3}{e^n}$.
2.  Исследовать на абсолютную и условную сходимость ряд $\sum_{n=2}^{\infty} \frac{(-1)^n}{n \ln n}$.
3.  Найти область сходимости степенного ряда $\sum_{n=0}^{\infty} \frac{x^n}{(n+1)!}$.
4.  Разложить функцию $f(x) = \frac{1}{x}$ в ряд Тейлора в окрестности точки $a=2$.
5.  Найти ряд Фурье для функции $f(x)=\begin{cases} 1, & x \in [0, \pi] \\ -1, & x \in (-\pi, 0) \end{cases}$ с периодом $T=2\pi$.",True,
Математический анализ,5,"Функции многих переменных: градиент, экстремумы, кратные и криволинейные/поверхностные интегралы","Сделай компактный конспект по теме «Функции многих переменных: градиент, экстремумы, кратные и криволинейные/поверхностные интегралы» (раздел «Математический анализ»).

Что нужно:
- краткая мотивация и точные определения;
- ключевые утверждения/теоремы с условиями применимости (без подробных доказательств);
- 2–3 типовых примера с разбором;
- 3–5 задач для самопроверки (без решений);
Формат: Markdown с заголовками H2/H3, формулы в LaTeX ($...$). Стиль нейтральный, без дидактики. 500–900 слов.","Конечно, вот конспект по указанным темам математического анализа.

### Функции многих переменных (ФМП)

Функция $z = f(x_1, x_2, \dots, x_n)$ ставит в соответствие каждой точке $M(x_1, x_2, \dots, x_n)$ из области определения $D \subset \mathbb{R}^n$ некоторое числовое значение $z \in \mathbb{R}$.

**Мотивация:** Моделирование физических полей (температура, давление), экономических моделей (функция полезности, производственная функция) и геометрических объектов (поверхности в пространстве).

---

## Частные производные и градиент

### Определения

**Частная производная** функции $z = f(x, y)$ по переменной $x$ в точке $M_0(x_0, y_0)$ — это производная функции одной переменной $g(x) = f(x, y_0)$ в точке $x_0$. Она показывает скорость изменения функции в направлении оси $Ox$. Обозначение и формула:

$$
\frac{\partial f}{\partial x}(M_0) = \lim_{\Delta x \to 0} \frac{f(x_0 + \Delta x, y_0) - f(x_0, y_0)}{\Delta x}
$$

Аналогично определяется частная производная по $y$.

**Градиент** функции $f(x, y, z)$ в точке $M$ — это вектор, составленный из частных производных функции в этой точке.

$$
\nabla f = \text{grad } f = \left( \frac{\partial f}{\partial x}, \frac{\partial f}{\partial y}, \frac{\partial f}{\partial z} \right)
$$

### Ключевые утверждения

1.  **Геометрический смысл градиента:** Вектор градиента $\nabla f$ в точке $M$ указывает направление наибыстрейшего роста функции $f$ в этой точке.
2.  **Длина градиента:** Модуль (длина) вектора градиента $|\nabla f|$ равен максимальной скорости роста функции в данной точке.
3.  **Производная по направлению:** Производная функции $f$ в точке $M$ по направлению вектора $\vec{l}$ вычисляется как скалярное произведение градиента на единичный вектор направления $\vec{l_0} = \frac{\vec{l}}{|\vec{l}|}$.

    $$
    \frac{\partial f}{\partial l}(M) = (\nabla f(M), \vec{l_0}) = |\nabla f(M)| \cdot \cos\varphi
    $$
    где $\varphi$ — угол между вектором градиента и вектором направления $\vec{l}$.

### Пример

Найти градиент функции $f(x, y) = x^2y - e^{xy}$ в точке $M(1, 0)$.

1.  **Частные производные:**
    $$
    \frac{\partial f}{\partial x} = 2xy - y e^{xy} \\
    \frac{\partial f}{\partial y} = x^2 - x e^{xy}
    $$
2.  **Значения в точке $M(1, 0)$:**
    $$
    \frac{\partial f}{\partial x}(1, 0) = 2 \cdot 1 \cdot 0 - 0 \cdot e^{1 \cdot 0} = 0 \\
    \frac{\partial f}{\partial y}(1, 0) = 1^2 - 1 \cdot e^{1 \cdot 0} = 1 - 1 = 0
    $$
3.  **Градиент:**
    $$
    \nabla f(1, 0) = (0, 0)
    $$
Точка $M(1, 0)$ является стационарной.

---

## Экстремумы функций многих переменных

### Определения

*   **Локальный максимум:** Точка $M_0$ является точкой локального максимума, если существует такая её окрестность, что для любой точки $M$ из этой окрестности выполняется $f(M) \le f(M_0)$.
*   **Локальный минимум:** Аналогично, если $f(M) \ge f(M_0)$.
*   **Стационарная точка:** Точка, в которой все частные производные первого порядка равны нулю (т.е. градиент равен нулевому вектору).

### Основные теоремы

**1. Необходимое условие экстремума (Теорема Ферма):**
Если дифференцируемая функция $f$ имеет в точке $M_0$ локальный экстремум, то её градиент в этой точке равен нулю: $\nabla f(M_0) = \vec{0}$.

**2. Достаточное условие экстремума (для функции двух переменных):**
Пусть $M_0(x_0, y_0)$ — стационарная точка функции $f(x, y)$, и функция дважды непрерывно дифференцируема в окрестности $M_0$. Обозначим:
$A = \frac{\partial^2 f}{\partial x^2}(M_0)$, $B = \frac{\partial^2 f}{\partial x \partial y}(M_0)$, $C = \frac{\partial^2 f}{\partial y^2}(M_0)$.

Составим определитель матрицы Гессе: $\Delta = \begin{vmatrix} A & B \\ B & C \end{vmatrix} = AC - B^2$.

*   Если $\Delta > 0$ и $A > 0$, то $M_0$ — точка локального минимума.
*   Если $\Delta > 0$ и $A < 0$, то $M_0$ — точка локального максимума.
*   Если $\Delta < 0$, то в точке $M_0$ экстремума нет (седловая точка).
*   Если $\Delta = 0$, то требуется дополнительное исследование.

### Пример

Найти экстремумы функции $z = x^2 + xy + y^2 - 3x - 6y$.
1.  **Находим стационарные точки:**
    $$
    \begin{cases} \frac{\partial z}{\partial x} = 2x + y - 3 = 0 \\ \frac{\partial z}{\partial y} = x + 2y - 6 = 0 \end{cases}
    $$
    Решая систему, получаем $x=0$, $y=3$. Стационарная точка $M_0(0, 3)$.
2.  **Проверяем достаточное условие:**
    $$
    A = \frac{\partial^2 z}{\partial x^2} = 2, \quad B = \frac{\partial^2 z}{\partial x \partial y} = 1, \quad C = \frac{\partial^2 z}{\partial y^2} = 2
    $$
    Эти значения постоянны для любой точки.
3.  **Вычисляем определитель:**
    $$
    \Delta = AC - B^2 = 2 \cdot 2 - 1^2 = 3
    $$
4.  **Вывод:**
    Поскольку $\Delta = 3 > 0$ и $A = 2 > 0$, точка $M_0(0, 3)$ является точкой локального минимума. Значение функции в этой точке: $z_{min} = 0^2 + 0\cdot3 + 3^2 - 3\cdot0 - 6\cdot3 = -9$.

---

## Кратные и криволинейные/поверхностные интегралы

### Определения и ключевые утверждения

#### Кратные интегралы (двойные, тройные)
**Мотивация:** Вычисление площади плоской фигуры, объема тела, массы и моментов инерции.
**Двойной интеграл** $\iint_D f(x, y) \,dx\,dy$ вычисляется сведением к **повторному интегралу** (теорема Фубини). Для области $D = \{a \le x \le b, \phi_1(x) \le y \le \phi_2(x)\}$:
$$
\iint_D f(x, y) \,dx\,dy = \int_a^b \left( \int_{\phi_1(x)}^{\phi_2(x)} f(x,y) \,dy \right) \,dx
$$
**Замена переменных:** При переходе к новым координатам (например, полярным $x=r\cos\varphi, y=r\sin\varphi$) используется **якобиан** $J$ преобразования:
$$
\iint_D f(x, y) \,dx\,dy = \iint_{D^*} f(r\cos\varphi, r\sin\varphi) |J| \,dr\,d\varphi, \quad J = r
$$

#### Криволинейные интегралы
*   **1-го рода:** $\int_L f(x,y,z) \,dl$. Интегрирование скалярной функции вдоль кривой $L$. Мотивация: масса криволинейного стержня.
*   **2-го рода:** $\int_L P\,dx + Q\,dy + R\,dz$. Интегрирование векторного поля $\vec{F}=(P,Q,R)$ вдоль кривой $L$. Мотивация: работа силы $\vec{F}$ по перемещению вдоль $L$.

#### Поверхностные интегралы
*   **1-го рода:** $\iint_S f(x,y,z) \,dS$. Интегрирование скалярной функции по поверхности $S$. Мотивация: масса тонкой оболочки.
*   **2-го рода:** $\iint_S P\,dy\,dz + Q\,dz\,dx + R\,dx\,dy$. Интегрирование векторного поля (поток через поверхность $S$). Мотивация: поток жидкости через поверхность.

### Основные формулы связи интегралов

*   **Формула Грина:** Связывает криволинейный интеграл 2-го рода по замкнутому контуру $L$ с двойным интегралом по области $D$, ограниченной этим контуром.
    $$
    \oint_L P\,dx + Q\,dy = \iint_D \left(\frac{\partial Q}{\partial x} - \frac{\partial P}{\partial y}\right) \,dx\,dy
    $$
*   **Формула Стокса:** Обобщение формулы Грина на пространство. Связывает циркуляцию векторного поля по замкнутому контуру $L$ с потоком ротора этого поля через поверхность $S$, натянутую на контур.
*   **Формула Гаусса-Остроградского:** Связывает поток векторного поля через замкнутую поверхность $S$ с тройным интегралом от дивергенции этого поля по объему $V$, ограниченному поверхностью.

### Пример

Вычислить двойной интеграл $\iint_D (x+2y) \,dx\,dy$, где область $D$ ограничена линиями $y=x$, $y=2x$, $x=1$.

1.  **Анализ области:** Область $D$ — треугольник. Удобно задать её как:
    $D = \{0 \le x \le 1, \quad x \le y \le 2x\}$.
2.  **Сведение к повторному интегралу:**
    $$
    I = \int_0^1 \left( \int_x^{2x} (x+2y) \,dy \right) \,dx
    $$
3.  **Вычисление внутреннего интеграла (по $y$):**
    $$
    \int_x^{2x} (x+2y) \,dy = \left[ xy + y^2 \right]_x^{2x} = (x(2x) + (2x)^2) - (x(x) + x^2) = (2x^2 + 4x^2) - (x^2 + x^2) = 6x^2 - 2x^2 = 4x^2
    $$
4.  **Вычисление внешнего интеграла (по $x$):**
    $$
    I = \int_0^1 4x^2 \,dx = \left[ \frac{4x^3}{3} \right]_0^1 = \frac{4}{3} - 0 = \frac{4}{3}
    $$
**Ответ:** $\frac{4}{3}$.

---

## Задачи для самопроверки

1.  Найти градиент функции $f(x, y, z) = \ln(x^2+y^2+z^2)$ в точке $M(1, 2, 2)$ и производную в направлении вектора $\vec{s} = (2, -1, 2)$.

2.  Исследовать на локальный экстремум функцию $z = x^3 + y^3 - 3xy$.

3.  Вычислить двойной интеграл $\iint_D y \,dx\,dy$, где $D$ — область, ограниченная параболой $y=x^2$ и прямой $y=1$.

4.  Вычислить криволинейный интеграл 2-го рода $\int_L (x+y)\,dx + (x-y)\,dy$, где $L$ — отрезок прямой от точки $A(0,0)$ до $B(1,1)$.",True,
Линейная алгебра и геометрия,3,"Собственные значения/векторы, диагонализация, жорданова форма","Сделай компактный конспект по теме «Собственные значения/векторы, диагонализация, жорданова форма» (раздел «Линейная алгебра и геометрия»).

Что нужно:
- краткая мотивация и точные определения;
- ключевые утверждения/теоремы с условиями применимости (без подробных доказательств);
- 2–3 типовых примера с разбором;
- 3–5 задач для самопроверки (без решений);
Формат: Markdown с заголовками H2/H3, формулы в LaTeX ($...$). Стиль нейтральный, без дидактики. 500–900 слов.","Конечно. Ниже представлен конспект по теме «Собственные значения/векторы, диагонализация, жорданова форма» в соответствии с вашими требованиями.

---

## Собственные значения и собственные векторы

### Мотивация
Действие линейного оператора на произвольный вектор может быть сложным. Однако существуют особые ненулевые векторы, которые под действием оператора не меняют своего направления, а лишь растягиваются или сжимаются. Такие векторы называются собственными. Поиск таких векторов позволяет упростить описание линейного преобразования, сводя его к простому умножению на число (собственное значение) вдоль определённых направлений.

### Определения
Пусть $A$ — квадратная матрица размера $n \times n$, представляющая линейный оператор в некотором базисе.

*   **Собственный вектор** (eigenvector) — это ненулевой вектор-столбец $x$ ($x \neq 0$), который удовлетворяет уравнению:
    $$Ax = \lambda x$$
*   **Собственное значение** (eigenvalue) — это число $\lambda$, соответствующее данному собственному вектору $x$.

Для нахождения собственных значений уравнение переписывается в виде:
$$Ax - \lambda x = 0 \implies (A - \lambda I)x = 0$$
где $I$ — единичная матрица.

Эта система линейных однородных уравнений имеет ненулевое решение $x$ только в том случае, если её определитель равен нулю:
$$ \det(A - \lambda I) = 0 $$
Это уравнение называется **характеристическим уравнением**. Его корни являются собственными значениями матрицы $A$.

*   **Алгебраическая кратность** собственного значения $\lambda$ — это кратность $\lambda$ как корня характеристического многочлена $\det(A - \lambda I)$.
*   **Геометрическая кратность** собственного значения $\lambda$ — это размерность пространства решений системы $(A - \lambda I)x = 0$, т.е. количество линейно независимых собственных векторов для данного $\lambda$.

## Диагонализация матрицы

### Мотивация и определение
Диагональные матрицы удобны в вычислениях: их легко возводить в степень, обращать и находить определитель. Диагонализация — это процесс представления матрицы $A$ в виде произведения $A = PDP^{-1}$, где $D$ — диагональная матрица. Это эквивалентно поиску базиса из собственных векторов, в котором матрица оператора имеет диагональный вид.

Матрица $A$ размера $n \times n$ называется **диагонализируемой**, если существует такая невырожденная матрица $P$, что матрица $D = P^{-1}AP$ является диагональной.

### Ключевое утверждение
*   **Теорема (критерий диагонализируемости):** Квадратная матрица $A$ размера $n \times n$ диагонализируема тогда и только тогда, когда она имеет $n$ линейно независимых собственных векторов.

    *   Матрица $P$ составляется из этих векторов-столбцов: $P = [v_1, v_2, \dots, v_n]$.
    *   Диагональная матрица $D$ содержит на главной диагонали соответствующие собственные значения: $D = \text{diag}(\lambda_1, \lambda_2, \dots, \lambda_n)$.

*   **Достаточное условие:** Если все $n$ собственных значений матрицы $A$ различны, то она диагонализируема.
*   **Необходимое и достаточное условие:** Матрица диагонализируема тогда и только тогда, когда для каждого её собственного значения алгебраическая кратность равна геометрической.

## Жорданова нормальная форма

### Мотивация
Не все матрицы диагонализируемы. Это происходит, когда для некоторого собственного значения геометрическая кратность строго меньше алгебраической (не хватает линейно независимых собственных векторов). Жорданова нормальная форма (ЖНФ) — это канонический вид, к которому можно привести любую квадратную матрицу над алгебраически замкнутым полем (например, полем комплексных чисел $\mathbb{C}$). ЖНФ является блочно-диагональной и наиболее близка к диагональному виду.

### Определения
*   **Жорданова клетка** $J_k(\lambda)$ — это квадратная матрица размера $k \times k$ вида:
    $$ J_k(\lambda) = \begin{pmatrix}
    \lambda & 1 & 0 & \dots & 0 \\
    0 & \lambda & 1 & \dots & 0 \\
    \vdots & \vdots & \ddots & \ddots & \vdots \\
    0 & 0 & \dots & \lambda & 1 \\
    0 & 0 & \dots & 0 & \lambda
    \end{pmatrix} $$
    На главной диагонали стоит $\lambda$, на наддиагонали — единицы, остальные элементы — нули.

*   **Жорданова матрица** (матрица в ЖНФ) — это блочно-диагональная матрица, блоки которой являются жордановыми клетками:
    $$ J = \begin{pmatrix}
    J_{k_1}(\lambda_1) & 0 & \dots & 0 \\
    0 & J_{k_2}(\lambda_2) & \dots & 0 \\
    \vdots & \vdots & \ddots & \vdots \\
    0 & 0 & \dots & J_{k_m}(\lambda_m)
    \end{pmatrix} $$

### Ключевое утверждение
*   **Теорема о Жордановой нормальной форме:** Для любой квадратной матрицы $A$ с комплексными элементами существует невырожденная матрица $P$ такая, что $A = PJP^{-1}$, где $J$ — жорданова матрица. ЖНФ $J$ определена однозначно с точностью до перестановки жордановых клеток.

*   Количество жордановых клеток для собственного значения $\lambda$ равно его геометрической кратности.
*   Сумма размеров всех клеток для $\lambda$ равна его алгебраической кратности.
*   Базис, в котором матрица принимает жорданову форму, называется **жордановым базисом**. Он состоит из собственных и **присоединённых** векторов.

## Примеры

### Пример 1: Диагонализируемая матрица
Дана матрица $ A = \begin{pmatrix} 4 & -2 \\ 1 & 1 \end{pmatrix} $.

1.  **Нахождение собственных значений:**
    $$ \det(A - \lambda I) = \det \begin{pmatrix} 4-\lambda & -2 \\ 1 & 1-\lambda \end{pmatrix} = (4-\lambda)(1-\lambda) - (-2) = \lambda^2 - 5\lambda + 6 = 0 $$
    Корни: $\lambda_1 = 2$, $\lambda_2 = 3$. Два различных собственных значения, значит, матрица диагонализируема.

2.  **Нахождение собственных векторов:**
    *   Для $\lambda_1 = 2$:
        $$ (A - 2I)x = \begin{pmatrix} 2 & -2 \\ 1 & -1 \end{pmatrix} \begin{pmatrix} x_1 \\ x_2 \end{pmatrix} = \begin{pmatrix} 0 \\ 0 \end{pmatrix} \implies x_1 - x_2 = 0 $$
        Собственный вектор $v_1 = \begin{pmatrix} 1 \\ 1 \end{pmatrix}$.
    *   Для $\lambda_2 = 3$:
        $$ (A - 3I)x = \begin{pmatrix} 1 & -2 \\ 1 & -2 \end{pmatrix} \begin{pmatrix} x_1 \\ x_2 \end{pmatrix} = \begin{pmatrix} 0 \\ 0 \end{pmatrix} \implies x_1 - 2x_2 = 0 $$
        Собственный вектор $v_2 = \begin{pmatrix} 2 \\ 1 \end{pmatrix}$.

3.  **Построение матриц P и D:**
    $ P = \begin{pmatrix} 1 & 2 \\ 1 & 1 \end{pmatrix} $, $ D = \begin{pmatrix} 2 & 0 \\ 0 & 3 \end{pmatrix} $. Проверка показывает, что $A = PDP^{-1}$.

### Пример 2: Недиагонализируемая матрица (ЖНФ)
Дана матрица $ A = \begin{pmatrix} 3 & -1 \\ 1 & 1 \end{pmatrix} $.

1.  **Нахождение собственных значений:**
    $$ \det(A - \lambda I) = \det \begin{pmatrix} 3-\lambda & -1 \\ 1 & 1-\lambda \end{pmatrix} = (3-\lambda)(1-\lambda) + 1 = \lambda^2 - 4\lambda + 4 = (\lambda-2)^2 = 0 $$
    Корень $\lambda = 2$ имеет алгебраическую кратность 2.

2.  **Нахождение собственных векторов:**
    $$ (A - 2I)x = \begin{pmatrix} 1 & -1 \\ 1 & -1 \end{pmatrix} \begin{pmatrix} x_1 \\ x_2 \end{pmatrix} = \begin{pmatrix} 0 \\ 0 \end{pmatrix} \implies x_1 - x_2 = 0 $$
    Пространство решений одномерно. Собственный вектор $v_1 = \begin{pmatrix} 1 \\ 1 \end{pmatrix}$.
    Геометрическая кратность равна 1, что меньше алгебраической (2). Матрица не диагонализируема.

3.  **Построение жорданова базиса:**
    *   Найден собственный вектор $v_1$.
    *   Нужно найти присоединённый вектор $v_2$, решающий систему $(A - \lambda I)v_2 = v_1$:
        $$ \begin{pmatrix} 1 & -1 \\ 1 & -1 \end{pmatrix} v_2 = \begin{pmatrix} 1 \\ 1 \end{pmatrix} \implies x_1 - x_2 = 1 $$
        Можно выбрать $v_2 = \begin{pmatrix} 1 \\ 0 \end{pmatrix}$.
    *   Базис состоит из $\{v_1, v_2\}$.

4.  **Построение матриц P и J:**
    $ P = [v_1, v_2] = \begin{pmatrix} 1 & 1 \\ 1 & 0 \end{pmatrix} $, $ J = \begin{pmatrix} 2 & 1 \\ 0 & 2 \end{pmatrix} $. Проверка показывает, что $A = PJP^{-1}$.

---

## Задачи для самопроверки

1.  Найти собственные значения и собственные векторы матрицы $ A = \begin{pmatrix} 5 & 4 \\ -2 & -1 \end{pmatrix} $. Является ли она диагонализируемой?

2.  Проверить на диагонализируемость матрицу $ B = \begin{pmatrix} 0 & 1 \\ -1 & 2 \end{pmatrix} $. Если она не диагонализируема, привести её к жордановой нормальной форме.

3.  Привести матрицу $ C = \begin{pmatrix} 2 & 1 & 0 \\ 0 & 2 & 0 \\ 0 & 0 & 3 \end{pmatrix} $ к ЖНФ. Какой вид имеет её жорданов базис?

4.  Найти ЖНФ для матрицы $ D = \begin{pmatrix} 1 & -1 & 1 \\ 0 & 1 & 0 \\ -1 & 0 & 2 \end{pmatrix} $.",True,
Линейная алгебра и геометрия,4,"Евклидовы пространства: скалярное произведение, ортогональность, проекции","Сделай компактный конспект по теме «Евклидовы пространства: скалярное произведение, ортогональность, проекции» (раздел «Линейная алгебра и геометрия»).

Что нужно:
- краткая мотивация и точные определения;
- ключевые утверждения/теоремы с условиями применимости (без подробных доказательств);
- 2–3 типовых примера с разбором;
- 3–5 задач для самопроверки (без решений);
Формат: Markdown с заголовками H2/H3, формулы в LaTeX ($...$). Стиль нейтральный, без дидактики. 500–900 слов.","## Евклидовы пространства: скалярное произведение, ортогональность, проекции

### Введение и определения

Векторные пространства в линейной алгебре изначально не содержат понятий длины, расстояния или угла. Для введения этих метрических свойств на вещественном линейном пространстве $V$ вводится дополнительная структура — **скалярное произведение**. Это позволяет обобщить интуитивные геометрические понятия из 2D и 3D на пространства произвольной конечной размерности.

#### Евклидово пространство
Вещественное линейное пространство $V$ называется **евклидовым**, если на нём определена операция скалярного произведения.

#### Скалярное произведение
**Скалярное произведение** — это правило, которое каждой паре векторов $x, y \in V$ ставит в соответствие вещественное число, обозначаемое $(x, y)$, и удовлетворяющее трём аксиомам:

1.  **Симметричность (коммутативность):**
    $(x, y) = (y, x)$ для любых $x, y \in V$.

2.  **Линейность по первому аргументу:**
    $(\alpha x_1 + \beta x_2, y) = \alpha(x_1, y) + \beta(x_2, y)$ для любых векторов $x_1, x_2, y \in V$ и любых скаляров $\alpha, \beta \in \mathbb{R}$.
    *Из симметричности следует линейность и по второму аргументу.*

3.  **Положительная определённость:**
    $(x, x) \ge 0$ для любого $x \in V$, причём $(x, x) = 0$ тогда и только тогда, когда $x = \mathbf{0}$ (нулевой вектор).

#### Норма, угол, расстояние
На основе скалярного произведения определяются:
- **Норма (длина) вектора** $x$:
  $||x|| = \sqrt{(x, x)}$

- **Угол $\varphi$ между ненулевыми векторами** $x$ и $y$:
  $\cos \varphi = \frac{(x, y)}{||x|| \cdot ||y||}$

- **Расстояние между векторами** $x$ и $y$:
  $d(x, y) = ||x - y|| = \sqrt{(x - y, x - y)}$

### Ключевые утверждения и свойства

#### Неравенство Коши-Буняковского-Шварца
Для любых векторов $x, y$ в евклидовом пространстве выполняется неравенство:
$|(x, y)| \le ||x|| \cdot ||y||$
Равенство достигается тогда и только тогда, когда векторы $x$ и $y$ линейно зависимы (коллинеарны). Это неравенство гарантирует, что значение косинуса угла между векторами всегда лежит в отрезке $[-1, 1]$.

#### Неравенство треугольника (неравенство Минковского)
Для любых векторов $x, y$ в евклидовом пространстве выполняется:
$||x + y|| \le ||x|| + ||y||$
Геометрически: длина любой стороны треугольника не превышает суммы длин двух других сторон.

#### Ортогональность
Два вектора $x$ и $y$ называются **ортогональными** (обозначается $x \perp y$), если их скалярное произведение равно нулю:
$(x, y) = 0$
Для ненулевых векторов это эквивалентно тому, что угол между ними равен $\pi/2$ (90°).

#### Теорема Пифагора
Если векторы $x$ и $y$ ортогональны ($x \perp y$), то выполняется равенство:
$||x + y||^2 = ||x||^2 + ||y||^2$

#### Проекции
- **Скалярная проекция** вектора $x$ на направление ненулевого вектора $y$ — это число:
  $\text{пр}_y x = \frac{(x, y)}{||y||}$

- **Векторная проекция** вектора $x$ на направление ненулевого вектора $y$ — это вектор, коллинеарный $y$:
  $\text{proj}_y x = \frac{(x, y)}{||y||^2} y$
Векторная проекция представляет собой составляющую вектора $x$ ""вдоль"" направления вектора $y$.

### Примеры

Стандартным евклидовым пространством является $\mathbb{R}^n$ со **стандартным скалярным произведением**: для векторов $x = (x_1, \dots, x_n)$ и $y = (y_1, \dots, y_n)$ оно определяется как
$(x, y) = \sum_{i=1}^n x_i y_i$.

#### Пример 1: Вычисление угла между векторами
Найти угол $\varphi$ между векторами $a = (1, 2, -2)$ и $b = (3, 0, 4)$ в $\mathbb{R}^3$.

1.  **Вычисляем скалярное произведение:**
    $(a, b) = 1 \cdot 3 + 2 \cdot 0 + (-2) \cdot 4 = 3 + 0 - 8 = -5$.

2.  **Вычисляем нормы векторов:**
    $||a|| = \sqrt{1^2 + 2^2 + (-2)^2} = \sqrt{1 + 4 + 4} = \sqrt{9} = 3$.
    $||b|| = \sqrt{3^2 + 0^2 + 4^2} = \sqrt{9 + 0 + 16} = \sqrt{25} = 5$.

3.  **Находим косинус угла:**
    $\cos \varphi = \frac{(a, b)}{||a|| \cdot ||b||} = \frac{-5}{3 \cdot 5} = -\frac{1}{3}$.

**Ответ:** $\varphi = \arccos(-1/3)$.

#### Пример 2: Проверка ортогональности и нахождение проекции
Даны векторы $x = (2, 1, -3)$ и $y = (1, 4, 2)$ в $\mathbb{R}^3$. Проверить их на ортогональность. Найти проекцию вектора $z = (5, 0, -1)$ на вектор $x$.

1.  **Проверка ортогональности $x$ и $y$:**
    $(x, y) = 2 \cdot 1 + 1 \cdot 4 + (-3) \cdot 2 = 2 + 4 - 6 = 0$.
    Поскольку скалярное произведение равно нулю, векторы $x$ и $y$ **ортогональны**.

2.  **Нахождение векторной проекции $\text{proj}_x z$:**
    Используем формулу $\text{proj}_x z = \frac{(z, x)}{||x||^2} x$.

    - Вычисляем скалярное произведение $(z, x)$:
      $(z, x) = 5 \cdot 2 + 0 \cdot 1 + (-1) \cdot (-3) = 10 + 0 + 3 = 13$.

    - Вычисляем квадрат нормы $||x||^2$:
      $||x||^2 = 2^2 + 1^2 + (-3)^2 = 4 + 1 + 9 = 14$.

    - Подставляем в формулу:
      $\text{proj}_x z = \frac{13}{14} x = \frac{13}{14} (2, 1, -3) = \left(\frac{26}{14}, \frac{13}{14}, -\frac{39}{14}\right) = \left(\frac{13}{7}, \frac{13}{14}, -\frac{39}{14}\right)$.

**Ответ:** Векторы $x, y$ ортогональны. Проекция $z$ на $x$ равна $\text{proj}_x z = \left(\frac{13}{7}, \frac{13}{14}, -\frac{39}{14}\right)$.

### Задачи для самопроверки

1.  Даны векторы $u = (4, -1, 2)$ и $v = (1, 6, 1)$ в $\mathbb{R}^3$. Найдите косинус угла между ними.

2.  При каком значении параметра $\alpha$ векторы $p = (3, \alpha, -1)$ и $q = (\alpha, 2, 5)$ будут ортогональны в пространстве $\mathbb{R}^3$ со стандартным скалярным произведением?

3.  Найдите векторную проекцию вектора $a = (1, 1, 1)$ на вектор $b = (1, 2, 3)$ в $\mathbb{R}^3$.

4.  Проверьте, задаёт ли операция $(x, y) = 2x_1y_1 + x_2y_2$ на пространстве $\mathbb{R}^2$ скалярное произведение. (Необходимо проверить выполнение всех трёх аксиом).

5.  В пространстве $\mathbb{R}^4$ даны векторы $a = (1, 0, 1, 0)$ и $b = (0, 1, 0, 1)$. Примените к ним теорему Пифагора (проверьте её выполнение).",True,
Линейная алгебра и геометрия,2,"Матрицы, ранг и базовые разложения (LU, QR, SVD)","Сделай компактный конспект по теме «Матрицы, ранг и базовые разложения (LU, QR, SVD)» (раздел «Линейная алгебра и геометрия»).

Что нужно:
- краткая мотивация и точные определения;
- ключевые утверждения/теоремы с условиями применимости (без подробных доказательств);
- 2–3 типовых примера с разбором;
- 3–5 задач для самопроверки (без решений);
Формат: Markdown с заголовками H2/H3, формулы в LaTeX ($...$). Стиль нейтральный, без дидактики. 500–900 слов.","## Матрицы, ранг и базовые разложения

### Матрицы и ранг

#### Мотивация
Матрицы являются фундаментальным инструментом для представления и анализа линейных объектов и преобразований. Они компактно описывают системы линейных уравнений, аффинные преобразования (вращение, масштабирование, сдвиг) и наборы данных. Ранг матрицы — это ключевая числовая характеристика, показывающая ""эффективную размерность"" пространства, порождаемого её столбцами или строками.

#### Определения
**Матрица** — прямоугольная таблица элементов (чисел, символов), состоящая из $m$ строк и $n$ столбцов. Размерность матрицы — $m \times n$. Элемент на пересечении $i$-й строки и $j$-го столбца обозначается $a_{ij}$.
$$
A = \begin{pmatrix}
a_{11} & a_{12} & \cdots & a_{1n} \\
a_{21} & a_{22} & \cdots & a_{2n} \\
\vdots & \vdots & \ddots & \vdots \\
a_{m1} & a_{m2} & \cdots & a_{mn}
\end{pmatrix}
$$
**Ранг матрицы** ($rank(A)$ или $rg(A)$) — максимальное число линейно независимых строк (строчный ранг) или столбцов (столбцовый ранг) матрицы.

#### Ключевые утверждения
1.  **Теорема о ранге:** Строчный ранг матрицы всегда равен её столбцовому рангу.
2.  Ранг не превышает минимальной из размерностей: $rank(A) \le \min(m, n)$.
3.  $rank(A) = rank(A^T)$, где $A^T$ — транспонированная матрица.
4.  Квадратная матрица $A$ размера $n \times n$ называется **невырожденной** (обратимой), если $rank(A) = n$. В противном случае она **вырожденная**.
5.  **Теорема Кронекера-Капелли:** Система линейных алгебраических уравнений (СЛАУ) $Ax = b$ совместна (имеет хотя бы одно решение) тогда и только тогда, когда ранг основной матрицы $A$ равен рангу расширенной матрицы $[A|b]$.

---

### Базовые матричные разложения

Матричные разложения (факторизации) представляют исходную матрицу в виде произведения более простых матриц. Это упрощает вычисления и анализ свойств исходной матрицы.

#### LU-разложение
Представление матрицы $A$ в виде произведения нижней треугольной матрицы $L$ (Lower) и верхней треугольной матрицы $U$ (Upper).
$$
A = LU
$$
где $L$ — нижняя треугольная матрица с единицами на главной диагонали, а $U$ — верхняя треугольная.

*   **Мотивация:** Основное применение — эффективное решение СЛАУ $Ax = b$. Система преобразуется в две последовательные: $Ly = b$ (решается прямым ходом) и $Ux = y$ (решается обратным ходом). Также используется для вычисления определителя ($\det(A) = \det(L)\det(U) = \det(U)$) и обращения матриц.
*   **Условия применимости:** LU-разложение существует и единственно, если все главные миноры матрицы $A$ не равны нулю. Для любой невырожденной матрицы существует разложение вида $PA = LU$, где $P$ — матрица перестановок.

#### QR-разложение
Представление матрицы $A$ в виде произведения ортогональной (или унитарной) матрицы $Q$ и верхней треугольной матрицы $R$.
$$
A = QR
$$
где $Q$ — ортогональная матрица ($Q^T Q = I$, где $I$ — единичная матрица), а $R$ — верхняя треугольная матрица.

*   **Мотивация:** QR-разложение является основой для многих численных алгоритмов, в частности, для нахождения собственных значений (QR-алгоритм) и для решения задачи наименьших квадратов. Геометрически процесс соответствует ортогонализации базиса, заданного столбцами матрицы $A$ (метод Грама-Шмидта).
*   **Условия применимости:** QR-разложение существует для любой вещественной матрицы $A$ размера $m \times n$. Если $A$ — квадратная невырожденная матрица, то разложение единственно с точностью до знаков столбцов $Q$ (или если потребовать положительность диагональных элементов $R$).

#### Сингулярное разложение (SVD)
Представление произвольной матрицы $A$ в виде произведения трёх матриц:
$$
A = U \Sigma V^T
$$
где:
*   $U$ — ортогональная матрица $m \times m$ (левые сингулярные векторы).
*   $\Sigma$ — диагональная матрица $m \times n$ с неотрицательными элементами на диагонали $\sigma_1 \ge \sigma_2 \ge \dots \ge 0$ (сингулярные числа).
*   $V^T$ — транспонированная ортогональная матрица $n \times n$ ($V$ содержит правые сингулярные векторы).

*   **Мотивация:** SVD — самое общее и мощное разложение. Оно предоставляет полную информацию о геометрии линейного преобразования, описываемого матрицей. Применяется в методе главных компонент (PCA), сжатии данных (например, изображений), решении переопределенных и недоопределенных СЛАУ, вычислении псевдообратной матрицы.
*   **Условия применимости:** Сингулярное разложение существует для **любой** матрицы $A$ размера $m \times n$.
*   **Связь с рангом:** Ранг матрицы $A$ равен количеству её ненулевых сингулярных чисел.

---

### Примеры

#### Пример 1: LU-разложение

Найти LU-разложение для матрицы $A = \begin{pmatrix} 2 & 1 \\ 4 & 5 \end{pmatrix}$.

Ищем $L = \begin{pmatrix} 1 & 0 \\ l_{21} & 1 \end{pmatrix}$ и $U = \begin{pmatrix} u_{11} & u_{12} \\ 0 & u_{22} \end{pmatrix}$ такие, что $LU=A$.
$$
\begin{pmatrix} 1 & 0 \\ l_{21} & 1 \end{pmatrix} \begin{pmatrix} u_{11} & u_{12} \\ 0 & u_{22} \end{pmatrix} = \begin{pmatrix} u_{11} & u_{12} \\ l_{21}u_{11} & l_{21}u_{12} + u_{22} \end{pmatrix} = \begin{pmatrix} 2 & 1 \\ 4 & 5 \end{pmatrix}
$$
Приравнивая элементы, получаем систему:
1.  $u_{11} = 2$
2.  $u_{12} = 1$
3.  $l_{21} u_{11} = 4 \implies l_{21} \cdot 2 = 4 \implies l_{21} = 2$
4.  $l_{21} u_{12} + u_{22} = 5 \implies 2 \cdot 1 + u_{22} = 5 \implies u_{22} = 3$

**Ответ:** $L = \begin{pmatrix} 1 & 0 \\ 2 & 1 \end{pmatrix}$, $U = \begin{pmatrix} 2 & 1 \\ 0 & 3 \end{pmatrix}$.

#### Пример 2: QR-разложение (через процесс Грама-Шмидта)

Найти QR-разложение для матрицы $A = \begin{pmatrix} 3 & 5 \\ 4 & 5 \end{pmatrix}$.
Столбцы матрицы: $a_1 = (3, 4)^T$, $a_2 = (5, 5)^T$.

1.  **Ортогонализация:**
    *   $u_1 = a_1 = (3, 4)^T$.
    *   $u_2 = a_2 - \text{proj}_{u_1}(a_2) = a_2 - \frac{a_2 \cdot u_1}{u_1 \cdot u_1} u_1$.
        *   $a_2 \cdot u_1 = 5 \cdot 3 + 5 \cdot 4 = 15 + 20 = 35$.
        *   $u_1 \cdot u_1 = 3^2 + 4^2 = 9 + 16 = 25$.
        *   $u_2 = (5, 5)^T - \frac{35}{25} (3, 4)^T = (5, 5)^T - \frac{7}{5}(3, 4)^T = (5-21/5, 5-28/5)^T = (4/5, -3/5)^T$.

2.  **Нормализация:**
    *   $\|u_1\| = \sqrt{25} = 5 \implies q_1 = \frac{u_1}{\|u_1\|} = (3/5, 4/5)^T$.
    *   $\|u_2\| = \sqrt{(4/5)^2 + (-3/5)^2} = \sqrt{16/25+9/25} = 1 \implies q_2 = u_2 = (4/5, -3/5)^T$.

3.  **Формирование матриц:**
    *   $Q = \begin{pmatrix} q_1 & q_2 \end{pmatrix} = \begin{pmatrix} 3/5 & 4/5 \\ 4/5 & -3/5 \end{pmatrix}$.
    *   $R = Q^T A = \begin{pmatrix} 3/5 & 4/5 \\ 4/5 & -3/5 \end{pmatrix} \begin{pmatrix} 3 & 5 \\ 4 & 5 \end{pmatrix} = \begin{pmatrix} \frac{9+16}{5} & \frac{15+20}{5} \\ \frac{12-12}{5} & \frac{20-15}{5} \end{pmatrix} = \begin{pmatrix} 5 & 7 \\ 0 & 1 \end{pmatrix}$.

**Ответ:** $Q = \begin{pmatrix} 0.6 & 0.8 \\ 0.8 & -0.6 \end{pmatrix}$, $R = \begin{pmatrix} 5 & 7 \\ 0 & 1 \end{pmatrix}$.

---

### Задачи для самопроверки

1.  Найдите ранг матрицы $A = \begin{pmatrix} 1 & 2 & 3 & 4 \\ 2 & 4 & 6 & 8 \\ -1 & 0 & 1 & 2 \end{pmatrix}$.
2.  Найдите LU-разложение для матрицы $B = \begin{pmatrix} 1 & 4 & -1 \\ 2 & 10 & -1 \\ -1 & -6 & 0 \end{pmatrix}$.
3.  Для СЛАУ $Ax=b$ с матрицей $A$ из задачи 1, сколько решений может иметь система в зависимости от вектора $b$? Обоснуйте ответ, используя понятие ранга.
4.  Матрица $A$ имеет сингулярное разложение $A = U \Sigma V^T$. Как, используя эти матрицы, выразить SVD для матрицы $A^T$?
5.  Используя метод Грама-Шмидта, найдите QR-разложение для матрицы $C = \begin{pmatrix} 1 & 1 \\ 0 & 1 \\ 1 & 0 \end{pmatrix}$.",True,
Линейная алгебра и геометрия,5,"Квадратичные формы, канонический вид, аффинные и евклидовы преобразования","Сделай компактный конспект по теме «Квадратичные формы, канонический вид, аффинные и евклидовы преобразования» (раздел «Линейная алгебра и геометрия»).

Что нужно:
- краткая мотивация и точные определения;
- ключевые утверждения/теоремы с условиями применимости (без подробных доказательств);
- 2–3 типовых примера с разбором;
- 3–5 задач для самопроверки (без решений);
Формат: Markdown с заголовками H2/H3, формулы в LaTeX ($...$). Стиль нейтральный, без дидактики. 500–900 слов.","## Конспект: Квадратичные формы и преобразования

### Определение и матрица квадратичной формы

**Мотивация:** Квадратичные формы используются для изучения геометрии кривых и поверхностей второго порядка (эллипсов, гиперболоидов и т.д.) в окрестности точки, а также в анализе, механике и других областях для аппроксимации функций и анализа их экстремумов.

**Определение:** Квадратичной формой $Q(x_1, \dots, x_n)$ от $n$ переменных называется однородный многочлен второй степени:
$$Q(x_1, \dots, x_n) = \sum_{i=1}^n \sum_{j=1}^n a_{ij} x_i x_j$$
где $a_{ij}$ — числовые коэффициенты.

**Матрица квадратичной формы:** Любой квадратичной форме можно сопоставить единственную симметричную матрицу $A = (a_{ij})$ размера $n \times n$, где $a_{ij} = a_{ji}$.

В матричном виде форма записывается как:
$$Q(X) = X^T A X$$
где $X = \begin{pmatrix} x_1 \\ \vdots \\ x_n \end{pmatrix}$ — столбец переменных.

Правила составления матрицы $A$ по многочлену:
- Диагональные элементы $a_{ii}$ — это коэффициенты при $x_i^2$.
- Внедиагональные элементы $a_{ij}$ и $a_{ji}$ равны половине коэффициента при произведении $x_i x_j$ для $i \neq j$.

### Канонический и нормальный вид

Цель приведения к каноническому виду — упростить выражение для квадратичной формы путем замены переменных, чтобы избавиться от смешанных произведений ($x_i x_j$ при $i \neq j$).

#### Канонический вид
**Определение:** Каноническим видом квадратичной формы называется ее представление в виде суммы квадратов новых переменных с некоторыми коэффициентами:
$$Q(y_1, \dots, y_n) = \sum_{i=1}^n \lambda_i y_i^2 = \lambda_1 y_1^2 + \lambda_2 y_2^2 + \dots + \lambda_n y_n^2$$
Переход к новым переменным $Y$ осуществляется через невырожденное линейное преобразование $X = C Y$, где $\det(C) \neq 0$.

#### Метод Лагранжа
Универсальный алгоритмический метод приведения к каноническому виду путем последовательного выделения полных квадратов. Метод применим над любым числовым полем.

#### Закон инерции и нормальный вид
**Теорема (Закон инерции):** Число положительных, отрицательных и нулевых коэффициентов в каноническом виде квадратичной формы не зависит от способа приведения. Эти числа являются инвариантами формы.
- **Положительный индекс инерции ($p$)**: количество положительных коэффициентов $\lambda_i$.
- **Отрицательный индекс инерции ($q$)**: количество отрицательных коэффициентов $\lambda_i$.
- **Сигнатура**: пара чисел $(p, q)$. Ранг формы $r = p+q$.

**Нормальный вид:** Дальнейшим масштабированием переменных ($z_i = \sqrt{|\lambda_i|} y_i$) канонический вид можно привести к нормальному виду, где все ненулевые коэффициенты равны $\pm 1$:
$$Q(z_1, \dots, z_n) = z_1^2 + \dots + z_p^2 - z_{p+1}^2 - \dots - z_{p+q}^2$$

### Аффинные и евклидовы преобразования

Тип преобразования определяет, к какому виду может быть приведена форма и какой смысл имеют коэффициенты канонического вида.

#### Аффинные преобразования
- **Преобразование:** $X = C Y$, где $C$ — любая невырожденная матрица ($\det(C) \neq 0$). Геометрически соответствует линейным трансформациям (сжатие, растяжение, сдвиг) с последующим возможным параллельным переносом (который на саму форму не влияет).
- **Результат:** С помощью аффинных преобразований любую квадратичную форму можно привести к её **нормальному виду**. Это возможно, так как аффинные преобразования допускают независимое масштабирование по разным осям.

#### Евклидовы (ортогональные) преобразования
- **Преобразование:** $X = P Y$, где $P$ — ортогональная матрица ($P^T P = I$, где $I$ — единичная матрица, $\det(P) = \pm 1$). Геометрически соответствует поворотам и отражениям, сохраняющим длины векторов и углы между ними.
- **Результат:** С помощью ортогональных преобразований любую квадратичную форму можно привести к **каноническому виду**.
- **Ключевая теорема:** Для любой вещественной симметричной матрицы $A$ существует ортогональная матрица $P$, такая что матрица $D = P^T A P$ является диагональной.
    - Диагональные элементы матрицы $D$ (коэффициенты $\lambda_i$ канонического вида) являются **собственными значениями** матрицы $A$.
    - Столбцы матрицы $P$ являются соответствующими **ортонормированными собственными векторами** матрицы $A$.

### Примеры

#### Пример 1: Метод Лагранжа
Привести к каноническому виду форму $Q(x_1, x_2, x_3) = x_1^2 + 2x_2^2 + 3x_3^2 + 2x_1x_2 - 2x_1x_3 + 4x_2x_3$.

1.  Группируем члены с $x_1$ и выделяем полный квадрат:
    $$ (x_1^2 + 2x_1x_2 - 2x_1x_3) + 2x_2^2 + 3x_3^2 + 4x_2x_3 = \\ (x_1 + x_2 - x_3)^2 - (x_2 - x_3)^2 + 2x_2^2 + 3x_3^2 + 4x_2x_3 $$
2.  Раскрываем скобки и упрощаем:
    $$ (x_1 + x_2 - x_3)^2 - (x_2^2 - 2x_2x_3 + x_3^2) + 2x_2^2 + 3x_3^2 + 4x_2x_3 = \\ (x_1 + x_2 - x_3)^2 + x_2^2 + 2x_3^2 + 6x_2x_3 $$
3.  Делаем замену $y_1 = x_1 + x_2 - x_3$. Работаем с оставшейся частью: $x_2^2 + 6x_2x_3 + 2x_3^2$.
4.  Выделяем полный квадрат для $x_2$:
    $$ (x_2^2 + 6x_2x_3) + 2x_3^2 = (x_2 + 3x_3)^2 - 9x_3^2 + 2x_3^2 = (x_2 + 3x_3)^2 - 7x_3^2 $$
5.  Делаем замены $y_2 = x_2 + 3x_3$, $y_3 = x_3$.

Итоговый канонический вид: $Q = y_1^2 + y_2^2 - 7y_3^2$.
Сигнатура формы: $(2, 1)$.

#### Пример 2: Ортогональное преобразование
Привести к каноническому виду форму $Q(x_1, x_2) = 5x_1^2 + 8x_1x_2 - 5x_2^2$.

1.  Составляем матрицу формы:
    $A = \begin{pmatrix} 5 & 4 \\ 4 & -5 \end{pmatrix}$.
2.  Находим собственные значения из уравнения $\det(A - \lambda I) = 0$:
    $$ \begin{vmatrix} 5-\lambda & 4 \\ 4 & -5-\lambda \end{vmatrix} = (5-\lambda)(-5-\lambda) - 16 = \lambda^2 - 25 - 16 = \lambda^2 - 41 = 0 $$
    Собственные значения: $\lambda_1 = \sqrt{41}$, $\lambda_2 = -\sqrt{41}$.
3.  Канонический вид формы: $Q = \sqrt{41} y_1^2 - \sqrt{41} y_2^2$.
4.  Для нахождения преобразования нужно найти собственные векторы, соответствующие $\lambda_1, \lambda_2$, и нормировать их, составив из них матрицу $P$.

### Задачи для самопроверки

1.  Привести квадратичную форму $Q(x_1, x_2, x_3) = x_1^2 + 4x_2^2 + x_3^2 + 4x_1x_2 - 2x_1x_3$ к каноническому виду методом Лагранжа. Указать преобразование.
2.  Найти ортогональное преобразование, приводящее форму $Q(x_1, x_2) = x_1^2 - 4x_1x_2 + 4x_2^2$ к каноническому виду. Записать канонический вид.
3.  Определить сигнатуру квадратичной формы $Q(x, y, z) = 2xy + 2xz + 2yz$. Какой тип поверхности второго порядка (эллипсоид, гиперболоид и т.д.) задает уравнение $Q(x, y, z) = 1$?
4.  Найти нормальный вид и соответствующее невырожденное линейное преобразование для формы $Q(x_1, x_2) = 4x_1^2 - 12x_1x_2 + 9x_2^2$.",True,
Теория вероятностей и статистика,1,"Вероятностные пространства, случайные величины и распределения","Сделай компактный конспект по теме «Вероятностные пространства, случайные величины и распределения» (раздел «Теория вероятностей и статистика»).

Что нужно:
- краткая мотивация и точные определения;
- ключевые утверждения/теоремы с условиями применимости (без подробных доказательств);
- 2–3 типовых примера с разбором;
- 3–5 задач для самопроверки (без решений);
Формат: Markdown с заголовками H2/H3, формулы в LaTeX ($...$). Стиль нейтральный, без дидактики. 500–900 слов.","## Вероятностные пространства, случайные величины и распределения

### Мотивация и введение

Классическое определение вероятности (отношение числа благоприятных исходов к общему числу равновозможных исходов) применимо только к простым экспериментам с конечным числом исходов. Для описания более сложных систем, включая непрерывные явления (например, время ожидания автобуса, погрешность измерения), требуется более общий и строгий математический аппарат. Таким аппаратом является аксиоматический подход, предложенный А.Н. Колмогоровым, в основе которого лежит понятие вероятностного пространства.

## Вероятностное пространство

Вероятностное пространство — это математическая модель случайного эксперимента. Оно представляет собой тройку $(\Omega, \mathcal{F}, P)$, где:

### 1. Пространство элементарных исходов $\Omega$
Это непустое множество всех возможных, взаимоисключающих исходов случайного эксперимента. Элементы этого множества, обозначаемые как $\omega$, называются элементарными исходами.
*   **Пример (бросок монеты):** $\Omega = \{Орёл, Решка\}$.
*   **Пример (измерение температуры в градусах Цельсия):** $\Omega = (-\infty, +\infty)$ или более реалистичный интервал, например, $[-50, 50]$.

### 2. $\sigma$-алгебра событий $\mathcal{F}$
Это совокупность подмножеств $\Omega$, называемых событиями. Не любое подмножество $\Omega$ может быть событием, особенно в непрерывных случаях. $\mathcal{F}$ должна удовлетворять трём условиям:
1.  $\Omega \in \mathcal{F}$ (достоверное событие всегда входит в $\sigma$-алгебру).
2.  Если $A \in \mathcal{F}$, то и его дополнение $\bar{A} = \Omega \setminus A$ также принадлежит $\mathcal{F}$ (если $A$ — событие, то «не $A$» — тоже событие).
3.  Если $A_1, A_2, ...$ — счётная последовательность событий из $\mathcal{F}$, то их объединение $\bigcup_{i=1}^{\infty} A_i$ также принадлежит $\mathcal{F}$.

Событие — это элемент $\sigma$-алгебры $\mathcal{F}$, то есть такое подмножество $\Omega$, для которого мы можем определить вероятность.

### 3. Вероятностная мера $P$
Это функция $P: \mathcal{F} \to [0, 1]$, которая каждому событию $A \in \mathcal{F}$ ставит в соответствие число — его вероятность. Функция $P$ должна удовлетворять аксиомам Колмогорова:
1.  **Неотрицательность:** $P(A) \geq 0$ для любого события $A \in \mathcal{F}$.
2.  **Нормировка:** $P(\Omega) = 1$ (вероятность достоверного события равна 1).
3.  **Счётная аддитивность (сигма-аддитивность):** Для любой счётной последовательности попарно непересекающихся событий $A_1, A_2, ...$ ($A_i \cap A_j = \emptyset$ при $i \neq j$) выполняется равенство:
    $P\left(\bigcup_{i=1}^{\infty} A_i\right) = \sum_{i=1}^{\infty} P(A_i)$.

### Пример 1: Бросок игральной кости

*   **Пространство исходов:** $\Omega = \{1, 2, 3, 4, 5, 6\}$.
*   **$\sigma$-алгебра:** Для конечного $\Omega$ в качестве $\mathcal{F}$ обычно берут множество всех подмножеств $\Omega$ (булеан, $2^\Omega$). Например, событие «выпало чётное число» — это подмножество $A = \{2, 4, 6\}$, которое является элементом $\mathcal{F}$.
*   **Вероятностная мера:** Для «честной» кости вероятность каждого элементарного исхода равна $1/6$. Вероятность события $A$ определяется как сумма вероятностей входящих в него исходов.
    $P(A) = P(\{2, 4, 6\}) = P(\{2\}) + P(\{4\}) + P(\{6\}) = 1/6 + 1/6 + 1/6 = 3/6 = 0.5$.

## Случайные величины

Часто нас интересует не сам элементарный исход $\omega$, а некоторая его числовая характеристика.

**Случайная величина** — это функция $X: \Omega \to \mathbb{R}$, которая каждому элементарному исходу $\omega \in \Omega$ ставит в соответствие вещественное число $X(\omega)$ так, что для любого $x \in \mathbb{R}$ множество $\{\omega \in \Omega | X(\omega) \leq x\}$ является событием (т.е. принадлежит $\mathcal{F}$).

Это условие (измеримость) необходимо, чтобы мы могли вычислять вероятности вида $P(X \leq x)$.

**Типы случайных величин:**
*   **Дискретная:** Принимает конечное или счётное число значений.
*   **Непрерывная:** Может принимать любое значение из некоторого интервала.

## Распределения случайных величин

Распределение полностью описывает вероятностное поведение случайной величины.

### Функция распределения (CDF)
Универсальный способ описания распределения для любой случайной величины.
**Функция распределения (Cumulative Distribution Function)** $F_X(x)$ случайной величины $X$ определяется как:
$F_X(x) = P(X \leq x), \quad x \in \mathbb{R}$

**Свойства CDF:**
1.  $0 \leq F_X(x) \leq 1$.
2.  $F_X(x)$ — неубывающая функция.
3.  $\lim_{x \to -\infty} F_X(x) = 0$, $\lim_{x \to +\infty} F_X(x) = 1$.

### Функция плотности и функция массы вероятностей

*   **Для дискретной СВ:** Распределение задаётся **функцией массы вероятностей (Probability Mass Function, PMF)**, $p_X(x_k) = P(X = x_k)$.
    Сумма всех вероятностей равна 1: $\sum_k p_X(x_k) = 1$.

*   **Для абсолютно непрерывной СВ:** Распределение задаётся **функцией плотности вероятности (Probability Density Function, PDF)**, $f_X(x)$, такой что:
    $F_X(x) = \int_{-\infty}^{x} f_X(t) dt$

    Вероятность попадания в интервал: $P(a < X \leq b) = \int_a^b f_X(x) dx$.

    **Свойства PDF:**
    1.  $f_X(x) \geq 0$ для всех $x$.
    2.  $\int_{-\infty}^{+\infty} f_X(x)dx = 1$.

### Пример 2: Равномерное распределение на $[0, 1]$

Рассмотрим эксперимент: случайный выбор точки из отрезка $[0, 1]$.
Случайная величина $X$ — координата выбранной точки.
*   **Функция плотности (PDF):**
    $f_X(x) = \begin{cases} 1, & x \in [0, 1] \\ 0, & x \notin [0, 1] \end{cases}$
*   **Функция распределения (CDF):**
    $F_X(x) = \int_{-\infty}^{x} f_X(t)dt = \begin{cases} 0, & x < 0 \\ x, & x \in [0, 1] \\ 1, & x > 1 \end{cases}$
*   **Вероятность попадания в интервал:**
    $P(0.2 \leq X \leq 0.7) = \int_{0.2}^{0.7} 1 dx = 0.5$.

### Ключевые утверждения

*   **Свойства вероятности (следствия из аксиом):**
    *   $P(\emptyset) = 0$.
    *   $P(\bar{A}) = 1 - P(A)$.
    *   Если $A \subseteq B$, то $P(A) \leq P(B)$.
    *   $P(A \cup B) = P(A) + P(B) - P(A \cap B)$.

*   **Закон больших чисел (слабая форма):** Пусть $X_1, X_2, ...$ — последовательность независимых, одинаково распределённых случайных величин с конечным математическим ожиданием $E[X_i] = \mu$. Тогда для любого $\epsilon > 0$ среднее арифметическое $\bar{X}_n = \frac{1}{n}\sum_{i=1}^n X_i$ сходится по вероятности к $\mu$:
    $\lim_{n \to \infty} P(|\bar{X}_n - \mu| > \epsilon) = 0$.
    *Условие применимости:* i.i.d. (independent and identically distributed) величины с конечным первым моментом.

---

### Задачи для самопроверки

1.  Опишите вероятностное пространство $(\Omega, \mathcal{F}, P)$ для эксперимента, состоящего из двух последовательных бросков симметричной монеты.

2.  Случайная величина $X$ принимает значения $\{-1, 0, 1\}$ с вероятностями $P(X=-1) = 0.3$, $P(X=0) = 0.5$, $P(X=1) = 0.2$. Постройте график её функции распределения $F_X(x)$.

3.  Дана функция $f(x) = \begin{cases} cx^2, & x \in [0, 1] \\ 0, & x \notin [0, 1] \end{cases}$. При каком значении константы $c$ эта функция является функцией плотности вероятности (PDF)? Найдите $P(X > 0.5)$.

4.  Пусть $X$ — случайная величина с непрерывной функцией распределения $F_X(x)$. Каково распределение случайной величины $Y = F_X(X)$? (Это утверждение известно как вероятностное интегральное преобразование).

5.  Случайная величина имеет экспоненциальное распределение с параметром $\lambda > 0$, её PDF равна $f(x) = \lambda e^{-\lambda x}$ при $x \ge 0$ и $0$ при $x < 0$. Найдите её функцию распределения (CDF) и вычислите $P(X > 1/\lambda)$.",True,
Теория вероятностей и статистика,2,"Математическое ожидание, дисперсия; ЗБЧ и ЦПТ","Сделай компактный конспект по теме «Математическое ожидание, дисперсия; ЗБЧ и ЦПТ» (раздел «Теория вероятностей и статистика»).

Что нужно:
- краткая мотивация и точные определения;
- ключевые утверждения/теоремы с условиями применимости (без подробных доказательств);
- 2–3 типовых примера с разбором;
- 3–5 задач для самопроверки (без решений);
Формат: Markdown с заголовками H2/H3, формулы в LaTeX ($...$). Стиль нейтральный, без дидактики. 500–900 слов.","Конечно, вот конспект по указанным темам.

### Математическое ожидание, дисперсия, ЗБЧ и ЦПТ

Этот конспект рассматривает числовые характеристики случайных величин и два фундаментальных предельных закона теории вероятностей.

## Математическое ожидание

### Мотивация
Математическое ожидание (МО) — это мера центральной тенденции случайной величины. Оно представляет собой средневзвешенное значение всех возможных исходов, где весами выступают их вероятности. Для большого числа испытаний среднее арифметическое наблюдаемых значений случайной величины будет стремиться к её математическому ожиданию.

### Определения
*   **Для дискретной случайной величины $X$**, принимающей значения $x_1, x_2, \dots$ с вероятностями $p_1, p_2, \dots$:
    $$E[X] = \sum_i x_i P(X = x_i) = \sum_i x_i p_i$$
*   **Для непрерывной случайной величины $X$** с плотностью вероятности $f(x)$:
    $$E[X] = \int_{-\infty}^{\infty} x f(x) dx$$

### Свойства
Пусть $X, Y$ — случайные величины, $C$ — константа.
1.  **МО константы:** $E[C] = C$.
2.  **Линейность:**
    *   $E[C \cdot X] = C \cdot E[X]$.
    *   $E[X + Y] = E[X] + E[Y]$. Свойство выполняется даже для зависимых величин.
3.  **Для независимых случайных величин $X$ и $Y$**:
    *   $E[X \cdot Y] = E[X] \cdot E[Y]$.

## Дисперсия и среднеквадратичное отклонение

### Мотивация
Дисперсия — это мера разброса или изменчивости значений случайной величины относительно её математического ожидания. Малое значение дисперсии означает, что значения концентрируются вокруг среднего, большое — что они сильно разбросаны.

### Определения
*   **Дисперсия (Variance)** случайной величины $X$ определяется как математическое ожидание квадрата отклонения от её МО:
    $$Var(X) = D[X] = E[(X - E[X])^2]$$
*   **Расчётная формула** (часто удобнее для вычислений):
    $$Var(X) = E[X^2] - (E[X])^2$$
*   **Среднеквадратичное (стандартное) отклонение (Standard Deviation)** — это корень из дисперсии. Его преимущество в том, что оно измеряется в тех же единицах, что и сама случайная величина.
    $$\sigma(X) = \sqrt{Var(X)}$$

### Свойства
Пусть $X, Y$ — случайные величины, $C$ — константа.
1.  $Var(X) \ge 0$.
2.  **Дисперсия константы:** $Var(C) = 0$.
3.  **Свойства при преобразованиях:**
    *   $Var(X + C) = Var(X)$ (сдвиг не меняет разброс).
    *   $Var(C \cdot X) = C^2 \cdot Var(X)$.
4.  **Для независимых случайных величин $X$ и $Y$**:
    *   $Var(X + Y) = Var(X) + Var(Y)$.
    *   $Var(X - Y) = Var(X) + Var(Y)$.

## Закон больших чисел (ЗБЧ)

### Мотивация и ключевая идея
Закон больших чисел (Law of Large Numbers, LLN) формализует интуитивное представление о том, что среднее значение, полученное из большого количества испытаний, должно быть близко к теоретическому среднему (математическому ожиданию).

### Утверждение (в форме Чебышёва)
Пусть $X_1, X_2, \dots, X_n$ — последовательность попарно независимых случайных величин с одинаковым математическим ожиданием $E[X_i] = \mu$ и ограниченными дисперсиями $Var(X_i) \le C$. Тогда их среднее арифметическое $\bar{X}_n = \frac{1}{n}\sum_{i=1}^n X_i$ сходится по вероятности к $\mu$.

Это означает, что для любого сколь угодно малого $\epsilon > 0$:
$$ \lim_{n \to \infty} P(|\bar{X}_n - \mu| < \epsilon) = 1 $$

**Условия применимости:** Попарная независимость, одинаковое МО, ограниченность дисперсий.

## Центральная предельная теорема (ЦПТ)

### Мотивация и ключевая идея
ЗБЧ говорит, что среднее выборки сходится к МО. ЦПТ описывает, *как именно* это происходит: она утверждает, что распределение суммы (или среднего) большого числа независимых одинаково распределённых случайных величин будет близко к нормальному распределению, независимо от исходного распределения этих величин.

### Утверждение (в форме Ляпунова/Линдеберга-Леви)
Пусть $X_1, X_2, \dots, X_n$ — последовательность независимых и одинаково распределённых (i.i.d.) случайных величин с конечным математическим ожиданием $E[X_i] = \mu$ и конечной ненулевой дисперсией $Var(X_i) = \sigma^2$.

Тогда распределение суммы $S_n = \sum_{i=1}^n X_i$ при $n \to \infty$ стремится к нормальному распределению с параметрами $E[S_n] = n\mu$ и $Var(S_n) = n\sigma^2$.

Для практических целей чаще используют стандартизированную величину или распределение среднего:
*   **Распределение среднего:** $\bar{X}_n = \frac{S_n}{n}$ приближённо распределено нормально:
    $$\bar{X}_n \approx N(\mu, \frac{\sigma^2}{n})$$

**Условия применимости:** Независимость и одинаковое распределение СВ, конечные МО и дисперсия. На практике ЦПТ хорошо работает уже при $n \ge 30-50$.

---
### Примеры

#### Пример 1: Расчёт МО и дисперсии для игральной кости
Случайная величина $X$ — число, выпавшее на стандартной шестигранной кости.
*   **Значения:** $\{1, 2, 3, 4, 5, 6\}$.
*   **Вероятности:** $P(X=k) = 1/6$ для любого $k \in \{1, \dots, 6\}$.

1.  **Математическое ожидание:**
    $E[X] = \sum_{i=1}^6 i \cdot P(X=i) = 1 \cdot \frac{1}{6} + 2 \cdot \frac{1}{6} + \dots + 6 \cdot \frac{1}{6} = \frac{1+2+3+4+5+6}{6} = \frac{21}{6} = 3.5$.

2.  **Дисперсия:**
    Сначала найдём $E[X^2]$:
    $E[X^2] = \sum_{i=1}^6 i^2 \cdot P(X=i) = \frac{1^2+2^2+3^2+4^2+5^2+6^2}{6} = \frac{1+4+9+16+25+36}{6} = \frac{91}{6}$.
    Теперь по расчётной формуле:
    $Var(X) = E[X^2] - (E[X])^2 = \frac{91}{6} - (3.5)^2 = \frac{91}{6} - 12.25 = \frac{91}{6} - \frac{49}{4} = \frac{182 - 147}{12} = \frac{35}{12} \approx 2.917$.
    **Среднеквадратичное отклонение:** $\sigma(X) = \sqrt{35/12} \approx 1.708$.

#### Пример 2: Применение ЦПТ
Складываются 100 независимых случайных величин, каждая из которых имеет равномерное распределение на отрезке $[0, 6]$. МО такой величины $\mu = \frac{0+6}{2} = 3$, дисперсия $\sigma^2 = \frac{(6-0)^2}{12} = 3$.
Требуется найти приближённое распределение их суммы $S_{100}$.

Согласно ЦПТ, сумма $S_{100}$ будет иметь распределение, близкое к нормальному.
*   **МО суммы:** $E[S_{100}] = n \cdot \mu = 100 \cdot 3 = 300$.
*   **Дисперсия суммы:** $Var(S_{100}) = n \cdot \sigma^2 = 100 \cdot 3 = 300$.
*   **Вывод:** $S_{100} \approx N(\text{mean}=300, \text{variance}=300)$.

---
### Задачи для самопроверки

1.  Случайная величина $X$ задана рядом распределения: $X=0$ с вероятностью $0.5$; $X=2$ с вероятностью $0.3$; $X=5$ с вероятностью $0.2$. Найдите $E[X]$ и $Var(X)$.
2.  Известно, что для некоторой случайной величины $Y$ выполняется $Var(Y) = 4$. Найдите $Var(1 - 2Y)$ и $\sigma(1-2Y)$.
3.  Справедливая монета подбрасывается 400 раз. Используя ЦПТ, оцените вероятность того, что количество выпавших ""орлов"" будет находиться в диапазоне от 190 до 210 (включительно). (Подсказка: ""орёл"" можно представить как случайную величину Бернулли с $p=0.5$).
4.  Среднее время сборки детали одним рабочим составляет 10 минут со среднеквадратичным отклонением 2 минуты. Какова вероятность (приблизительно), что бригада из 36 рабочих соберёт 36 деталей (каждый по одной) менее чем за 350 минут общего времени?",True,
Теория вероятностей и статистика,3,"Совместные распределения, условные величины, формула Байеса","Сделай компактный конспект по теме «Совместные распределения, условные величины, формула Байеса» (раздел «Теория вероятностей и статистика»).

Что нужно:
- краткая мотивация и точные определения;
- ключевые утверждения/теоремы с условиями применимости (без подробных доказательств);
- 2–3 типовых примера с разбором;
- 3–5 задач для самопроверки (без решений);
Формат: Markdown с заголовками H2/H3, формулы в LaTeX ($...$). Стиль нейтральный, без дидактики. 500–900 слов.","## Совместные распределения, условные величины, формула Байеса

### Мотивация

Анализ одной случайной величины недостаточен для описания систем, в которых взаимодействуют несколько случайных факторов. Например, рост и вес человека, температура и давление в реакторе, цена акции и объем торгов. Совместные распределения позволяют моделировать такие системы, изучать взаимосвязи между переменными, прогнозировать одну величину на основе значения другой и оценивать степень их независимости.

### Совместное распределение случайных величин

Совместное распределение описывает вероятностное поведение системы из двух или более случайных величин.

#### Определения

**1. Дискретный случай:**
Для двух дискретных случайных величин $X$ и $Y$ совместная функция вероятности (joint probability mass function, PMF) задается как:
$p(x_i, y_j) = P(X=x_i, Y=y_j)$
Эта функция показывает вероятность того, что $X$ примет значение $x_i$ и *одновременно* $Y$ примет значение $y_j$.

**Свойства:**
*   $p(x_i, y_j) \ge 0$ для всех $i, j$.
*   $\sum_{i} \sum_{j} p(x_i, y_j) = 1$.

**2. Непрерывный случай:**
Для двух непрерывных случайных величин $X$ и $Y$ совместная функция плотности вероятности (joint probability density function, PDF) $f(x, y)$ определяет вероятность попадания в малую область:
$P(x < X < x+dx, y < Y < y+dy) \approx f(x, y) \,dx\,dy$

**Свойства:**
*   $f(x, y) \ge 0$ для всех $x, y$.
*   $\int_{-\infty}^{\infty} \int_{-\infty}^{\infty} f(x, y) \,dx\,dy = 1$.

Вероятность попадания в область $D$ на плоскости $(x, y)$ вычисляется как:
$P((X, Y) \in D) = \iint_D f(x, y) \,dx\,dy$

**3. Совместная функция распределения (CDF):**
Для любых $X$ и $Y$ (дискретных или непрерывных) совместная функция распределения (cumulative distribution function, CDF) определяется как:
$F(x, y) = P(X \le x, Y \le y)$

### Маргинальные и условные распределения

#### Маргинальные распределения

Маргинальное (частное) распределение одной из величин получается из совместного распределения путем ""исключения"" другой величины.

*   **Дискретный случай:**
    $P(X=x_i) = \sum_{j} P(X=x_i, Y=y_j)$
*   **Непрерывный случай:**
    $f_X(x) = \int_{-\infty}^{\infty} f(x, y) \,dy$

Аналогично для $Y$, суммируя или интегрируя по $x$.

#### Условные распределения

Условное распределение описывает поведение одной переменной при фиксированном значении другой.

*   **Дискретный случай:** Условная вероятность $Y=y_j$ при условии $X=x_i$:
    $P(Y=y_j | X=x_i) = \frac{P(X=x_i, Y=y_j)}{P(X=x_i)}$, при $P(X=x_i) > 0$.
*   **Непрерывный случай:** Условная плотность вероятности $Y$ при условии $X=x$:
    $f(y|x) = \frac{f(x, y)}{f_X(x)}$, при $f_X(x) > 0$.

#### Независимость случайных величин

Две случайные величины $X$ и $Y$ называются независимыми, если информация о значении одной из них не меняет распределение другой.

**Критерий независимости:**
*   **Через совместную и маргинальные функции:**
    - Дискретный случай: $P(X=x_i, Y=y_j) = P(X=x_i) \cdot P(Y=y_j)$ для всех $i, j$.
    - Непрерывный случай: $f(x, y) = f_X(x) \cdot f_Y(y)$ для всех $x, y$.
*   **Через условные распределения:**
    $f(y|x) = f_Y(y)$ или $f(x|y) = f_X(x)$.

### Формула Байеса для случайных величин

Формула Байеса позволяет ""перевернуть"" условную вероятность, то есть найти $P(A|B)$, зная $P(B|A)$. Она является фундаментальным инструментом для обновления убеждений на основе новых данных.

**Для событий:**
$P(A|B) = \frac{P(B|A) \cdot P(A)}{P(B)}$
где $P(B)$ можно найти по формуле полной вероятности.

**Для непрерывных случайных величин:**
$f(y|x) = \frac{f(x|y) \cdot f_Y(y)}{f_X(x)} = \frac{f(x|y) \cdot f_Y(y)}{\int f(x|y) \cdot f_Y(y) dy}$

Терминология в контексте байесовского вывода:
*   $f(y)$: априорное распределение (prior) — наши знания о $Y$ до получения данных.
*   $f(x|y)$: правдоподобие (likelihood) — модель того, как данные $x$ генерируются при известном $y$.
*   $f(y|x)$: апостериорное распределение (posterior) — обновленные знания о $Y$ после учета данных $x$.
*   $f_X(x)$: маргинальное правдоподобие (evidence) — нормализующая константа.

### Примеры с разбором

**Пример 1 (дискретный).** Совместное распределение $X$ и $Y$ задано таблицей:

|       | Y=0 | Y=1 |
| :---- | :-- | :-- |
| **X=0** | 0.1 | 0.2 |
| **X=1** | 0.4 | 0.3 |

1.  **Найти маргинальные распределения.**
    $P(X=0) = 0.1 + 0.2 = 0.3$
    $P(X=1) = 0.4 + 0.3 = 0.7$
    $P(Y=0) = 0.1 + 0.4 = 0.5$
    $P(Y=1) = 0.2 + 0.3 = 0.5$

2.  **Найти условную вероятность $P(Y=1 | X=0)$.**
    $P(Y=1 | X=0) = \frac{P(X=0, Y=1)}{P(X=0)} = \frac{0.2}{0.3} \approx 0.67$

3.  **Проверить на независимость.**
    $P(X=0) \cdot P(Y=0) = 0.3 \cdot 0.5 = 0.15$.
    Фактическое значение $P(X=0, Y=0) = 0.1$.
    Поскольку $0.1 \ne 0.15$, величины $X$ и $Y$ зависимы.

**Пример 2 (непрерывный).** Случайный вектор $(X, Y)$ равномерно распределен в квадрате $[0, 2] \times [0, 2]$.

1.  **Найти $f(x, y)$.**
    Площадь квадрата $S = 2 \cdot 2 = 4$. Так как распределение равномерное, плотность $f(x, y) = 1/S = 1/4$ внутри квадрата и $0$ вне его.

2.  **Найти маргинальные плотности.**
    Для $x \in [0, 2]$:
    $f_X(x) = \int_{0}^{2} \frac{1}{4} dy = \frac{1}{4} [y]_0^2 = \frac{2}{4} = \frac{1}{2}$.
    Аналогично, $f_Y(y) = 1/2$ для $y \in [0, 2]$.

3.  **Проверить на независимость.**
    $f_X(x) \cdot f_Y(y) = \frac{1}{2} \cdot \frac{1}{2} = \frac{1}{4}$.
    Это совпадает с $f(x, y)$ внутри квадрата. Следовательно, величины независимы.

**Пример 3 (формула Байеса).** Редкое заболевание встречается у 1% населения. Тест на него имеет точность 99% (верно определяет больного) и дает 2% ложноположительных результатов (у здоровых). Пациент получил положительный результат теста. Какова вероятность, что он действительно болен?

*   $A$: пациент болен. $P(A) = 0.01$.
*   $B$: тест положительный.
*   $P(B|A) = 0.99$ (чувствительность теста).
*   $P(B|A^c) = 0.02$ (ложноположительный результат), где $A^c$ — пациент здоров, $P(A^c) = 0.99$.

Найти $P(A|B)$.
1.  **Вычислим полную вероятность $P(B)$:**
    $P(B) = P(B|A)P(A) + P(B|A^c)P(A^c) = 0.99 \cdot 0.01 + 0.02 \cdot 0.99 = 0.0099 + 0.0198 = 0.0297$.
2.  **Применим формулу Байеса:**
    $P(A|B) = \frac{P(B|A)P(A)}{P(B)} = \frac{0.99 \cdot 0.01}{0.0297} = \frac{0.0099}{0.0297} \approx 0.333$.
    Вероятность того, что пациент с положительным тестом действительно болен, составляет всего около 33.3%.

### Задачи для самопроверки

1.  Совместная функция плотности задана как $f(x, y) = C(x+y)$ для $0 \le x \le 1, 0 \le y \le 1$, и $f(x, y) = 0$ в остальных случаях. Найдите константу $C$, маргинальные плотности $f_X(x)$ и $f_Y(y)$, условную плотность $f(y|x)$ и проверьте величины на независимость.

2.  Две радиолампы выходят из строя независимо друг от друга. Время жизни каждой из них — экспоненциальная случайная величина с параметром $\lambda$. Пусть $T_1$ и $T_2$ — время их жизни. Найдите совместную плотность $f(t_1, t_2)$ и вычислите вероятность того, что первая лампа проработает дольше второй ($P(T_1 > T_2)$).

3.  Из коробки, где лежат 5 белых и 3 черных шара, последовательно без возвращения извлекают два шара. Пусть $X_1 = 1$, если первый шар белый, и $0$ иначе. $X_2 = 1$, если второй шар белый, и $0$ иначе. Постройте таблицу совместного распределения для $(X_1, X_2)$. Являются ли эти величины независимыми?

4.  Два стрелка независимо стреляют по мишени. Вероятность попадания для первого — 0.8, для второго — 0.7. В мишени обнаружена одна пробоина. Какова вероятность, что попал первый стрелок?",True,
Теория вероятностей и статистика,4,"Оценивание параметров: ММП и ММ; смещение, состоятельность, граница Крамера–Рао","Сделай компактный конспект по теме «Оценивание параметров: ММП и ММ; смещение, состоятельность, граница Крамера–Рао» (раздел «Теория вероятностей и статистика»).

Что нужно:
- краткая мотивация и точные определения;
- ключевые утверждения/теоремы с условиями применимости (без подробных доказательств);
- 2–3 типовых примера с разбором;
- 3–5 задач для самопроверки (без решений);
Формат: Markdown с заголовками H2/H3, формулы в LaTeX ($...$). Стиль нейтральный, без дидактики. 500–900 слов.","## Оценивание параметров: ММП, ММ, свойства оценок

### Введение в оценивание параметров

Статистическое оценивание — раздел математической статистики, посвящённый нахождению неизвестных параметров распределений вероятностей на основе выборочных данных.

*   **Задача:** Имеется выборка $X_1, ..., X_n$ из распределения, зависящего от неизвестного параметра $\theta$. Необходимо найти «наилучшее» значение для $\theta$.
*   **Статистическая оценка (estimator):** Функция от выборки $\hat{\theta} = T(X_1, ..., X_n)$, которая используется для приближения параметра $\theta$. Является случайной величиной.
*   **Оценка (estimate):** Конкретное значение $\hat{\theta}$, вычисленное по реализации выборки $x_1, ..., x_n$.

### Методы получения оценок

#### Метод моментов (ММ)

Идея метода заключается в приравнивании теоретических моментов распределения, которые являются функциями от параметра $\theta$, к их выборочным аналогам.

**Алгоритм:**
1.  Вычисляются начальные теоретические моменты $E[X^k]$ как функции от параметра $\theta$.
2.  Вычисляются соответствующие выборочные моменты: $\overline{X^k} = \frac{1}{n} \sum_{i=1}^n X_i^k$.
3.  Составляется система уравнений, приравнивающая теоретические и выборочные моменты:
    $$
    E[X^k] = \overline{X^k}, \quad k = 1, 2, ...
    $$
4.  Система решается относительно неизвестных параметров. Полученное решение $\hat{\theta}_{ММ}$ является оценкой по методу моментов.

Как правило, достаточно уравнений по числу оцениваемых параметров.

#### Метод максимального правдоподобия (ММП)

Идея метода состоит в выборе такого значения параметра $\theta$, при котором вероятность (или плотность вероятности) наблюдать полученную выборку максимальна.

**Алгоритм:**
1.  Записывается **функция правдоподобия** для независимой выборки:
    *   Для дискретного распределения: $L(\theta | X_1, ..., X_n) = P(X_1, ..., X_n | \theta) = \prod_{i=1}^n P(X_i|\theta)$.
    *   Для непрерывного распределения: $L(\theta | X_1, ..., X_n) = f(X_1, ..., X_n | \theta) = \prod_{i=1}^n f(X_i|\theta)$.
2.  Для удобства вычислений переходят к **логарифмической функции правдоподобия**:
    $$
    \mathcal{L}(\theta) = \ln L(\theta) = \sum_{i=1}^n \ln f(X_i|\theta)
    $$
3.  Находится точка максимума функции $\mathcal{L}(\theta)$, как правило, путём решения уравнения:
    $$
    \frac{d\mathcal{L}(\theta)}{d\theta} = 0
    $$
4.  Решение этого уравнения $\hat{\theta}_{ММП}$ является оценкой максимального правдоподобия.

### Свойства статистических оценок

#### Несмещённость

Оценка $\hat{\theta}$ называется **несмещённой** для параметра $\theta$, если её математическое ожидание равно истинному значению параметра:
$$
E[\hat{\theta}] = \theta
$$
Величина $\text{Bias}(\hat{\theta}) = E[\hat{\theta}] - \theta$ называется **смещением (bias)** оценки. Если смещение стремится к нулю при $n \to \infty$, оценка называется **асимптотически несмещённой**.

#### Состоятельность

Оценка $\hat{\theta}_n$ называется **состоятельной** для параметра $\theta$, если она сходится по вероятности к $\theta$ при увеличении объёма выборки $n \to \infty$:
$$
\hat{\theta}_n \xrightarrow{p} \theta \quad \iff \quad \forall \epsilon > 0, \lim_{n \to \infty} P(|\hat{\theta}_n - \theta| > \epsilon) = 0
$$
**Достаточное условие состоятельности:** Если оценка $\hat{\theta}_n$ является асимптотически несмещённой ($\lim_{n \to \infty} E[\hat{\theta}_n] = \theta$) и её дисперсия стремится к нулю ($\lim_{n \to \infty} \text{Var}(\hat{\theta}_n) = 0$), то она состоятельна.

#### Эффективность и граница Крамера–Рао

Эффективность характеризует точность оценки. Среди всех несмещённых оценок наилучшей считается та, у которой наименьшая дисперсия.

**Неравенство Крамера–Рао (НСКР):** Устанавливает нижнюю границу для дисперсии любой несмещённой оценки $\hat{\theta}$ параметра $\theta$. При выполнении определённых условий регулярности для плотности $f(x|\theta)$:
$$
\text{Var}(\hat{\theta}) \ge \frac{1}{I(\theta)}
$$
где $I(\theta)$ — **информация Фишера**, содержащаяся в выборке объёма $n$:
$$
I(\theta) = n \cdot E\left[ \left( \frac{\partial}{\partial \theta} \ln f(X_1 | \theta) \right)^2 \right] = -n \cdot E\left[ \frac{\partial^2}{\partial \theta^2} \ln f(X_1 | \theta) \right]
$$
Несмещённая оценка $\hat{\theta}$ называется **эффективной**, если её дисперсия достигает нижней границы Крамера–Рао: $\text{Var}(\hat{\theta}) = \frac{1}{I(\theta)}$. Оценки ММП часто являются асимптотически эффективными.

### Примеры

#### Пример 1: Экспоненциальное распределение

Дана выборка $X_1, ..., X_n$ из экспоненциального распределения $\text{Exp}(\lambda)$ с плотностью $f(x|\lambda) = \lambda e^{-\lambda x}$.

*   **Метод моментов (ММ):**
    *   Теоретический первый момент: $E[X] = 1/\lambda$.
    *   Выборочный первый момент: $\bar{X} = \frac{1}{n} \sum X_i$.
    *   Уравнение: $1/\lambda = \bar{X} \implies \hat{\lambda}_{ММ} = 1/\bar{X}$.

*   **Метод максимального правдоподобия (ММП):**
    *   Логарифмическая функция правдоподобия:
        $\mathcal{L}(\lambda) = \sum_{i=1}^n \ln(\lambda e^{-\lambda X_i}) = \sum_{i=1}^n (\ln\lambda - \lambda X_i) = n\ln\lambda - \lambda \sum X_i$.
    *   Производная: $\frac{d\mathcal{L}}{d\lambda} = \frac{n}{\lambda} - \sum X_i$.
    *   Приравниваем к нулю: $\frac{n}{\lambda} - n\bar{X} = 0 \implies \hat{\lambda}_{ММП} = \frac{n}{n\bar{X}} = 1/\bar{X}$.
    *   В данном случае оценки ММ и ММП совпадают.

#### Пример 2: Дисперсия нормального распределения

Дана выборка $X_1, ..., X_n$ из $N(\mu, \sigma^2)$, где $\mu$ и $\sigma^2$ неизвестны.

*   **Оценка ММП для $\sigma^2$**: $\hat{\sigma}^2_{ММП} = \frac{1}{n}\sum_{i=1}^n (X_i - \bar{X})^2$.
    Эта оценка является **смещённой**. Её математическое ожидание:
    $$
    E[\hat{\sigma}^2_{ММП}] = E\left[\frac{1}{n}\sum (X_i - \bar{X})^2\right] = \frac{n-1}{n}\sigma^2
    $$
    Смещение $\text{Bias}(\hat{\sigma}^2_{ММП}) = -\frac{1}{n}\sigma^2$ стремится к нулю при $n \to \infty$, поэтому оценка асимптотически несмещённая.

*   **Несмещённая оценка $\sigma^2$**: Чтобы исправить смещение, используется **выборочная несмещённая дисперсия**:
    $$
    S^2 = \frac{n}{n-1}\hat{\sigma}^2_{ММП} = \frac{1}{n-1}\sum_{i=1}^n (X_i - \bar{X})^2
    $$
    Её математическое ожидание $E[S^2] = \sigma^2$.

### Задачи для самопроверки

1.  Для выборки из распределения Бернулли $B(1, p)$ найти оценку параметра $p$ методами моментов и максимального правдоподобия. Проверить её на несмещённость.

2.  Дана выборка из равномерного распределения $U[0, \theta]$. Найти оценки $\hat{\theta}_{ММ}$ и $\hat{\theta}_{ММП}$. Проверить оценку ММП на несмещённость.

3.  Для выборки из распределения Пуассона $\text{Pois}(\lambda)$ найти оценку $\hat{\lambda}_{ММП}$ и проверить, является ли она эффективной, используя неравенство Крамера–Рао.

4.  Показать, что выборочная несмещённая дисперсия $S^2 = \frac{1}{n-1}\sum (X_i - \bar{X})^2$ является состоятельной оценкой для дисперсии $\sigma^2$ нормального распределения. Используйте тот факт, что $\text{Var}(S^2) = \frac{2\sigma^4}{n-1}$.",True,
Дискретная математика,2,"Комбинаторика: размещения, сочетания, включения–исключения","Сделай компактный конспект по теме «Комбинаторика: размещения, сочетания, включения–исключения» (раздел «Дискретная математика»).

Что нужно:
- краткая мотивация и точные определения;
- ключевые утверждения/теоремы с условиями применимости (без подробных доказательств);
- 2–3 типовых примера с разбором;
- 3–5 задач для самопроверки (без решений);
Формат: Markdown с заголовками H2/H3, формулы в LaTeX ($...$). Стиль нейтральный, без дидактики. 500–900 слов.","## Конспект: Комбинаторика

Комбинаторика — раздел дискретной математики, который изучает задачи выбора и расположения элементов из конечных множеств. Ключевая задача — подсчет числа способов, которыми можно составить некоторую конфигурацию объектов. Результаты комбинаторики используются в теории вероятностей, анализе алгоритмов, криптографии и других областях.

### Базовые правила
Два основных правила, лежащие в основе большинства комбинаторных методов:

1.  **Правило суммы.** Если объект $A$ можно выбрать $m$ способами, а объект $B$ можно выбрать $n$ способами, причем выбор $A$ исключает выбор $B$, то выбрать «либо $A$, либо $B$» можно $m+n$ способами.
2.  **Правило произведения.** Если объект $A$ можно выбрать $m$ способами и после каждого такого выбора объект $B$ можно выбрать $n$ способами, то пару объектов $(A, B)$ в указанном порядке можно выбрать $m \cdot n$ способами.

---

## Размещения и сочетания

### Определения

**Множество:** Исходный набор из $n$ различных элементов.
**Выборка:** Подмножество, сформированное из элементов исходного множества.

Ключевые вопросы при формировании выборки:
*   Учитывается ли порядок элементов в выборке?
*   Возвращается ли выбранный элемент в исходное множество (выборки с повторениями или без)?

Данный конспект рассматривает **выборки без повторений**.

### Размещения

**Размещение (Arrangement)** — это **упорядоченная** выборка из $k$ элементов, взятых из множества, содержащего $n$ элементов. Порядок элементов в выборке важен.

Число размещений из $n$ по $k$ обозначается $A_n^k$ и вычисляется по формуле:
$$ A_n^k = \frac{n!}{(n-k)!} = n \cdot (n-1) \cdot \ldots \cdot (n-k+1) $$
**Условия применимости:**
*   Элементы в исходном множестве различны.
*   Выборка без повторений.
*   Порядок элементов в выборке имеет значение.
*   $0 \le k \le n$.

Частным случаем размещения, когда $k=n$, является **перестановка (Permutation)**. Число перестановок из $n$ элементов равно:
$$ P_n = A_n^n = n! $$

### Сочетания

**Сочетание (Combination)** — это **неупорядоченная** выборка из $k$ элементов, взятых из множества, содержащего $n$ элементов. Порядок элементов в выборке не имеет значения.

Число сочетаний из $n$ по $k$ обозначается $C_n^k$ или $\binom{n}{k}$ и вычисляется по формуле:
$$ C_n^k = \binom{n}{k} = \frac{n!}{k!(n-k)!} = \frac{A_n^k}{P_k} $$
**Условия применимости:**
*   Элементы в исходном множестве различны.
*   Выборка без повторений.
*   Порядок элементов в выборке не имеет значения.
*   $0 \le k \le n$.

### Примеры задач

**Пример 1 (Размещения).** В совете директоров из 12 человек нужно выбрать председателя, заместителя и секретаря. Сколько существует способов это сделать?

*   **Анализ:** Всего $n=12$ человек. Нужно выбрать $k=3$. Поскольку должности разные, порядок выбора важен (Иванов-председатель, Петров-заместитель — это не то же самое, что Петров-председатель, Иванов-заместитель). Используем формулу для числа размещений.
*   **Решение:**
    $$ A_{12}^3 = \frac{12!}{(12-3)!} = \frac{12!}{9!} = 12 \cdot 11 \cdot 10 = 1320 $$
    Ответ: 1320 способов.

**Пример 2 (Сочетания).** Из группы в 15 студентов нужно выбрать делегацию из 3 человек для участия в конференции. Сколько существует способов сформировать делегацию?

*   **Анализ:** Всего $n=15$ человек. Нужно выбрать $k=3$. Все члены делегации равноправны, поэтому порядок их выбора не имеет значения. Используем формулу для числа сочетаний.
*   **Решение:**
    $$ C_{15}^3 = \binom{15}{3} = \frac{15!}{3!(15-3)!} = \frac{15!}{3! \cdot 12!} = \frac{15 \cdot 14 \cdot 13}{3 \cdot 2 \cdot 1} = 5 \cdot 7 \cdot 13 = 455 $$
    Ответ: 455 способов.

---

## Принцип включений-исключений

### Формулировка

**Принцип включений-исключений (Inclusion-Exclusion Principle)** — это формула для нахождения мощности объединения нескольких конечных множеств, которые могут пересекаться.

Для двух множеств $A$ и $B$:
$$ |A \cup B| = |A| + |B| - |A \cap B| $$

Для трёх множеств $A$, $B$ и $C$:
$$ |A \cup B \cup C| = |A| + |B| + |C| - (|A \cap B| + |A \cap C| + |B \cap C|) + |A \cap B \cap C| $$

В общем виде для $n$ множеств $A_1, A_2, \ldots, A_n$:
$$ \left| \bigcup_{i=1}^{n} A_i \right| = \sum_{i=1}^{n} |A_i| - \sum_{1 \le i < j \le n} |A_i \cap A_j| + \sum_{1 \le i < j < k \le n} |A_i \cap A_j \cap A_k| - \ldots + (-1)^{n-1} |A_1 \cap \ldots \cap A_n| $$
**Условия применимости:**
*   Работа с конечными множествами.
*   Необходимо найти мощность объединения, зная мощности самих множеств и всех их возможных пересечений.

### Пример применения

**Пример 3.** Сколько чисел в диапазоне от 1 до 100 делятся на 2, 3 или 5?

*   **Анализ:** Требуется найти $|A_2 \cup A_3 \cup A_5|$, где $A_k$ — множество чисел от 1 до 100, делящихся на $k$. Мощность $|A_k|$ равна $\lfloor \frac{100}{k} \rfloor$.
*   **Решение:**
    1.  **Мощности отдельных множеств:**
        *   $|A_2| = \lfloor 100/2 \rfloor = 50$
        *   $|A_3| = \lfloor 100/3 \rfloor = 33$
        *   $|A_5| = \lfloor 100/5 \rfloor = 20$
    2.  **Мощности попарных пересечений:** Число делится на $a$ и $b$ $\iff$ оно делится на НОК($a,b$).
        *   $|A_2 \cap A_3| = |A_6| = \lfloor 100/6 \rfloor = 16$
        *   $|A_2 \cap A_5| = |A_{10}| = \lfloor 100/10 \rfloor = 10$
        *   $|A_3 \cap A_5| = |A_{15}| = \lfloor 100/15 \rfloor = 6$
    3.  **Мощность тройного пересечения:**
        *   $|A_2 \cap A_3 \cap A_5| = |A_{30}| = \lfloor 100/30 \rfloor = 3$
    4.  **Применение формулы:**
        $$ |A_2 \cup A_3 \cup A_5| = (50+33+20) - (16+10+6) + 3 = 103 - 32 + 3 = 74 $$
    Ответ: 74 числа.

---

## Задачи для самопроверки

1.  Сколькими способами можно составить автомобильный номер из трех букв (используется 20 букв) и трех цифр (используются все 10 цифр), если повторения букв и цифр не допускаются?

2.  В вазе стоят 10 белых и 5 красных роз. Сколькими способами можно составить букет из 3 белых и 2 красных роз?

3.  Сколько существует пятизначных чисел, в которых нет одинаковых цифр?

4.  В группе из 30 студентов 15 занимаются программированием, 18 — математикой, а 5 не занимаются ни тем, ни другим. Сколько студентов занимаются и программированием, и математикой?",True,
Дискретная математика,1,"Логика и методы доказательства (индукция, от противного, инварианты)","Сделай компактный конспект по теме «Логика и методы доказательства (индукция, от противного, инварианты)» (раздел «Дискретная математика»).

Что нужно:
- краткая мотивация и точные определения;
- ключевые утверждения/теоремы с условиями применимости (без подробных доказательств);
- 2–3 типовых примера с разбором;
- 3–5 задач для самопроверки (без решений);
Формат: Markdown с заголовками H2/H3, формулы в LaTeX ($...$). Стиль нейтральный, без дидактики. 500–900 слов.","## Конспект: Логика и методы доказательства

### Введение
Формальное доказательство — это последовательность логических выводов, устанавливающая истинность математического утверждения. В дискретной математике и информатике доказательства необходимы для верификации корректности алгоритмов, анализа сложности и подтверждения свойств структур данных. Основные методы включают прямое доказательство, доказательство от противного, метод математической индукции и использование инвариантов.

---

### Доказательство от противного (Reductio ad absurdum)

#### Определение и принцип
Для доказательства утверждения $P$ предполагается истинность его отрицания, $\neg P$. Далее, путем логически корректных рассуждений из $\neg P$ выводится противоречие — утверждение вида $Q \land \neg Q$. Поскольку из истинного предположения нельзя вывести ложь, делается вывод, что предположение $\neg P$ было ложным. Следовательно, исходное утверждение $P$ истинно.

Символически: $(\neg P \implies (Q \land \neg Q)) \implies P$.

Метод применим к любому утверждению, для которого можно сформулировать и использовать его отрицание для вывода внутреннего противоречия или противоречия с известной аксиомой/теоремой.

#### Пример: Доказательство иррациональности числа $\sqrt{2}$
**Утверждение:** $\sqrt{2}$ является иррациональным числом.

**Доказательство:**
1.  **Предположение от противного:** Допустим, $\sqrt{2}$ — рациональное число. Тогда его можно представить в виде несократимой дроби $\frac{m}{n}$, где $m, n$ — целые числа, $n \neq 0$, и НОД(m, n) = 1.
2.  Из $\sqrt{2} = \frac{m}{n}$ следует, что $2 = \frac{m^2}{n^2}$, или $m^2 = 2n^2$.
3.  Это означает, что $m^2$ — четное число. Если квадрат числа четный, то и само число четное. Следовательно, $m$ — четное.
4.  Представим $m$ в виде $m = 2k$ для некоторого целого $k$.
5.  Подставим это в уравнение из шага 2: $(2k)^2 = 2n^2 \implies 4k^2 = 2n^2 \implies n^2 = 2k^2$.
6.  Это означает, что $n^2$ также является четным числом, а значит, и $n$ — четное.
7.  **Противоречие:** Мы получили, что и $m$, и $n$ являются четными. Это противоречит нашему начальному предположению, что дробь $\frac{m}{n}$ является несократимой (т.е. НОД(m, n) = 1).
8.  **Вывод:** Исходное предположение ложно. Следовательно, $\sqrt{2}$ — иррациональное число.

---

### Метод математической индукции

#### Определение и принцип
Метод используется для доказательства истинности утверждения $P(n)$ для всех натуральных чисел $n$, начиная с некоторого $n_0$.

Доказательство состоит из двух шагов:
1.  **База индукции:** Доказывается истинность утверждения для начального значения $n=n_0$. То есть, проверяется $P(n_0)$.
2.  **Индукционный переход (шаг):** Доказывается, что если утверждение $P(k)$ истинно для некоторого произвольного натурального числа $k \ge n_0$ (**индукционное предположение**), то оно истинно и для следующего числа, $k+1$. То есть, доказывается импликация $P(k) \implies P(k+1)$.

Если оба шага выполнены, то по принципу математической индукции утверждение $P(n)$ считается истинным для всех натуральных $n \ge n_0$.

#### Пример: Сумма первых $n$ натуральных чисел
**Утверждение:** Для любого $n \ge 1$ справедлива формула $\sum_{i=1}^{n} i = \frac{n(n+1)}{2}$.

**Доказательство:**
1.  **База индукции:** Проверим для $n=1$.
    Левая часть: $\sum_{i=1}^{1} i = 1$.
    Правая часть: $\frac{1(1+1)}{2} = \frac{2}{2} = 1$.
    Утверждение $P(1)$ истинно.
2.  **Индукционный переход:**
    **Предположение:** Пусть для некоторого $k \ge 1$ формула верна: $\sum_{i=1}^{k} i = \frac{k(k+1)}{2}$.
    **Шаг:** Докажем, что из этого следует истинность формулы для $k+1$, то есть $\sum_{i=1}^{k+1} i = \frac{(k+1)(k+2)}{2}$.
    Рассмотрим левую часть для $k+1$:
    $\sum_{i=1}^{k+1} i = (\sum_{i=1}^{k} i) + (k+1)$
    Применим индукционное предположение:
    $= \frac{k(k+1)}{2} + (k+1)$
    Приведем к общему знаменателю и вынесем общий множитель:
    $= (k+1) (\frac{k}{2} + 1) = (k+1)(\frac{k+2}{2}) = \frac{(k+1)(k+2)}{2}$.
    Полученное выражение совпадает с правой частью формулы для $k+1$.
3.  **Вывод:** Индукционный переход доказан. Следовательно, формула верна для всех натуральных $n \ge 1$.

---

### Метод инвариантов

#### Определение и принцип
Инвариант — это свойство системы или величина, которая не изменяется при выполнении любой из допустимых операций (преобразований) в этой системе.

Метод инвариантов часто используется для доказательства недостижимости некоторого состояния из начального. Алгоритм применения:
1.  Определить начальное состояние системы $S_0$ и целевое состояние $S_f$.
2.  Найти свойство или функцию $I(S)$, которая является инвариантом относительно всех разрешенных операций.
3.  Вычислить значение инварианта для начального состояния $I(S_0)$.
4.  Вычислить значение инварианта для целевого состояния $I(S_f)$.
5.  Если $I(S_0) \neq I(S_f)$, то состояние $S_f$ недостижимо из $S_0$.

#### Пример: Задача о замощении шахматной доски
**Утверждение:** Шахматную доску $8 \times 8$, из которой вырезаны две противоположные угловые клетки, нельзя полностью замостить костями домино размером $1 \times 2$.

**Доказательство:**
1.  **Состояния:**
    *   Начальное: доска $8 \times 8$ без двух противоположных углов.
    *   Целевое: полностью замощенная доска.
2.  **Операция:** Укладка одной кости домино $1 \times 2$ на две свободные соседние клетки.
3.  **Поиск инварианта:**
    *   Стандартная шахматная доска имеет 64 клетки: 32 белых и 32 черных.
    *   Противоположные угловые клетки всегда одного цвета (например, обе белые).
    *   После их удаления на доске останется 62 клетки: 30 белых и 32 черных (или наоборот).
    *   Каждая кость домино $1 \times 2$ при укладке на доску всегда покрывает ровно одну белую и одну черную клетку.
    *   **Инвариант:** Для любой области, замощенной костями домино, количество покрытых белых клеток равно количеству покрытых черных клеток.
4.  **Анализ:**
    *   В начальном состоянии системы (вырезанная доска) количество белых и черных клеток не равно (30 и 32).
    *   В целевом состоянии (полностью замощенная доска) все 62 клетки должны быть покрыты. Согласно инварианту, это потребовало бы покрытия 31 белой и 31 черной клетки.
5.  **Вывод:** Так как на доске имеется 30 белых и 32 черных клетки, а любое количество костей домино покрывает равное число клеток каждого цвета, замостить такую доску невозможно. Целевое состояние недостижимо.

---

### Задачи для самопроверки

1.  **(Индукция)** Докажите, что для любого натурального $n \ge 1$ число $n^3 + 2n$ делится на 3.
2.  ** (Индукция)** Докажите неравенство Бернулли: для любого вещественного $x > -1$ и целого $n \ge 0$ выполняется $(1+x)^n \ge 1+nx$.
3.  ** (От противного)** Докажите, что не существует наибольшего простого числа (теорема Евклида).
4.  ** (Инвариант)** На доске написаны числа $1, 2, ..., 20$. Разрешается стереть любые два числа $a$ и $b$ и написать вместо них число $a+b-1$. Какое число останется на доске после 19 таких операций? Обоснуйте ответ.
5.  ** (Инвариант/Четность)** В автомате 15 красных и 12 синих фишек. За один ход можно либо убрать 2 красные фишки и добавить 1 синюю, либо убрать 2 синие фишки и добавить 1 красную. Можно ли добиться того, чтобы в автомате осталась ровно 1 фишка?",True,
Дискретная математика,3,Рекуррентные соотношения и производящие функции,"Сделай компактный конспект по теме «Рекуррентные соотношения и производящие функции» (раздел «Дискретная математика»).

Что нужно:
- краткая мотивация и точные определения;
- ключевые утверждения/теоремы с условиями применимости (без подробных доказательств);
- 2–3 типовых примера с разбором;
- 3–5 задач для самопроверки (без решений);
Формат: Markdown с заголовками H2/H3, формулы в LaTeX ($...$). Стиль нейтральный, без дидактики. 500–900 слов.","## Рекуррентные соотношения и производящие функции

### Рекуррентные соотношения (РС)

#### Мотивация и определение

Рекуррентные соотношения используются для определения членов последовательности через предыдущие члены. Это естественный способ описания процессов, где следующий шаг зависит от предыдущих, например, в алгоритмах, финансовой математике, биологии.

**Определение:** Рекуррентное соотношение для последовательности $\{a_n\}_{n=0}^\infty$ — это уравнение, связывающее $a_n$ с одним или несколькими предыдущими членами $a_{n-1}, a_{n-2}, \dots, a_{n-k}$ для всех $n \ge k$, где $k$ — порядок соотношения.

Для однозначного определения последовательности рекуррентное соотношение должно сопровождаться **начальными условиями** — заданными значениями первых $k$ членов ($a_0, a_1, \dots, a_{k-1}$).

*Пример:* Числа Фибоначчи.
$F_n = F_{n-1} + F_{n-2}$ для $n \ge 2$.
Начальные условия: $F_0 = 0, F_1 = 1$.

#### Линейные однородные РС с постоянными коэффициентами (ЛОРС)

Это важный частный случай РС вида:
$a_n = c_1 a_{n-1} + c_2 a_{n-2} + \dots + c_k a_{n-k}$ ($c_k \ne 0$).

Для решения таких РС используется метод характеристического уравнения.

**Утверждение (Решение ЛОРС):**
1.  Составляется **характеристическое уравнение**:
    $r^k - c_1 r^{k-1} - c_2 r^{k-2} - \dots - c_k = 0$.

2.  Находятся его корни $r_1, r_2, \dots, r_k$.

3.  Общий вид решения для $a_n$ зависит от корней:
    *   **Случай 1: Все корни $r_1, \dots, r_k$ различны.**
        Решение имеет вид: $a_n = \alpha_1 r_1^n + \alpha_2 r_2^n + \dots + \alpha_k r_k^n$.
    *   **Случай 2: Есть кратные корни.**
        Если корень $r_i$ имеет кратность $m$, то ему в общем решении соответствует слагаемое вида:
        $(\alpha_{i,0} + \alpha_{i,1}n + \alpha_{i,2}n^2 + \dots + \alpha_{i,m-1}n^{m-1}) r_i^n$.

Константы $\alpha_i$ (или $\alpha_{i, j}$) находятся из системы линейных уравнений, получаемой подстановкой начальных условий.

---

### Производящие функции (ПФ)

#### Мотивация и определение

Производящие функции — это инструмент, который переводит задачу о последовательностях (дискретную) в задачу об алгебраических преобразованиях функций (непрерывную). ПФ позволяют решать более широкий класс РС, включая нелинейные и неоднородные.

**Определение:** **Обычной производящей функцией** для последовательности $\{a_n\}_{n=0}^\infty$ называется формальный степенной ряд:
$A(x) = \sum_{n=0}^{\infty} a_n x^n = a_0 + a_1 x + a_2 x^2 + \dots$

""Формальный"" означает, что сходимость ряда не является главным предметом интереса; он рассматривается как объект для алгебраических манипуляций.

#### Метод производящих функций для решения РС

Алгоритм получения явной формулы для $a_n$:

1.  Записать рекуррентное соотношение для $a_n$.
2.  Умножить обе части уравнения на $x^n$ и просуммировать по всем $n$, для которых соотношение справедливо (обычно от $k$ до $\infty$).
3.  Выразить полученные суммы через производящую функцию $A(x)$ и начальные условия. Ключевые преобразования:
    *   $\sum_{n=k}^{\infty} a_n x^n = A(x) - \sum_{i=0}^{k-1} a_i x^i$
    *   $\sum_{n=k}^{\infty} a_{n-j} x^n = x^j \sum_{m=k-j}^{\infty} a_m x^m = x^j(A(x) - \sum_{i=0}^{k-j-1} a_i x^i)$
4.  Решить полученное алгебраическое уравнение относительно $A(x)$, чтобы найти её **замкнутую форму** (обычно в виде рациональной дроби).
5.  Разложить $A(x)$ на простейшие дроби.
6.  Используя известные разложения в ряды Тейлора (в первую очередь, формулу для геометрической прогрессии), найти коэффициент при $x^n$. Этот коэффициент и есть искомая формула для $a_n$.
    *   **Базовое разложение:** $\frac{1}{1-cx} = \sum_{n=0}^{\infty} (cx)^n = \sum_{n=0}^{\infty} c^n x^n$.

---

### Примеры

#### Пример 1: Решение ЛОРС

**Задача:** Найти явную формулу для $a_n$, если $a_n = 5a_{n-1} - 6a_{n-2}$ для $n \ge 2$ с начальными условиями $a_0 = 2, a_1 = 5$.

**Решение методом ПФ:**
1.  Пусть $A(x) = \sum_{n=0}^{\infty} a_n x^n$.
2.  Умножим РС на $x^n$ и просуммируем с $n=2$:
    $\sum_{n=2}^{\infty} a_n x^n = 5 \sum_{n=2}^{\infty} a_{n-1} x^n - 6 \sum_{n=2}^{\infty} a_{n-2} x^n$.
3.  Выразим суммы через $A(x)$:
    *   Левая часть: $A(x) - a_0 - a_1 x = A(x) - 2 - 5x$.
    *   Первое слагаемое справа: $5x \sum_{n=2}^{\infty} a_{n-1} x^{n-1} = 5x (A(x) - a_0) = 5x(A(x) - 2)$.
    *   Второе слагаемое справа: $6x^2 \sum_{n=2}^{\infty} a_{n-2} x^{n-2} = 6x^2 A(x)$.
4.  Собираем уравнение:
    $A(x) - 2 - 5x = 5x(A(x) - 2) - 6x^2 A(x)$.
    $A(x) (1 - 5x + 6x^2) = 2 + 5x - 10x = 2 - 5x$.
    $A(x) = \frac{2 - 5x}{1 - 5x + 6x^2} = \frac{2 - 5x}{(1 - 2x)(1 - 3x)}$.
5.  Разложение на простейшие дроби:
    $\frac{2 - 5x}{(1 - 2x)(1 - 3x)} = \frac{B}{1 - 2x} + \frac{C}{1 - 3x}$.
    Решая систему, находим $B=1, C=1$.
    $A(x) = \frac{1}{1 - 2x} + \frac{1}{1 - 3x}$.
6.  Находим коэффициент при $x^n$:
    $A(x) = \sum_{n=0}^{\infty} (2x)^n + \sum_{n=0}^{\infty} (3x)^n = \sum_{n=0}^{\infty} (2^n + 3^n)x^n$.
    Следовательно, $a_n = 2^n + 3^n$.

#### Пример 2: Решение неоднородного РС

**Задача:** Найти явную формулу для $a_n$, если $a_n = 2a_{n-1} + 1$ для $n \ge 1$ с начальным условием $a_0 = 1$.

**Решение методом ПФ:**
1.  $A(x) = \sum_{n=0}^{\infty} a_n x^n$.
2.  $\sum_{n=1}^{\infty} a_n x^n = 2 \sum_{n=1}^{\infty} a_{n-1} x^n + \sum_{n=1}^{\infty} x^n$.
3.  $A(x) - a_0 = 2x A(x) + (\frac{1}{1-x} - 1)$.
4.  Подставляем $a_0=1$:
    $A(x) - 1 = 2x A(x) + \frac{x}{1-x}$.
    $A(x)(1 - 2x) = 1 + \frac{x}{1-x} = \frac{1-x+x}{1-x} = \frac{1}{1-x}$.
    $A(x) = \frac{1}{(1-x)(1-2x)}$.
5.  Разложение на дроби:
    $A(x) = \frac{2}{1-2x} - \frac{1}{1-x}$.
6.  Находим $a_n$:
    $A(x) = 2\sum_{n=0}^{\infty} (2x)^n - \sum_{n=0}^{\infty} x^n = \sum_{n=0}^{\infty} (2 \cdot 2^n - 1)x^n = \sum_{n=0}^{\infty} (2^{n+1} - 1)x^n$.
    Следовательно, $a_n = 2^{n+1} - 1$.

---

### Задачи для самопроверки

1.  Найти явную формулу для $a_n$, если $a_n = 6a_{n-1} - 9a_{n-2}$, $a_0 = 1, a_1 = 6$.
2.  Найти явную формулу для $a_n$, если $a_n = 3a_{n-1} + 2$ при $n \ge 1$ и $a_0=1$.
3.  Найти явную формулу для $a_n$, если $a_n = a_{n-1} + 2n$ при $n \ge 1$ и $a_0 = 0$.
4.  Последовательность $\{a_n\}$ задана производящей функцией $A(x) = \frac{x}{1-x-x^2}$. Найти рекуррентное соотношение и начальные условия для этой последовательности.",True,
Теория вероятностей и статистика,5,"Проверка гипотез, доверительные интервалы, простая линейная регрессия","Сделай компактный конспект по теме «Проверка гипотез, доверительные интервалы, простая линейная регрессия» (раздел «Теория вероятностей и статистика»).

Что нужно:
- краткая мотивация и точные определения;
- ключевые утверждения/теоремы с условиями применимости (без подробных доказательств);
- 2–3 типовых примера с разбором;
- 3–5 задач для самопроверки (без решений);
Формат: Markdown с заголовками H2/H3, формулы в LaTeX ($...$). Стиль нейтральный, без дидактики. 500–900 слов.","## Конспект: Проверка гипотез, доверительные интервалы, регрессия

### Проверка статистических гипотез

#### Мотивация и определения

Проверка гипотез — это формальный метод принятия решений о параметрах генеральной совокупности на основе выборочных данных. Цель — определить, достаточно ли свидетельств в выборке, чтобы отвергнуть некоторое предположение (нулевую гипотезу).

*   **Статистическая гипотеза** — предположение о параметре или распределении генеральной совокупности.
*   **Нулевая гипотеза ($H_0$)** — основная, проверяемая гипотеза. Обычно формулируется как «отсутствие эффекта», «отсутствие различий» или равенство параметра некоторому значению. Например, $H_0: \mu = \mu_0$.
*   **Альтернативная гипотеза ($H_1$ или $H_a$)** — гипотеза, которая принимается в случае отклонения $H_0$. Может быть двусторонней ($H_1: \mu \neq \mu_0$) или односторонней ($H_1: \mu > \mu_0$ или $H_1: \mu < \mu_0$).
*   **Статистический критерий (тестовая статистика)** — случайная величина, рассчитанная по выборке, которая используется для проверки $H_0$.
*   **Уровень значимости ($\alpha$)** — пороговая вероятность. Задаётся до начала эксперимента (часто $\alpha = 0.05, 0.01, 0.001$). Это вероятность совершить ошибку I рода.
*   **Ошибка I рода (Type I Error)** — отклонение истинной нулевой гипотезы. Вероятность: $P(\text{отклонить } H_0 | H_0 \text{ верна}) = \alpha$.
*   **Ошибка II рода (Type II Error)** — принятие ложной нулевой гипотезы. Вероятность: $P(\text{принять } H_0 | H_0 \text{ неверна}) = \beta$.
*   **P-value (достигаемый уровень значимости)** — вероятность получить наблюдаемое значение тестовой статистики или более экстремальное при условии, что $H_0$ верна. **Правило принятия решения:** если $p \le \alpha$, то $H_0$ отклоняется.

#### Ключевые утверждения (одновыборочный Z-критерий для среднего)

*   **Условия применимости:**
    1.  Дисперсия генеральной совокупности $\sigma^2$ известна.
    2.  Выборка—случайная.
    3.  Объем выборки $n \geq 30$ (согласно ЦПТ) или исходная совокупность имеет нормальное распределение.
*   **Тестовая статистика:**
    $Z = \frac{\bar{X} - \mu_0}{\sigma / \sqrt{n}}$
    где $\bar{X}$ — выборочное среднее, $\mu_0$ — гипотетическое значение среднего, $\sigma$ — стандартное отклонение совокупности, $n$ — объем выборки.

#### Пример

Производитель утверждает, что средний вес пачки печенья составляет 200 г. Известно, что стандартное отклонение веса равно $\sigma = 15$ г. Взята выборка из $n=36$ пачек, выборочное среднее составило $\bar{x} = 196$ г. Проверить гипотезу на уровне значимости $\alpha=0.05$.

1.  **Гипотезы:**
    $H_0: \mu = 200$
    $H_1: \mu \neq 200$ (двусторонняя)
2.  **Расчет тестовой статистики:**
    $Z_{obs} = \frac{196 - 200}{15 / \sqrt{36}} = \frac{-4}{15 / 6} = \frac{-4}{2.5} = -1.6$
3.  **Расчет p-value:**
    Для двустороннего теста $p = 2 \cdot P(Z < -1.6)$. По таблице стандартного нормального распределения $P(Z < -1.6) \approx 0.0548$.
    $p \approx 2 \cdot 0.0548 = 0.1096$.
4.  **Вывод:**
    Поскольку $p$-value ($0.1096$) > $\alpha$ ($0.05$), нулевая гипотеза не отклоняется. Нет достаточных статистических оснований утверждать, что средний вес пачки отличается от 200 г.

### Доверительные интервалы

#### Мотивация и определения

Точечная оценка (например, выборочное среднее) даёт одно число, но не отражает неопределенность оценки. Доверительный интервал предоставляет диапазон значений, который с высокой вероятностью содержит истинное значение параметра генеральной совокупности.

*   **Доверительный интервал (Confidence Interval, CI)** — интервал, рассчитанный по выборочным данным, который с заданной вероятностью (уровнем доверия) накрывает истинное значение параметра.
*   **Уровень доверия ($1-\alpha$)** — вероятность того, что процедура построения интервала даст результат, содержащий истинный параметр. Наиболее распространены 95% и 99% доверительные интервалы.

#### Ключевые утверждения (для среднего)

*   **1. Дисперсия $\sigma^2$ известна:**
    *   **Условия:** Аналогичны Z-критерию.
    *   **Формула:** $\bar{X} \pm Z_{\alpha/2} \frac{\sigma}{\sqrt{n}}$
        где $Z_{\alpha/2}$ — критическое значение стандартного нормального распределения (например, для 95% интервала $\alpha=0.05$, $Z_{0.025} \approx 1.96$).
*   **2. Дисперсия $\sigma^2$ неизвестна:**
    *   **Условия:** Совокупность распределена нормально (требование ослабевает при $n \geq 30$).
    *   **Формула:** $\bar{X} \pm t_{n-1, \alpha/2} \frac{s}{\sqrt{n}}$
        где $s$ — выборочное стандартное отклонение, $t_{n-1, \alpha/2}$ — критическое значение t-распределения Стьюдента с $n-1$ степенями свободы.

#### Пример

Для выборки из $n=36$ пачек печенья с $\bar{x} = 196$ г и известным $\sigma = 15$ г построить 95% доверительный интервал для среднего веса.

1.  **Параметры:** Уровень доверия 95%, значит $\alpha = 0.05$. $Z_{\alpha/2} = Z_{0.025} \approx 1.96$.
2.  **Расчет погрешности:**
    $E = Z_{\alpha/2} \frac{\sigma}{\sqrt{n}} = 1.96 \cdot \frac{15}{\sqrt{36}} = 1.96 \cdot 2.5 = 4.9$
3.  **Построение интервала:**
    CI = $\bar{x} \pm E = 196 \pm 4.9 = [191.1, 200.9]$.
4.  **Вывод:**
    С 95% уверенностью можно утверждать, что истинный средний вес пачки печенья находится в интервале от 191.1 г до 200.9 г. Значение 200 г входит в этот интервал, что согласуется с результатом предыдущего примера (не смогли отклонить $H_0$).

### Простая линейная регрессия

#### Мотивация и определения

Простая линейная регрессия используется для моделирования линейной зависимости между двумя непрерывными переменными: независимой (предиктором, $X$) и зависимой (откликом, $Y$). Цель — построить уравнение прямой, которая наилучшим образом описывает данные, и использовать его для прогнозирования.

*   **Модель простой линейной регрессии:** $Y_i = \beta_0 + \beta_1 X_i + \epsilon_i$
    *   $\beta_0$ (intercept/свободный член) — ожидаемое значение $Y$ при $X=0$.
    *   $\beta_1$ (slope/наклон) — изменение ожидаемого значения $Y$ при увеличении $X$ на единицу.
    *   $\epsilon_i$ — случайная ошибка (остаток), предполагается $\epsilon_i \sim N(0, \sigma^2)$.
*   **Уравнение регрессии (оценочное):** $\hat{Y} = \hat{\beta}_0 + \hat{\beta}_1 X$
    *   $\hat{\beta}_0$ и $\hat{\beta}_1$ — оценки коэффициентов, полученные из данных (обычно методом наименьших квадратов, МНК).
*   **Коэффициент детерминации ($R^2$)**: доля дисперсии зависимой переменной $Y$, объясняемая моделью.
    $R^2 = 1 - \frac{\sum(y_i - \hat{y}_i)^2}{\sum(y_i - \bar{y})^2}$. Значение от 0 до 1. $R^2 = 0.8$ означает, что 80% изменчивости $Y$ объясняется линейной связью с $X$.

#### Ключевые утверждения

*   **Оценки МНК для коэффициентов:**
    *   $\hat{\beta}_1 = \frac{\sum_{i=1}^{n}(x_i - \bar{x})(y_i - \bar{y})}{\sum_{i=1}^{n}(x_i - \bar{x})^2}$
    *   $\hat{\beta}_0 = \bar{y} - \hat{\beta}_1 \bar{x}$

#### Пример

Анализируется зависимость расходов на рекламу ($X$, в тыс. $) и объема продаж ($Y$, в тыс. $). По данным 5 месяцев получено уравнение регрессии:
$\hat{Y} = 10.5 + 2.1 X$. Коэффициент детерминации $R^2 = 0.85$.

*   **Интерпретация $\hat{\beta}_1 = 2.1$:** Каждая дополнительная тысяча долларов, вложенная в рекламу, ассоциируется с ростом продаж в среднем на 2.1 тыс. долларов.
*   **Интерпретация $\hat{\beta}_0 = 10.5$:** При нулевых затратах на рекламу прогнозируемый объем продаж составляет 10.5 тыс. долларов (базовый уровень).
*   **Интерпретация $R^2 = 0.85$:** 85% вариации в объеме продаж объясняется изменением расходов на рекламу. Это указывает на сильную линейную связь.
*   **Прогноз:** Если компания планирует потратить на рекламу 8 тыс. $, ожидаемый объем продаж составит: $\hat{Y} = 10.5 + 2.1 \cdot 8 = 27.3$ тыс. $.

### Задачи для самопроверки

1.  Средний IQ в популяции равен 100. Исследователь хочет проверить, отличается ли средний IQ студентов определенного университета. Выборка из 49 студентов показала средний IQ 105 с выборочным стандартным отклонением $s=14$. Проверьте гипотезу на уровне значимости $\alpha=0.05$. (Указание: т.к. $\sigma$ неизвестна, используйте t-критерий).
2.  Результаты опроса 1000 избирателей показали, что 550 из них поддерживают кандидата А. Постройте 99% доверительный интервал для истинной доли избирателей, поддерживающих кандидата А.
3.  Для анализа стоимости квартир была построена регрессионная модель `Цена = 40000 + 800 * Площадь`. `Цена` в долларах, `Площадь` в кв. м. Дайте интерпретацию коэффициентов 40000 и 800.
4.  Можно ли на основании 95% доверительного интервала для среднего значения [15.2, 18.8] отклонить нулевую гипотезу $H_0: \mu = 19$ против альтернативы $H_1: \mu \neq 19$ на уровне значимости $\alpha = 0.05$? Обоснуйте ответ.",True,
Дискретная математика,5,"Вычислительная сложность (обзор): классы P/NP, редукции","Сделай компактный конспект по теме «Вычислительная сложность (обзор): классы P/NP, редукции» (раздел «Дискретная математика»).

Что нужно:
- краткая мотивация и точные определения;
- ключевые утверждения/теоремы с условиями применимости (без подробных доказательств);
- 2–3 типовых примера с разбором;
- 3–5 задач для самопроверки (без решений);
Формат: Markdown с заголовками H2/H3, формулы в LaTeX ($...$). Стиль нейтральный, без дидактики. 500–900 слов.","## Вычислительная сложность: P/NP, редукции

### Введение в вычислительную сложность

Вычислительная сложность — раздел теории алгоритмов, классифицирующий задачи по ресурсам, необходимым для их решения. Основные ресурсы — время (количество элементарных операций) и память. Сложность оценивается как функция от размера входных данных $n$.

- **Полиномиальная сложность**: Алгоритм имеет полиномиальную сложность, если время его работы ограничено многочленом от $n$, то есть $O(n^k)$ для некоторой константы $k$. Такие задачи считаются «эффективно разрешимыми».
- **Экспоненциальная сложность**: Время работы алгоритма растёт экспоненциально, например, $O(2^n)$. Такие задачи считаются «труднорешаемыми» или «неразрешимыми» на практике для больших $n$.

Моделью вычислений обычно служит **машина Тьюринга** (МТ).

### Классы сложности P и NP

#### Класс P (Polynomial time)

**Определение**: Класс **P** — это множество задач принятия решения (с ответом «да/нет»), для которых существует детерминированный алгоритм (например, на детерминированной машине Тьюринга), решающий задачу за полиномиальное время от размера входа.

**Примеры**:
1.  **Проверка на простоту**: определение, является ли число $n$ простым.
2.  **Поиск кратчайшего пути в графе**: алгоритм Дейкстры решает задачу за полиномиальное время.
3.  **Сортировка массива**: алгоритмы быстрой сортировки или сортировки слиянием имеют сложность $O(n \log n)$, что является полиномиальной.

#### Класс NP (Nondeterministic Polynomial time)

**Определение (формальное)**: Класс **NP** — это множество задач принятия решения, для которых существует *недетерминированная* машина Тьюринга, решающая задачу за полиномиальное время.

**Определение (практическое)**: Класс **NP** — это множество задач, для которых, если ответ на задачу «да», то существует подтверждение этого ответа (называемое **сертификатом**), которое можно **проверить** за полиномиальное время на детерминированной машине.

Это означает, что мы не обязательно умеем быстро находить решение, но если нам его предоставили, мы можем быстро проверить, что оно верное.

**Пример**:
*   **Задача о гамильтоновом цикле**: «Существует ли в графе $G$ цикл, проходящий через каждую вершину ровно один раз?».
    *   **Сертификат**: Последовательность вершин, предположительно образующая гамильтонов цикл.
    *   **Проверка (верификация)**: За полиномиальное время можно проверить: 1) что последовательность содержит все вершины графа по одному разу; 2) что между каждой парой соседних вершин в последовательности существует ребро.
    *   Поскольку проверка быстрая, задача находится в классе NP. Найти такой цикл — сложная задача.

#### Проблема P vs. NP

Очевидно, что $P \subseteq NP$. Если задачу можно решить за полиномиальное время (класс P), то можно и проверить её решение за то же время (условие для NP).

Центральный вопрос теории сложности: **Верно ли, что P = NP?**

- Если **P = NP**, то любая задача, решение которой можно быстро проверить, может быть и быстро решена. Это привело бы к революции во многих областях (криптография, логистика, биология).
- Если **P ≠ NP** (что считается более вероятным), то существуют задачи, которые принципиально сложнее решать, чем проверять их решение.

Проблема P vs. NP является одной из семи «задач тысячелетия».

### Сведение задач (редукция)

Сведение — это метод сравнения сложности задач.

**Определение**: Задача $A$ **сводится по Карпу** (полиномиально) к задаче $B$ (обозначается $A \le_p B$), если существует алгоритм, который за полиномиальное время преобразует любой экземпляр задачи $A$ в эквивалентный ему экземпляр задачи $B$. Эквивалентность означает, что ответ «да» для исходного экземпляра $A$ должен соответствовать ответу «да» для преобразованного экземпляра $B$, и наоборот.

**Следствие**: Если $A \le_p B$, то задача $B$ не проще, чем задача $A$. Если мы имеем полиномиальный алгоритм для $B$, мы можем решить и $A$ за полиномиальное время (сначала выполнив редукцию, а затем решив $B$).

### NP-полные и NP-трудные задачи

#### NP-трудные задачи (NP-Hard)

**Определение**: Задача $B$ является **NP-трудной**, если любая задача $A$ из класса NP сводится к ней ($A \le_p B$ для всех $A \in NP$).

NP-трудные задачи — это «самые сложные» задачи в NP (и, возможно, даже сложнее). Они не обязаны сами принадлежать классу NP.

#### NP-полные задачи (NP-Complete, NPC)

**Определение**: Задача является **NP-полной**, если она удовлетворяет двум условиям:
1.  Она принадлежит классу **NP**.
2.  Она является **NP-трудной**.

NP-полные задачи — это самые сложные задачи *внутри* класса NP. Если будет найден полиномиальный алгоритм для хотя бы одной NP-полной задачи, то все задачи из класса NP окажутся решаемыми за полиномиальное время, и, следовательно, P = NP.

#### Теорема Кука–Левина (1971)

**Утверждение**: Задача о выполнимости булевых формул (**SAT**) является NP-полной.

**Значение**: Эта теорема предоставила первую известную NP-полную задачу. Для доказательства NP-полноты новой задачи $X$ теперь достаточно:
1.  Показать, что $X \in NP$.
2.  Найти известную NP-полную задачу $Y$ (например, SAT) и доказать, что $Y \le_p X$.

### Примеры и разбор

**Пример 1: Задача о вершинном покрытии (Vertex Cover) принадлежит классу NP**

*   **Постановка**: Даны граф $G=(V, E)$ и целое число $k$. Существует ли в $G$ подмножество вершин $V' \subseteq V$ такое, что $|V'| \le k$ и для любого ребра $(u, v) \in E$ хотя бы одна из его вершин принадлежит $V'$ (т.е., $u \in V'$ или $v \in V'$)?
*   **Сертификат**: Множество вершин $V'$.
*   **Верификатор**:
    1.  Проверить, что $|V'| \le k$. Это операция $O(|V|)$.
    2.  Для каждого ребра $(u, v) \in E$ проверить, что $u \in V'$ или $v \in V'$. Это операция $O(|E| \cdot |V'|)$, то есть полиномиальная.
*   **Вывод**: Поскольку существует полиномиальный верификатор, задача Vertex Cover находится в классе NP. (На самом деле, она NP-полная).

**Пример 2: Сведение задачи о независимом множестве (IS) к вершинному покрытию (VC)**

*   **Задача о независимом множестве (Independent Set, IS)**: найти в графе $G$ множество вершин размера не менее $k$, таких что никакие две из них не соединены ребром.
*   **Ключевое утверждение**: В графе $G=(V, E)$ множество $I \subseteq V$ является независимым множеством тогда и только тогда, когда его дополнение $V \setminus I$ является вершинным покрытием.
*   **Редукция ($IS \le_p VC$)**:
    1.  Получаем на вход экземпляр задачи IS: граф $G=(V, E)$ и число $k$.
    2.  Создаём экземпляр задачи VC: тот же граф $G$ и число $k' = |V| - k$.
    3.  Эта трансформация выполняется за постоянное время.
    4.  Если в $G$ есть независимое множество размера $k$, то по утверждению выше, есть и вершинное покрытие размера $|V|-k = k'$. Если есть такое вершинное покрытие, то есть и независимое множество. Задачи эквивалентны.
*   **Вывод**: Мы свели IS к VC за полиномиальное время.

### Задачи для самопроверки

1.  **Задача о раскраске графа (Graph Coloring)**: «Можно ли раскрасить вершины графа $G$ в $k$ цветов так, чтобы никакие две смежные вершины не были одного цвета?» Опишите сертификат для этой задачи и докажите, что она принадлежит классу NP.

2.  Предположим, P = NP. Как это повлияет на безопасность асимметричных криптосистем (например, RSA), основанных на сложности задачи факторизации целых чисел?

3.  Вам известно, что задача $A \le_p B$. Также известно, что для решения задачи $B$ существует алгоритм со сложностью $O(n^3)$. Что можно сказать о сложности решения задачи $A$?

4.  **Задача о сумме подмножества (Subset Sum)**: «Дано множество целых чисел и целевое значение $T$. Существует ли непустое подмножество, сумма элементов которого равна $T$?» Какой сертификат можно использовать для этой задачи?

5.  В чем заключается принципиальное различие между NP-трудной и NP-полной задачей? Может ли задача быть NP-трудной, но не принадлежать классу NP? Приведите гипотетический пример.",True,
Дифференциальные уравнения,1,"ОДУ первого порядка (линейные, Бернулли, точные)","Сделай компактный конспект по теме «ОДУ первого порядка (линейные, Бернулли, точные)» (раздел «Дифференциальные уравнения»).

Что нужно:
- краткая мотивация и точные определения;
- ключевые утверждения/теоремы с условиями применимости (без подробных доказательств);
- 2–3 типовых примера с разбором;
- 3–5 задач для самопроверки (без решений);
Формат: Markdown с заголовками H2/H3, формулы в LaTeX ($...$). Стиль нейтральный, без дидактики. 500–900 слов.","Конечно, вот конспект по указанной теме.

---

## Обыкновенные дифференциальные уравнения (ОДУ) первого порядка

ОДУ первого порядка связывает независимую переменную $x$, искомую функцию $y(x)$ и её первую производную $y'(x)$. Общий вид такого уравнения: $F(x, y, y') = 0$, или, в разрешённой относительно производной форме: $y' = f(x, y)$. Решением является функция $y(x)$, удовлетворяющая этому соотношению. Ниже рассмотрены три важных частных класса ОДУ первого порядка.

### Линейные ОДУ первого порядка

#### Определение
Уравнение вида
$$ y' + p(x)y = q(x) $$
называется линейным неоднородным дифференциальным уравнением первого порядка. Функции $p(x)$ и $q(x)$ предполагаются непрерывными на некотором интервале.

*   Если $q(x) \equiv 0$, уравнение $y' + p(x)y = 0$ называется **линейным однородным**.
*   Если $q(x) \not\equiv 0$, уравнение называется **линейным неоднородным**.

#### Метод решения (метод вариации произвольной постоянной)
1.  **Решение однородного уравнения.** Сначала решается соответствующее однородное уравнение $y' + p(x)y = 0$. Это уравнение с разделяющимися переменными:
    $$ \frac{dy}{y} = -p(x)dx \implies \ln|y| = -\int p(x)dx + \ln|C| $$
    Общее решение однородного уравнения: $y_o(x) = C \cdot e^{-\int p(x)dx}$.

2.  **Вариация постоянной.** Общее решение неоднородного уравнения ищется в виде, аналогичном решению однородного, но константа $C$ заменяется на неизвестную функцию $C(x)$:
    $$ y(x) = C(x) \cdot e^{-\int p(x)dx} $$

3.  **Подстановка и нахождение $C(x)$.** Выражение для $y(x)$ и его производная $y'(x)$ подставляются в исходное неоднородное уравнение. После упрощений получается уравнение для $C'(x)$:
    $$ C'(x) \cdot e^{-\int p(x)dx} = q(x) \implies C'(x) = q(x) \cdot e^{\int p(x)dx} $$
    Интегрируя, находят $C(x) = \int q(x) \cdot e^{\int p(x)dx} dx + C_1$, где $C_1$ — новая произвольная постоянная.

4.  **Общее решение.** Подстановка найденной функции $C(x)$ дает общее решение исходного уравнения.

#### Пример
Решить уравнение $y' - \frac{2}{x}y = x^2$.

1.  **Однородное уравнение:** $y' - \frac{2}{x}y = 0 \implies \frac{dy}{y} = \frac{2}{x}dx$.
    Интегрируя, получаем $\ln|y| = 2\ln|x| + \ln|C|$, откуда $y_o = Cx^2$.

2.  **Вариация постоянной:** Ищем решение в виде $y = C(x)x^2$.
    Производная: $y' = C'(x)x^2 + C(x) \cdot 2x$.

3.  **Подстановка:**
    $$ (C'(x)x^2 + 2x C(x)) - \frac{2}{x}(C(x)x^2) = x^2 $$
    $$ C'(x)x^2 + 2x C(x) - 2x C(x) = x^2 $$
    $$ C'(x)x^2 = x^2 \implies C'(x) = 1 $$
    Интегрируя, находим $C(x) = \int dx = x + C_1$.

4.  **Общее решение:** $y = (x + C_1)x^2 = x^3 + C_1x^2$.

### Уравнения Бернулли

#### Определение
Уравнение вида
$$ y' + p(x)y = q(x)y^n $$
называется уравнением Бернулли. Здесь $n \in \mathbb{R}$, и предполагается, что $n \neq 0$ и $n \neq 1$ (иначе уравнение является линейным).

#### Метод решения (сведение к линейному)
1.  **Преобразование.** Уравнение делится на $y^n$ (при условии $y \neq 0$):
    $$ y^{-n}y' + p(x)y^{1-n} = q(x) $$

2.  **Замена.** Вводится новая функция $z(x) = y^{1-n}$. Её производная равна $z' = (1-n)y^{-n}y'$. Отсюда $y^{-n}y' = \frac{z'}{1-n}$.

3.  **Получение линейного уравнения.** После подстановки в преобразованное уравнение получается линейное уравнение относительно $z(x)$:
    $$ \frac{z'}{1-n} + p(x)z = q(x) \implies z' + (1-n)p(x)z = (1-n)q(x) $$

4.  **Решение.** Полученное линейное уравнение решается для $z(x)$ методом вариации произвольной постоянной.

5.  **Обратная замена.** Возвращаются к исходной функции $y(x)$, используя соотношение $y = z^{\frac{1}{1-n}}$.

#### Пример
Решить уравнение $y' + \frac{y}{x} = x y^2$.

1.  Здесь $n=2$. Делим на $y^2$: $y^{-2}y' + \frac{1}{x}y^{-1} = x$.
2.  **Замена:** $z = y^{1-2} = y^{-1}$. Тогда $z' = -y^{-2}y'$.
3.  **Подстановка:** $-z' + \frac{1}{x}z = x \implies z' - \frac{1}{x}z = -x$.
    Это линейное уравнение для $z(x)$.

4.  **Решение линейного уравнения:**
    *   Однородное: $z' - \frac{z}{x} = 0 \implies \frac{dz}{z} = \frac{dx}{x} \implies z_o = Cx$.
    *   Вариация: $z = C(x)x \implies z' = C'(x)x + C(x)$.
    *   Подстановка: $(C'(x)x + C(x)) - \frac{C(x)x}{x} = -x \implies C'(x)x = -x \implies C'(x) = -1$.
    *   $C(x) = -x + C_1$.
    *   Решение для $z$: $z(x) = (-x + C_1)x = -x^2 + C_1x$.

5.  **Обратная замена:** $y^{-1} = z \implies y = \frac{1}{z} = \frac{1}{C_1x - x^2}$.

### Уравнения в полных дифференциалах

#### Определение
Уравнение вида
$$ M(x, y)dx + N(x, y)dy = 0 $$
называется уравнением в полных дифференциалах (или точным), если его левая часть является полным дифференциалом некоторой функции $U(x, y)$, то есть $dU(x, y) = M(x, y)dx + N(x, y)dy$.
Это означает, что $\frac{\partial U}{\partial x} = M(x, y)$ и $\frac{\partial U}{\partial y} = N(x, y)$.

#### Ключевое утверждение (Критерий точности)
Если функции $M(x, y)$, $N(x, y)$ и их частные производные $\frac{\partial M}{\partial y}$, $\frac{\partial N}{\partial x}$ непрерывны в некоторой односвязной области, то для того чтобы уравнение было точным, необходимо и достаточно выполнение условия:
$$ \frac{\partial M(x, y)}{\partial y} = \frac{\partial N(x, y)}{\partial x} $$

Если условие выполнено, то общее решение (интеграл) уравнения имеет вид $U(x, y) = C$.

#### Метод решения
1.  **Проверка условия точности.** Вычисляются частные производные и проверяется их равенство.
2.  **Нахождение функции $U(x, y)$.**
    a. Интегрируем $\frac{\partial U}{\partial x} = M(x, y)$ по переменной $x$, считая $y$ константой:
    $$ U(x, y) = \int M(x, y)dx + \varphi(y) $$
    Здесь $\varphi(y)$ — произвольная функция, играющая роль ""константы"" интегрирования.

    b. Дифференцируем полученное выражение для $U(x, y)$ по $y$:
    $$ \frac{\partial U}{\partial y} = \frac{\partial}{\partial y} \left( \int M(x, y)dx \right) + \varphi'(y) $$

    c. Приравниваем результат к $N(x, y)$, чтобы найти $\varphi'(y)$:
    $$ N(x, y) = \frac{\partial}{\partial y} \left( \int M(x, y)dx \right) + \varphi'(y) $$
    Из этого соотношения находят $\varphi'(y)$, а затем интегрированием — $\varphi(y)$.

3.  **Запись общего интеграла.** Подставляют найденную $\varphi(y)$ в выражение для $U(x, y)$ и записывают общий интеграл $U(x, y) = C$.

#### Пример
Решить уравнение $(3x^2 + 6xy^2)dx + (6x^2y + 4y^3)dy = 0$.

1.  **Проверка:**
    $M(x, y) = 3x^2 + 6xy^2 \implies \frac{\partial M}{\partial y} = 12xy$.
    $N(x, y) = 6x^2y + 4y^3 \implies \frac{\partial N}{\partial x} = 12xy$.
    Условие $\frac{\partial M}{\partial y} = \frac{\partial N}{\partial x}$ выполнено, уравнение точное.

2.  **Нахождение $U(x, y)$:**
    a. $U(x, y) = \int (3x^2 + 6xy^2)dx + \varphi(y) = x^3 + 3x^2y^2 + \varphi(y)$.
    b. $\frac{\partial U}{\partial y} = 6x^2y + \varphi'(y)$.
    c. Приравниваем к $N(x, y)$: $6x^2y + \varphi'(y) = 6x^2y + 4y^3$.
    Отсюда $\varphi'(y) = 4y^3$.
    Интегрируя, получаем $\varphi(y) = \int 4y^3 dy = y^4$. (Константу интегрирования можно опустить, так как она войдет в общую константу $C$).

3.  **Общий интеграл:** $U(x, y) = x^3 + 3x^2y^2 + y^4$.
    Ответ: $x^3 + 3x^2y^2 + y^4 = C$.

---

### Задачи для самопроверки

1.  $y' - y\cot x = 2x \sin x$
2.  $(x^2+1)y' + 2xy = y^2(x^2+1)$
3.  $y' + 2y = y^2 e^x$
4.  $(e^x \sin y + x)dx + (e^x \cos y + y)dy = 0$
5.  $xy' = y + \sqrt{x^2+y^2}$ (примечание: это однородное уравнение, сводящееся к уравнению с разделяющимися переменными, но полезно для сравнения).",True,
Дискретная математика,4,"Теория графов: деревья, связность, кратчайшие пути, планарность","Сделай компактный конспект по теме «Теория графов: деревья, связность, кратчайшие пути, планарность» (раздел «Дискретная математика»).

Что нужно:
- краткая мотивация и точные определения;
- ключевые утверждения/теоремы с условиями применимости (без подробных доказательств);
- 2–3 типовых примера с разбором;
- 3–5 задач для самопроверки (без решений);
Формат: Markdown с заголовками H2/H3, формулы в LaTeX ($...$). Стиль нейтральный, без дидактики. 500–900 слов.","Конечно, вот конспект по указанным темам теории графов.

## Теория графов: ключевые концепции

### Деревья

#### Мотивация и определения

Деревья используются для моделирования иерархических структур (файловые системы, организационные структуры) и сетей, требующих минимальной связности без избыточности.

*   **Граф** — это множество вершин $V$ и множество ребер $E$, соединяющих пары вершин. Обозначается как $G=(V, E)$.
*   **Цикл** — это замкнутый путь в графе, в котором начальная и конечная вершины совпадают, а другие вершины не повторяются.
*   **Связный граф** — граф, в котором для любых двух вершин существует путь, их соединяющий.
*   **Дерево** — это связный ациклический (не содержащий циклов) граф.
*   **Лес** — это несвязный ациклический граф. Каждая компонента связности леса является деревом.
*   **Лист** (висячая вершина) — вершина дерева, имеющая степень 1.
*   **Корень** — выделенная вершина в дереве, от которой строятся все пути (такое дерево называется **корневым** или ориентированным).

#### Свойства и теоремы

Для графа $G$ с $n$ вершинами ($n \geq 1$) следующие утверждения эквивалентны и являются критериями дерева:

1.  $G$ — связный граф и имеет $n-1$ ребро.
2.  $G$ — ациклический граф и имеет $n-1$ ребро.
3.  $G$ связен, но удаление любого ребра делает его несвязным.
4.  Между любыми двумя вершинами в $G$ существует ровно один простой путь.

#### Пример

Рассмотрим граф $G_1$ с вершинами $\{A, B, C, D\}$ и ребрами $\{(A,B), (B,C), (B,D)\}$.
*   **Вершин:** $n=4$.
*   **Ребер:** $m=3$.
*   Граф связный и не содержит циклов.
*   Выполняется условие $m = n-1$.
Следовательно, $G_1$ является деревом.

Если к $G_1$ добавить ребро $(C,D)$, получится граф $G_2$. В нем появится цикл $(B,C,D,B)$. $G_2$ по-прежнему связный, но не является деревом, так как имеет цикл.

---

### Связность

#### Мотивация и определения

Анализ связности позволяет оценивать надежность сетей: наличие уязвимых узлов или каналов связи, распад сети на изолированные части.

*   **Компонента связности** — это максимальный по включению связный подграф. Иными словами, это группа вершин, в которой каждая вершина достижима из любой другой, и нет путей из этой группы в другие.
*   **Точка сочленения** (шарнир) — вершина, удаление которой (вместе с инцидентными ей ребрами) увеличивает число компонент связности графа.
*   **Мост** — ребро, удаление которого увеличивает число компонент связности графа.

#### Основные положения

*   Любой граф можно представить в виде объединения одной или нескольких компонент связности.
*   Ребро $(u, v)$ является мостом тогда и только тогда, когда оно не принадлежит ни одному циклу в графе.

#### Пример

В графе с вершинами $\{A,B,C,D,E,F\}$ и ребрами $\{(A,B), (B,C), (C,A), (C,D), (E,F)\}:
*   **Компоненты связности:** две. Первая — $\{A,B,C,D\}$, вторая — $\{E,F\}$.
*   **Точка сочленения:** вершина $C$. Ее удаление разделит первую компоненту на подграф с вершинами $\{A,B\}$ и изолированную вершину $D$.
*   **Мост:** ребро $(C,D)$. Его удаление изолирует вершину $D$ от остальной части ее компоненты.

---

### Кратчайшие пути

#### Мотивация и определения

Поиск кратчайших путей — фундаментальная задача в логистике (выбор маршрута), сетевой маршрутизации (передача данных) и многих других областях оптимизации.

*   **Взвешенный граф** — граф, каждому ребру которого сопоставлено число (вес), характеризующее его длину, стоимость, пропускную способность и т.д.
*   **Длина (вес) пути** — сумма весов ребер, составляющих этот путь.
*   **Кратчайший путь** между двумя вершинами — это путь с минимальной возможной длиной.

#### Алгоритмы и утверждения

1.  **Алгоритм Дейкстры:** Находит кратчайшие пути от одной (стартовой) вершины до всех остальных.
    *   **Условие применимости:** веса всех ребер должны быть неотрицательными.

2.  **Алгоритм Беллмана-Форда:** Находит кратчайшие пути от одной вершины до всех остальных.
    *   **Преимущество:** работает с ребрами произвольного, в том числе отрицательного, веса.
    *   **Дополнительная возможность:** позволяет обнаруживать циклы отрицательного веса (в которых кратчайшего пути не существует, так как по циклу можно «наматывать» бесконечно малый вес).

3.  **Алгоритм Флойда-Уоршелла:** Находит кратчайшие пути между всеми парами вершин в графе.

#### Пример: Алгоритм Дейкстры

Найдем кратчайшие пути из вершины `A` для графа с весами: `(A,B):4`, `(A,C):2`, `(B,C):1`, `(B,D):5`, `(C,D):8`, `(C,E):10`, `(D,E):2`.

1.  **Инициализация:** Расстояния $d(A)=0$, $d(B,C,D,E)=\infty$. Множество посещенных вершин $S=\{\}$.
2.  **Шаг 1:** Выбираем вершину с минимальным $d$, не из $S$. Это `A`. Добавляем $A$ в $S$. Обновляем расстояния до соседей:
    *   $d(B) = \min(\infty, d(A)+4) = 4$.
    *   $d(C) = \min(\infty, d(A)+2) = 2$.
    *   Текущие расстояния: $d(A)=0, d(B)=4, d(C)=2, d(D)=\infty, d(E)=\infty$.
3.  **Шаг 2:** Выбираем `C` ($d(C)=2$). $S=\{A,C\}$. Обновляем соседей `C`:
    *   $d(B) = \min(4, d(C)+1) = \min(4, 2+1) = 3$.
    *   $d(D) = \min(\infty, d(C)+8) = 10$.
    *   $d(E) = \min(\infty, d(C)+10) = 12$.
    *   Текущие расстояния: $d(A)=0, d(B)=3, d(C)=2, d(D)=10, d(E)=12$.
4.  **Шаг 3:** Выбираем `B` ($d(B)=3$). $S=\{A,C,B\}$. Обновляем соседей `B`:
    *   $d(D) = \min(10, d(B)+5) = \min(10, 3+5) = 8$.
    *   Текущие расстояния: $d(A)=0, d(B)=3, d(C)=2, d(D)=8, d(E)=12$.
5.  **Шаг 4:** Выбираем `D` ($d(D)=8$). $S=\{A,C,B,D\}$. Обновляем соседей `D`:
    *   $d(E) = \min(12, d(D)+2) = \min(12, 8+2) = 10$.
6.  **Шаг 5:** Выбираем `E` ($d(E)=10$). Алгоритм завершен.

**Результат:** Кратчайшие пути от `A`: $A \to C$ (2), $A \to C \to B$ (3), $A \to C \to B \to D$ (8), $A \to C \to B \to D \to E$ (10).

---

### Планарность

#### Мотивация и определения

Планарность важна при проектировании печатных плат (дорожки-ребра не должны пересекаться), схем метрополитена и визуализации сложных сетей.

*   **Планарный граф** — граф, который можно изобразить (уложить) на плоскости так, чтобы его ребра пересекались только в вершинах.
*   **Грань** — область плоскости, ограниченная ребрами в планарной укладке. Включает одну внешнюю, неограниченную грань.

#### Критерии планарности

1.  **Формула Эйлера для планарных графов:** Для любого связного планарного графа с $v$ вершинами, $e$ ребрами и $f$ гранями выполняется соотношение:
    $v - e + f = 2$

2.  **Следствие из формулы Эйлера:** Для простого (без петель и кратных ребер) планарного графа с $v \geq 3$ вершинами и $e$ ребрами верно неравенство:
    $e \leq 3v - 6$
    Если в графе нет циклов длины 3, то: $e \leq 2v - 4$.
    *Это необходимое, но не достаточное условие. Если оно не выполняется, граф точно не планарен.*

3.  **Теорема Куратовского (1930):** Граф является планарным тогда и только тогда, когда он не содержит подграфов, гомеоморфных полному графу $K_5$ или полному двудольному графу $K_{3,3}$.
    *   $K_5$: полный граф с 5 вершинами (все соединены со всеми).
    *   $K_{3,3}$: две доли по 3 вершины, где каждая вершина одной доли соединена с каждой вершиной другой доли.
    *   Гомеоморфный подграф — это подграф, который можно получить путем «вставки» вершин степени 2 на ребра (подразделение ребер).

#### Пример: Непланарность $K_5$

Полный граф $K_5$ имеет $v=5$ вершин. Каждая вершина соединена с 4 другими, поэтому число ребер $e = (5 \times 4) / 2 = 10$.
Проверим следствие из формулы Эйлера: $e \leq 3v - 6$.
$10 \leq 3 \times 5 - 6$
$10 \leq 15 - 6$
$10 \leq 9$
Неравенство ложно. Следовательно, граф $K_5$ не является планарным.

---

### Задачи для самопроверки

1.  Граф имеет 10 вершин и 8 ребер, но не является связным. Сколько компонент связности он имеет, если известно, что каждая компонента — дерево?
2.  Дан граф с вершинами V={1,2,3,4,5,6} и ребрами E={(1,2), (1,3), (2,3), (3,4), (4,5), (4,6), (5,6)}. Найдите все мосты и точки сочленения в этом графе.
3.  Определите, является ли полный двудольный граф $K_{2,4}$ планарным. Обоснуйте ответ с помощью формулы Эйлера или теоремы Куратовского.
4.  Можно ли в алгоритме Дейкстры использовать отрицательные веса, если в графе гарантированно нет циклов отрицательной длины? Почему?
5.  Найдите кратчайший путь из вершины S в вершину T в графе с ребрами (S,A):1, (S,B):4, (A,B):2, (A,T):7, (B,T):3.",True,
Дифференциальные уравнения,2,Линейные ОДУ высших порядков; фундаментальная система; вариация постоянных,"Сделай компактный конспект по теме «Линейные ОДУ высших порядков; фундаментальная система; вариация постоянных» (раздел «Дифференциальные уравнения»).

Что нужно:
- краткая мотивация и точные определения;
- ключевые утверждения/теоремы с условиями применимости (без подробных доказательств);
- 2–3 типовых примера с разбором;
- 3–5 задач для самопроверки (без решений);
Формат: Markdown с заголовками H2/H3, формулы в LaTeX ($...$). Стиль нейтральный, без дидактики. 500–900 слов.","## Конспект: Линейные ОДУ высших порядков

### Общее определение и постановка задачи

Линейным обыкновенным дифференциальным уравнением (ОДУ) n-го порядка называется уравнение вида:
$$ a_0(x) y^{(n)} + a_1(x) y^{(n-1)} + \dots + a_{n-1}(x) y' + a_n(x) y = f(x) $$

где $a_0(x), \dots, a_n(x)$ и $f(x)$ — непрерывные функции на некотором интервале $(a, b)$, причем $a_0(x) \neq 0$ на этом интервале.

*   Если $f(x) \equiv 0$, уравнение называется **однородным**.
*   Если $f(x) \not\equiv 0$, уравнение называется **неоднородным**.

Основная задача — найти общее решение уравнения, то есть функцию $y(x)$, которая зависит от $n$ произвольных постоянных $C_1, C_2, \dots, C_n$ и удовлетворяет уравнению.

### Линейные однородные уравнения

Рассматривается уравнение:
$$ a_0(x) y^{(n)} + a_1(x) y^{(n-1)} + \dots + a_n(x) y = 0 $$

#### Структура общего решения
**Теорема.** Если $y_1(x), y_2(x), \dots, y_n(x)$ — $n$ линейно независимых частных решений однородного уравнения, то его общее решение имеет вид:
$$ y_{o}(x) = C_1 y_1(x) + C_2 y_2(x) + \dots + C_n y_n(x) $$
где $C_1, \dots, C_n$ — произвольные постоянные.

**Определение.** Совокупность $n$ линейно независимых решений $\{y_1, y_2, \dots, y_n\}$ однородного уравнения n-го порядка называется **фундаментальной системой решений (ФСР)**.

#### Определитель Вронского (Вронскиан)
Для проверки линейной независимости системы функций $\{y_1, \dots, y_n\}$ используется определитель Вронского:
$$ W(x) = W[y_1, \dots, y_n](x) = \begin{vmatrix} y_1 & y_2 & \dots & y_n \\ y_1' & y_2' & \dots & y_n' \\ \vdots & \vdots & \ddots & \vdots \\ y_1^{(n-1)} & y_2^{(n-1)} & \dots & y_n^{(n-1)} \end{vmatrix} $$

**Критерий.** Функции $y_1, \dots, y_n$, являющиеся решениями однородного линейного ОДУ, линейно независимы на интервале $(a, b)$ тогда и только тогда, когда их вронскиан $W(x) \neq 0$ для любого $x \in (a, b)$.

### Линейные неоднородные уравнения

Рассматривается уравнение:
$$ a_0(x) y^{(n)} + \dots + a_n(x) y = f(x) $$

#### Структура общего решения
**Теорема.** Общее решение $y_{н}(x)$ линейного неоднородного уравнения равно сумме общего решения соответствующего однородного уравнения $y_{o}(x)$ и какого-либо частного решения неоднородного уравнения $y_{частн}(x)$.
$$ y_{н}(x) = y_{о}(x) + y_{частн}(x) $$

#### Метод вариации произвольных постоянных
Этот метод позволяет найти частное решение $y_{частн}(x)$, если известна ФСР $\{y_1, \dots, y_n\}$ для соответствующего однородного уравнения.

1.  Находим общее решение однородного уравнения: $y_o(x) = C_1 y_1(x) + \dots + C_n y_n(x)$.
2.  Ищем частное решение неоднородного уравнения в виде:
    $$ y_{частн}(x) = C_1(x) y_1(x) + \dots + C_n(x) y_n(x) $$
    где $C_i(x)$ — неизвестные функции.
3.  Для нахождения производных $C_1'(x), \dots, C_n'(x)$ составляется и решается система линейных алгебраических уравнений:
    $$
    \begin{cases}
    C_1' y_1 + C_2' y_2 + \dots + C_n' y_n = 0 \\
    C_1' y_1' + C_2' y_2' + \dots + C_n' y_n' = 0 \\
    \vdots \\
    C_1' y_1^{(n-2)} + C_2' y_2^{(n-2)} + \dots + C_n' y_n^{(n-2)} = 0 \\
    C_1' y_1^{(n-1)} + C_2' y_2^{(n-1)} + \dots + C_n' y_n^{(n-1)} = \frac{f(x)}{a_0(x)}
    \end{cases}
    $$
4.  Решив систему относительно $C_i'(x)$, находим функции $C_i(x)$ интегрированием:
    $$ C_i(x) = \int C_i'(x) dx $$
    (Константы интегрирования можно положить равными нулю, так как требуется найти одно частное решение).
5.  Подставляем найденные $C_i(x)$ в формулу для $y_{частн}(x)$.

***

### Примеры

**Пример 1: Нахождение ФСР и общего решения однородного уравнения.**
Найти общее решение уравнения $y'' - 5y' + 6y = 0$.

1.  Это линейное однородное уравнение с постоянными коэффициентами. Составляем характеристическое уравнение:
    $k^2 - 5k + 6 = 0$.
2.  Находим его корни: $(k-2)(k-3) = 0 \implies k_1 = 2, k_2 = 3$.
3.  Корни действительные и различные. ФСР состоит из функций $y_1 = e^{2x}$ и $y_2 = e^{3x}$.
4.  Общее решение: $y_o(x) = C_1 e^{2x} + C_2 e^{3x}$.

**Пример 2: Решение неоднородного уравнения методом вариации постоянных.**
Найти общее решение уравнения $y'' - 5y' + 6y = 2e^x$.

1.  Общее решение однородного уравнения известно из Примера 1: $y_o(x) = C_1 e^{2x} + C_2 e^{3x}$. ФСР: $\{e^{2x}, e^{3x}\}$.
2.  Ищем частное решение в виде $y_{частн}(x) = C_1(x) e^{2x} + C_2(x) e^{3x}$.
3.  Составляем систему для $C_1'(x)$ и $C_2'(x)$. Здесь $n=2$, $a_0(x)=1$, $f(x)=2e^x$.
    $$
    \begin{cases}
    C_1' e^{2x} + C_2' e^{3x} = 0 \\
    C_1' (e^{2x})' + C_2' (e^{3x})' = 2e^x
    \end{cases}
    \implies
    \begin{cases}
    C_1' e^{2x} + C_2' e^{3x} = 0 \\
    2C_1' e^{2x} + 3C_2' e^{3x} = 2e^x
    \end{cases}
    $$
4.  Решаем систему. Из первого уравнения: $C_1' = -C_2' e^x$. Подставляем во второе:
    $2(-C_2' e^x) e^{2x} + 3C_2' e^{3x} = 2e^x \implies -2C_2' e^{3x} + 3C_2' e^{3x} = 2e^x \implies C_2' e^{3x} = 2e^x \implies C_2' = 2e^{-2x}$.
    Тогда $C_1' = -(2e^{-2x})e^x = -2e^{-x}$.
5.  Интегрируем:
    $C_1(x) = \int -2e^{-x} dx = 2e^{-x}$.
    $C_2(x) = \int 2e^{-2x} dx = -e^{-2x}$.
6.  Подставляем в $y_{частн}(x)$:
    $y_{частн}(x) = (2e^{-x})e^{2x} + (-e^{-2x})e^{3x} = 2e^x - e^x = e^x$.
7.  Общее решение неоднородного уравнения:
    $y_{н}(x) = y_o(x) + y_{частн}(x) = C_1 e^{2x} + C_2 e^{3x} + e^x$.

### Задачи для самопроверки

1.  Найти общее решение уравнения $y'' + 4y' + 4y = 0$.
2.  Найти общее решение уравнения $y'' + y = \frac{1}{\sin x}$.
3.  Найти общее решение уравнения $y''' - y' = 0$. Проверить, что найденные решения образуют ФСР, вычислив вронскиан.
4.  Найти общее решение уравнения $y'' - 2y' + y = \frac{e^x}{x}$.",True,
Дифференциальные уравнения,3,"Качественная теория: фазовые портреты, устойчивость","Сделай компактный конспект по теме «Качественная теория: фазовые портреты, устойчивость» (раздел «Дифференциальные уравнения»).

Что нужно:
- краткая мотивация и точные определения;
- ключевые утверждения/теоремы с условиями применимости (без подробных доказательств);
- 2–3 типовых примера с разбором;
- 3–5 задач для самопроверки (без решений);
Формат: Markdown с заголовками H2/H3, формулы в LaTeX ($...$). Стиль нейтральный, без дидактики. 500–900 слов.","## Качественная теория дифференциальных уравнений: фазовые портреты и устойчивость

### Мотивация и основные определения

Качественная теория позволяет анализировать поведение решений дифференциальных уравнений без нахождения их явного вида, что часто бывает невозможно. Основное внимание уделяется долговременному поведению системы: к чему стремятся решения, существуют ли устойчивые состояния.

Рассматривается автономная система обыкновенных дифференциальных уравнений (ОДУ):
$$
\dot{\vec{x}} = \vec{f}(\vec{x}), \quad \vec{x} \in \mathbb{R}^n
$$
Здесь $\dot{\vec{x}} = \frac{d\vec{x}}{dt}$, и правая часть не зависит явно от времени $t$.

**Основные определения:**

*   **Фазовое пространство:** Пространство состояний системы $\mathbb{R}^n$ с координатами $x_1, \dots, x_n$. Каждая точка в этом пространстве представляет одно из возможных состояний системы.
*   **Фазовая траектория:** Кривая в фазовом пространстве, которую описывает вектор состояний $\vec{x}(t)$ с течением времени.
*   **Фазовый портрет:** Совокупность всех фазовых траекторий системы. Он дает геометрическое представление о поведении всех возможных решений.
*   **Точка равновесия (стационарная точка):** Точка $\vec{x}_0$, в которой векторное поле равно нулю: $\vec{f}(\vec{x}_0) = \vec{0}$. Если система стартует из этой точки, она остается в ней навсегда ($\vec{x}(t) = \vec{x}_0$).

**Определения устойчивости** точки равновесия $\vec{x}_0$:

*   **Устойчивость по Ляпунову:** Точка $\vec{x}_0$ устойчива, если для любого $\varepsilon > 0$ найдется такое $\delta > 0$, что любое решение $\vec{x}(t)$, начинающееся в $\delta$-окрестности точки $\vec{x}_0$ ($||\vec{x}(0) - \vec{x}_0|| < \delta$), остается в ее $\varepsilon$-окрестности для всех $t > 0$ ($||\vec{x}(t) - \vec{x_0}|| < \varepsilon$). (Траектории, начавшиеся близко, остаются близко).
*   **Асимптотическая устойчивость:** Точка $\vec{x}_0$ асимптотически устойчива, если она устойчива по Ляпунову и существует такая окрестность, что любое решение, начавшееся в ней, сходится к $\vec{x}_0$ при $t \to \infty$. (Траектории не только остаются близко, но и притягиваются к точке).

### Анализ линейных систем

Поведение линейной системы $\dot{\vec{x}} = A\vec{x}$ полностью определяется собственными числами $\lambda_i$ матрицы $A$. Точка равновесия всегда одна — $\vec{x}_0 = \vec{0}$.

#### Классификация точек равновесия (для $n=2$)

Пусть $\lambda_1, \lambda_2$ — собственные числа матрицы $A$ размером $2 \times 2$.

*   **Узел:** $\lambda_1, \lambda_2$ — вещественные, одного знака.
    *   **Устойчивый узел:** $\lambda_1, \lambda_2 < 0$. Все траектории стремятся к началу координат. Точка асимптотически устойчива.
    *   **Неустойчивый узел:** $\lambda_1, \lambda_2 > 0$. Все траектории уходят из начала координат. Точка неустойчива.
*   **Седло:** $\lambda_1, \lambda_2$ — вещественные, разных знаков ($\lambda_1 \cdot \lambda_2 < 0$). Существуют две траектории (сепаратрисы), входящие в точку равновесия, и две, выходящие из нее. Остальные траектории проходят мимо. Точка всегда неустойчива.
*   **Фокус:** $\lambda_1, \lambda_2 = \alpha \pm i\beta$ — комплексно-сопряженные, $\alpha \neq 0, \beta \neq 0$. Траектории — спирали.
    *   **Устойчивый фокус:** $\alpha < 0$. Траектории закручиваются к началу координат. Точка асимптотически устойчива.
    *   **Неустойчивый фокус:** $\alpha > 0$. Траектории раскручиваются от начала координат. Точка неустойчива.
*   **Центр:** $\lambda_1, \lambda_2 = \pm i\beta$ — чисто мнимые, $\beta \neq 0$. Траектории — замкнутые кривые (эллипсы) вокруг начала координат. Точка устойчива по Ляпунову, но не асимптотически.

### Линеаризация нелинейных систем

Для анализа поведения нелинейной системы $\dot{\vec{x}} = \vec{f}(\vec{x})$ вблизи точки равновесия $\vec{x}_0$ используется линеаризация. Функция $\vec{f}(\vec{x})$ раскладывается в ряд Тейлора в окрестности $\vec{x}_0$:
$$
\dot{\vec{x}} = \vec{f}(\vec{x}_0) + J(\vec{x}_0)(\vec{x} - \vec{x}_0) + O(||\vec{x} - \vec{x}_0||^2)
$$
где $J(\vec{x}_0)$ — матрица Якоби, вычисленная в точке $\vec{x}_0$: $J_{ij} = \frac{\partial f_i}{\partial x_j}(\vec{x}_0)$.
Так как $\vec{f}(\vec{x}_0) = \vec{0}$, а $\vec{y} = \vec{x} - \vec{x}_0$ — малое отклонение, получаем линеаризованную систему:
$$
\dot{\vec{y}} = J(\vec{x}_0)\vec{y}
$$

#### Теорема Гробмана-Хартмана

**Условие:** Точка равновесия $\vec{x}_0$ называется **гиперболической**, если все собственные числа матрицы Якоби $J(\vec{x}_0)$ имеют ненулевые вещественные части ($Re(\lambda_i) \neq 0$).

**Утверждение:** Если точка равновесия гиперболическая, то фазовый портрет исходной нелинейной системы в окрестности этой точки топологически эквивалентен фазовому портрету ее линеаризации.

**Следствие:** Типы гиперболических точек равновесия (узел, седло, фокус) и их устойчивость сохраняются при переходе от линеаризованной системы к исходной нелинейной. Теорема не работает для негиперболических случаев (например, для центра).

---

### Типовые примеры

#### Пример 1: Линейная система (Седло)

Рассмотрим систему:
$$
\begin{cases}
\dot{x} = x - 2y \\
\dot{y} = 3x - 4y
\end{cases}
\quad A = \begin{pmatrix} 1 & -2 \\ 3 & -4 \end{pmatrix}
$$
Точка равновесия — $(0,0)$. Характеристическое уравнение: $\det(A - \lambda I) = (1-\lambda)(-4-\lambda) + 6 = \lambda^2 + 3\lambda + 2 = 0$.
Собственные числа: $\lambda_1 = -1$, $\lambda_2 = -2$.
Поскольку $\lambda_1, \lambda_2$ вещественные и отрицательные, точка равновесия $(0,0)$ является **устойчивым узлом**. Все траектории стремятся к началу координат.

#### Пример 2: Нелинейная система (математический маятник)

Уравнение маятника без трения: $\ddot{\theta} + \sin\theta = 0$. Заменим: $x = \theta$, $y = \dot{\theta}$.
$$
\begin{cases}
\dot{x} = y \\
\dot{y} = -\sin x
\end{cases}
$$
1.  **Точки равновесия:** $y=0$, $\sin x=0 \implies x = k\pi$ для $k \in \mathbb{Z}$. Рассмотрим две: $(0,0)$ и $(\pi, 0)$.
2.  **Матрица Якоби:** $J(x,y) = \begin{pmatrix} 0 & 1 \\ -\cos x & 0 \end{pmatrix}$.
3.  **Анализ точки $(0,0)$:**
    $J(0,0) = \begin{pmatrix} 0 & 1 \\ -1 & 0 \end{pmatrix}$. Собственные числа: $\lambda^2 + 1 = 0 \implies \lambda = \pm i$.
    Линеаризация дает **центр**. Это негиперболическая точка, теорема Гробмана-Хартмана неприменима. Однако, для консервативной системы маятника это действительно центр (устойчивые колебания).
4.  **Анализ точки $(\pi, 0)$:**
    $J(\pi,0) = \begin{pmatrix} 0 & 1 \\ 1 & 0 \end{pmatrix}$. Собственные числа: $\lambda^2 - 1 = 0 \implies \lambda = \pm 1$.
    Линеаризация дает **седло**. Точка гиперболическая, значит, в нелинейной системе это тоже седло (неустойчивое положение равновесия).

---

### Задачи для самопроверки

1.  Найдите точку равновесия и определите ее тип и устойчивость для линейной системы:
    $$
    \begin{cases}
    \dot{x} = 2x + y \\
    \dot{y} = x + 2y
    \end{cases}
    $$

2.  Найдите точку равновесия и определите ее тип и устойчивость для линейной системы:
    $$
    \begin{cases}
    \dot{x} = y \\
    \dot{y} = -5x - 2y
    \end{cases}
    $$

3.  Найдите все точки равновесия для нелинейной системы и классифицируйте их с помощью линеаризации:
    $$
    \begin{cases}
    \dot{x} = x - y \\
    \dot{y} = x^2 + y^2 - 2
    \end{cases}
    $$

4.  Проанализируйте точку равновесия $(0,0)$ для системы с затуханием (модель маятника с трением):
    $$
    \begin{cases}
    \dot{x} = y \\
    \dot{y} = -\sin x - 0.5y
    \end{cases}
    $$",True,
Дифференциальные уравнения,4,"Базовые ПДУ: тепло-, волновое и уравнение Лапласа; разделение переменных","Сделай компактный конспект по теме «Базовые ПДУ: тепло-, волновое и уравнение Лапласа; разделение переменных» (раздел «Дифференциальные уравнения»).

Что нужно:
- краткая мотивация и точные определения;
- ключевые утверждения/теоремы с условиями применимости (без подробных доказательств);
- 2–3 типовых примера с разбором;
- 3–5 задач для самопроверки (без решений);
Формат: Markdown с заголовками H2/H3, формулы в LaTeX ($...$). Стиль нейтральный, без дидактики. 500–900 слов.","Конечно, вот конспект по базовым уравнениям в частных производных (ПДУ).

### Краткая аннотация

Уравнения в частных производных (ПДУ) — это уравнения, содержащие неизвестные функции нескольких переменных и их частные производные. Они являются основным инструментом для математического моделирования физических процессов, таких как распространение тепла, колебания струн и мембран, электростатические поля и гидродинамика. Рассматриваемые здесь три уравнения — теплопроводности, волновое и Лапласа — являются каноническими примерами ПДУ параболического, гиперболического и эллиптического типов соответственно.

## Основные уравнения

### Уравнение теплопроводности (параболический тип)

Описывает процесс диффузии или распространения тепла в среде.

*   **Одномерный случай:**
    $ \frac{\partial u}{\partial t} = a^2 \frac{\partial^2 u}{\partial x^2} \quad \text{или} \quad u_t = a^2 u_{xx} $
    Здесь $u(x,t)$ — температура в точке $x$ в момент времени $t$, а $a^2$ — коэффициент температуропроводности.

*   **Многомерный случай:**
    $ u_t = a^2 \Delta u $
    где $\Delta$ — оператор Лапласа. Например, в 3D: $\Delta u = u_{xx} + u_{yy} + u_{zz}$.

### Волновое уравнение (гиперболический тип)

Моделирует колебательные процессы, например, колебания струны, мембраны или распространение звуковых и электромагнитных волн.

*   **Одномерный случай (колебания струны):**
    $ \frac{\partial^2 u}{\partial t^2} = a^2 \frac{\partial^2 u}{\partial x^2} \quad \text{или} \quad u_{tt} = a^2 u_{xx} $
    Здесь $u(x,t)$ — отклонение струны в точке $x$ в момент времени $t$, а $a^2 = T/\rho$, где $T$ — натяжение, $\rho$ — линейная плотность.

*   **Многомерный случай:**
    $ u_{tt} = a^2 \Delta u $

### Уравнение Лапласа (эллиптический тип)

Описывает стационарные (не зависящие от времени) процессы, такие как установившееся распределение температуры, электростатический потенциал в области без зарядов или потенциал стационарного потока идеальной жидкости.

*   **Двумерный и трехмерный случаи:**
    $ \Delta u = 0 $
    В 2D: $u_{xx} + u_{yy} = 0$. В 3D: $u_{xx} + u_{yy} + u_{zz} = 0$.
    Уравнение Пуассона $ \Delta u = f(x, y, \dots) $ является его обобщением.

## Метод разделения переменных (метод Фурье)

Это основной метод решения линейных однородных ПДУ с однородными граничными условиями.

**Ключевая идея:** решение $u(x, t)$ ищется в виде произведения функций, каждая из которых зависит только от одной переменной. Например, для $u(x,t)$ предполагается:
$ u(x, t) = X(x) T(t) $

**Алгоритм:**

1.  **Подстановка:** Представление $u(x,t) = X(x)T(t)$ подставляется в исходное ПДУ.
2.  **Разделение:** Алгебраическими преобразованиями уравнение приводится к виду, где в левой части стоят выражения, зависящие только от одной переменной (например, $t$), а в правой — только от другой (например, $x$).
3.  **Введение константы разделения:** Поскольку равенство функций разных переменных возможно только тогда, когда обе они равны некоторой константе, вводится константа разделения (часто обозначается как $-\lambda$).
    $ \frac{T'(t)}{a^2 T(t)} = \frac{X''(x)}{X(x)} = -\lambda $
4.  **Система ОДУ:** Исходное ПДУ распадается на систему обыкновенных дифференциальных уравнений (ОДУ).
    $ \begin{cases} X''(x) + \lambda X(x) = 0 \\ T'(t) + a^2 \lambda T(t) = 0 \end{cases} $
5.  **Задача Штурма-Лиувилля:** ОДУ для пространственной переменной ($X(x)$) решается с учетом граничных условий. Это позволяет найти собственные значения $\lambda_n$ и соответствующие им собственные функции $X_n(x)$.
6.  **Частные решения:** Для каждого найденного $\lambda_n$ решается ОДУ для временной переменной $T_n(t)$. Произведение $u_n(x,t) = X_n(x)T_n(t)$ является частным решением исходной задачи.
7.  **Принцип суперпозиции:** Общее решение строится как линейная комбинация (бесконечная сумма) частных решений:
    $ u(x,t) = \sum_{n=1}^\infty c_n u_n(x,t) $
8.  **Начальные условия:** Коэффициенты $c_n$ находятся из начальных условий, как правило, путем разложения начальной функции в ряд Фурье по системе собственных функций $X_n(x)$.

## Типовые примеры

### Пример 1: Уравнение теплопроводности для стержня

**Задача:** Найти распределение температуры $u(x,t)$ в стержне длины $L$, если его концы поддерживаются при нулевой температуре, а начальное распределение температуры задано функцией $f(x)$.

*   **Уравнение:** $u_t = a^2 u_{xx}$, $0 < x < L$, $t > 0$.
*   **Граничные условия (ГУ):** $u(0, t) = 0$, $u(L, t) = 0$.
*   **Начальное условие (НУ):** $u(x, 0) = f(x)$.

**Решение:**
1.  Предположим $u(x,t) = X(x)T(t)$. Подстановка дает $X T' = a^2 X'' T$, откуда $\frac{T'}{a^2 T} = \frac{X''}{X} = -\lambda$.
2.  Получаем два ОДУ:
    $X'' + \lambda X = 0$, с ГУ $X(0) = 0, X(L) = 0$.
    $T' + a^2 \lambda T = 0$.
3.  Решение задачи Штурма-Лиувилля для $X(x)$ дает собственные значения $\lambda_n = (\frac{n\pi}{L})^2$ и собственные функции $X_n(x) = \sin(\frac{n\pi x}{L})$, где $n=1, 2, \dots$.
4.  Для каждого $\lambda_n$ решаем уравнение для $T(t)$: $T_n(t) = C_n e^{-a^2 \lambda_n t} = C_n e^{-a^2 (n\pi/L)^2 t}$.
5.  Общее решение по принципу суперпозиции:
    $ u(x,t) = \sum_{n=1}^{\infty} B_n \sin\left(\frac{n\pi x}{L}\right) e^{-a^2 (n\pi/L)^2 t} $
6.  Используем НУ: $u(x,0) = f(x) = \sum_{n=1}^{\infty} B_n \sin\left(\frac{n\pi x}{L}\right)$.
7.  Это разложение $f(x)$ в ряд Фурье по синусам. Коэффициенты $B_n$ находятся по формуле:
    $ B_n = \frac{2}{L} \int_0^L f(x) \sin\left(\frac{n\pi x}{L}\right) dx $

### Пример 2: Колебания струны

**Задача:** Найти форму колеблющейся струны $u(x,t)$ длины $L$ с закрепленными концами, если начальная форма задана $f(x)$, а начальная скорость равна нулю.

*   **Уравнение:** $u_{tt} = a^2 u_{xx}$, $0 < x < L, t > 0$.
*   **ГУ:** $u(0, t) = 0$, $u(L, t) = 0$.
*   **НУ:** $u(x, 0) = f(x)$, $u_t(x, 0) = 0$.

**Решение (кратко):**
1.  Разделение $u(x,t) = X(x)T(t)$ приводит к ОДУ:
    $X'' + \lambda X = 0$ (с теми же ГУ, что и в примере 1).
    $T'' + a^2 \lambda T = 0$.
2.  Решение для $X(x)$ то же: $\lambda_n = (\frac{n\pi}{L})^2, X_n(x) = \sin(\frac{n\pi x}{L})$.
3.  Решение для $T(t)$: $T''(t) + a^2 (\frac{n\pi}{L})^2 T(t) = 0$. Его решение:
    $ T_n(t) = A_n \cos\left(\frac{n\pi a}{L}t\right) + B_n \sin\left(\frac{n\pi a}{L}t\right) $
4.  Общее решение:
    $ u(x,t) = \sum_{n=1}^{\infty} \sin\left(\frac{n\pi x}{L}\right) \left( A_n \cos\left(\frac{n\pi a}{L}t\right) + B_n \sin\left(\frac{n\pi a}{L}t\right) \right) $
5.  Применяем НУ:
    *   $u_t(x,0) = 0 \implies B_n = 0$ для всех $n$.
    *   $u(x,0) = f(x) = \sum_{n=1}^{\infty} A_n \sin(\frac{n\pi x}{L})$.
6.  Коэффициенты $A_n$ находятся из разложения $f(x)$ в ряд Фурье по синусам:
    $ A_n = \frac{2}{L} \int_0^L f(x) \sin\left(\frac{n\pi x}{L}\right) dx $

## Задачи для самопроверки

1.  Решить задачу для уравнения теплопроводности из примера 1, если начальная температура $u(x,0) = 100 \sin(\frac{2\pi x}{L})$.
2.  Решить задачу для волнового уравнения из примера 2, если начальная форма струны $u(x,0)=0$, а начальная скорость $u_t(x,0) = g(x)$.
3.  Найти решение уравнения теплопроводности $u_t = a^2 u_{xx}$ на отрезке $[0, L]$ с теплоизолированными концами ($u_x(0,t)=0, u_x(L,t)=0$) и начальным условием $u(x,0)=f(x)$. Какой вид будет иметь ряд Фурье?
4.  Найти стационарное распределение температуры $u(x,y)$ в прямоугольной пластине $0 < x < a, 0 < y < b$, если на трех сторонах поддерживается нулевая температура ($u(0,y)=u(a,y)=u(x,0)=0$), а на четвертой — $u(x,b) = f(x)$.",True,
Численные методы,3,"Численная линейная алгебра: Гаусс, разложения, итеративные методы (CG)","Сделай компактный конспект по теме «Численная линейная алгебра: Гаусс, разложения, итеративные методы (CG)» (раздел «Численные методы»).

Что нужно:
- краткая мотивация и точные определения;
- ключевые утверждения/теоремы с условиями применимости (без подробных доказательств);
- 2–3 типовых примера с разбором;
- 3–5 задач для самопроверки (без решений);
Формат: Markdown с заголовками H2/H3, формулы в LaTeX ($...$). Стиль нейтральный, без дидактики. 500–900 слов.","## Численная линейная алгебра: Прямые и итерационные методы

### Мотивация

Основная задача численной линейной алгебры — решение систем линейных алгебраических уравнений (СЛАУ) вида $Ax = b$, где $A$ — матрица коэффициентов размера $n \times n$, $x$ — вектор неизвестных, $b$ — вектор правых частей. Методы решения СЛАУ делятся на два класса:

1.  **Прямые методы**: Находят точное решение (в рамках машинной арифметики) за конечное число операций. Эффективны для плотных матриц небольшого и среднего размера.
2.  **Итерационные методы**: Строят последовательность приближений $x^{(k)}$, которая сходится к решению $x$. Предпочтительны для больших разреженных матриц (где большинство элементов — нули), так как они требуют меньше памяти и могут быть быстрее.

---

## Прямые методы

### Метод Гаусса

**Определение**: Метод Гаусса — это алгоритм приведения исходной системы $Ax = b$ к эквивалентной системе с верхней треугольной матрицей $Ux = c$, которая легко решается обратным ходом.

**Алгоритм**:
1.  **Прямой ход (Элиминация)**: Расширенная матрица $[A|b]$ приводится к ступенчатому виду $[U|c]$ с помощью элементарных преобразований строк:
    *   Вычитание одной строки, умноженной на коэффициент, из другой.
    *   Перестановка строк.
2.  **Обратный ход (Обратная подстановка)**: Система $Ux=c$ решается последовательно, начиная с последнего уравнения:
    $x_n = c_n / u_{nn}$
    $x_i = \frac{1}{u_{ii}} \left( c_i - \sum_{j=i+1}^{n} u_{ij}x_j \right)$ для $i = n-1, \dots, 1$.

**Ключевое утверждение**: Метод Гаусса применим к любой невырожденной матрице $A$ ($\det(A) \neq 0$). На практике, для повышения численной устойчивости, используется **метод Гаусса с выбором главного элемента (пивотинг)**. На $k$-м шаге выбирается максимальный по модулю элемент в $k$-м столбце (среди строк от $k$ до $n$) и строка с этим элементом меняется местами с $k$-й строкой. Это позволяет избежать деления на малые или нулевые числа.

**Сложность**: $",True,
Дифференциальные уравнения,5,"Задачи Штурма–Лиувилля, собственные функции и ряды Фурье","Сделай компактный конспект по теме «Задачи Штурма–Лиувилля, собственные функции и ряды Фурье» (раздел «Дифференциальные уравнения»).

Что нужно:
- краткая мотивация и точные определения;
- ключевые утверждения/теоремы с условиями применимости (без подробных доказательств);
- 2–3 типовых примера с разбором;
- 3–5 задач для самопроверки (без решений);
Формат: Markdown с заголовками H2/H3, формулы в LaTeX ($...$). Стиль нейтральный, без дидактики. 500–900 слов.","Конечно, вот конспект по теме «Задачи Штурма–Лиувилля, собственные функции и ряды Фурье» в запрашиваемом формате.

---

## Введение и мотивация

Задачи Штурма–Лиувилля представляют собой класс краевых задач для линейных дифференциальных уравнений второго порядка. Они возникают при решении многих уравнений математической физики (уравнение теплопроводности, волновое уравнение, уравнение Шрёдингера) методом разделения переменных.

Основная идея метода состоит в том, чтобы найти специальный набор решений (собственных функций), обладающих свойством ортогональности. Этот набор функций образует базис, по которому можно разложить другие, более сложные функции, в виде ряда (обобщенного ряда Фурье).

## Задача Штурма–Лиувилля

### Определение

**Задачей Штурма–Лиувилля** на отрезке $[a, b]$ называется нахождение тех значений параметра $\lambda$ (называемых **собственными значениями**), при которых существуют нетривиальные (не равные тождественно нулю) решения $y(x)$ (называемые **собственными функциями**) следующей краевой задачи:

1.  **Дифференциальное уравнение Штурма–Лиувилля:**
    $$
    (p(x) y'(x))' + q(x) y(x) + \lambda r(x) y(x) = 0
    $$
2.  **Граничные условия (разделенные):**
    $$
    \begin{cases}
    \alpha_1 y(a) + \alpha_2 y'(a) = 0 \\
    \beta_1 y(b) + \beta_2 y'(b) = 0
    \end{cases}
    $$

**Условия на коэффициенты:**
*   $p(x), q(x), r(x)$ — вещественные непрерывные функции на $[a, b]$.
*   $p(x) > 0$ и имеет непрерывную производную на $[a, b]$.
*   $r(x) > 0$ на $[a, b]$ (весовая функция).
*   $\alpha_1, \alpha_2, \beta_1, \beta_2$ — вещественные константы, причем в каждом условии хотя бы одна из них не равна нулю $(\alpha_1^2 + \alpha_2^2 \neq 0, \beta_1^2 + \beta_2^2 \neq 0)$.

### Ключевые свойства

Для регулярной задачи Штурма–Лиувилля (при выполнении указанных выше условий) справедливы следующие утверждения:

1.  **Вещественность собственных значений:** Все собственные значения $\lambda_n$ являются вещественными числами.
2.  **Ортогональность собственных функций:** Собственные функции $y_n(x)$ и $y_m(x)$, соответствующие различным собственным значениям $\lambda_n \neq \lambda_m$, ортогональны друг другу с весом $r(x)$ на отрезке $[a, b]$:
    $$
    \int_a^b y_n(x) y_m(x) r(x) \,dx = 0 \quad \text{при } n \neq m
    $$
3.  **Дискретность спектра:** Существует бесконечное счетное множество собственных значений $\lambda_1 < \lambda_2 < \dots < \lambda_n < \dots$, и $\lim_{n \to \infty} \lambda_n = +\infty$.
4.  **Простота спектра:** Каждому собственному значению $\lambda_n$ соответствует ровно одна (с точностью до постоянного множителя) собственная функция $y_n(x)$.
5.  **Полнота системы:** Система собственных функций $\{y_n(x)\}_{n=1}^\infty$ является полной в пространстве кусочно-непрерывных функций на $[a,b]$. Это означает, что любую «достаточно хорошую» функцию $f(x)$ можно представить в виде сходящегося (в среднем квадратичном) ряда.

## Ряды Фурье по собственным функциям

Если система собственных функций $\{y_n(x)\}$ задачи Штурма–Лиувилля полна, то произвольную функцию $f(x)$ можно разложить в **обобщенный ряд Фурье**:
$$
f(x) \sim \sum_{n=1}^{\infty} c_n y_n(x)
$$
Коэффициенты $c_n$ вычисляются с использованием свойства ортогональности:
$$
c_n = \frac{\int_a^b f(x) y_n(x) r(x) \,dx}{\int_a^b y_n^2(x) r(x) \,dx}
$$
Знаменатель в этой формуле — квадрат нормы собственной функции: $\|y_n\|^2$.

**Классический ряд Фурье** является частным случаем. Он возникает из задачи Штурма–Лиувилля для уравнения $y'' + \lambda y = 0$ на отрезке $[-\pi, \pi]$ с периодическими граничными условиями $y(-\pi)=y(\pi), y'(-\pi)=y'(\pi)$. Собственными функциями здесь являются $\{1, \cos(nx), \sin(nx)\}$.

## Примеры

### Пример 1: Нахождение собственных значений и функций

Рассмотрим задачу для уравнения $y'' + \lambda y = 0$ на отрезке $[0, L]$ с граничными условиями Дирихле: $y(0) = 0, y(L) = 0$.
Здесь $p(x)=1, q(x)=0, r(x)=1$.

1.  **Случай $\lambda < 0$:** Пусть $\lambda = -k^2$ ($k>0$). Общее решение: $y(x) = C_1 e^{kx} + C_2 e^{-kx}$. Из $y(0)=0$ следует $C_1+C_2=0$. Из $y(L)=0$ следует $C_1 e^{kL} + C_2 e^{-kL}=0$. Система имеет только тривиальное решение $C_1=C_2=0$. Собственных значений нет.

2.  **Случай $\lambda = 0$:** Общее решение: $y(x) = C_1 x + C_2$. Из $y(0)=0$ следует $C_2=0$. Из $y(L)=0$ следует $C_1 L=0 \implies C_1=0$. Только тривиальное решение.

3.  **Случай $\lambda > 0$:** Пусть $\lambda = k^2$ ($k>0$). Общее решение: $y(x) = C_1 \cos(kx) + C_2 \sin(kx)$.
    *   $y(0)=0 \implies C_1 \cos(0) + C_2 \sin(0) = C_1 = 0$.
    *   Решение принимает вид $y(x) = C_2 \sin(kx)$.
    *   $y(L)=0 \implies C_2 \sin(kL) = 0$. Для нетривиального решения ($C_2 \neq 0$) необходимо $\sin(kL)=0$.
    *   Это возможно, если $kL = n\pi$ для $n=1, 2, 3, \dots$.
    *   Следовательно, $k_n = \frac{n\pi}{L}$.

**Результат:**
*   **Собственные значения:** $\lambda_n = k_n^2 = \left(\frac{n\pi}{L}\right)^2$, где $n=1, 2, \dots$
*   **Собственные функции:** $y_n(x) = \sin\left(\frac{n\pi x}{L}\right)$.

### Пример 2: Разложение функции в ряд

Разложить функцию $f(x) = x$ на интервале $[0, L]$ в ряд по собственным функциям из Примера 1.
Система функций: $\{\sin(\frac{n\pi x}{L})\}_{n=1}^\infty$. Вес $r(x)=1$.

Ряд имеет вид: $f(x) = \sum_{n=1}^\infty c_n \sin(\frac{n\pi x}{L})$.
Коэффициенты $c_n$:
$$
c_n = \frac{\int_0^L x \sin(\frac{n\pi x}{L}) dx}{\int_0^L \sin^2(\frac{n\pi x}{L}) dx}
$$
Вычислим интегралы:
*   Знаменатель: $\int_0^L \sin^2(\frac{n\pi x}{L}) dx = \frac{L}{2}$.
*   Числитель (интегрирование по частям):
    $$
    \int_0^L x \sin\left(\frac{n\pi x}{L}\right) dx = \left[-\frac{Lx}{n\pi}\cos\left(\frac{n\pi x}{L}\right)\right]_0^L + \int_0^L \frac{L}{n\pi}\cos\left(\frac{n\pi x}{L}\right) dx = -\frac{L^2}{n\pi}\cos(n\pi) + 0 = -\frac{L^2}{n\pi}(-1)^n = \frac{L^2}{n\pi}(-1)^{n+1}.
    $$
*   Коэффициент: $c_n = \frac{\frac{L^2}{n\pi}(-1)^{n+1}}{L/2} = \frac{2L}{n\pi}(-1)^{n+1}$.

**Результат разложения:**
$$
x = \frac{2L}{\pi} \sum_{n=1}^\infty \frac{(-1)^{n+1}}{n} \sin\left(\frac{n\pi x}{L}\right)
$$

## Задачи для самопроверки

1.  Найти собственные значения и собственные функции для задачи Штурма–Лиувилля $y'' + \lambda y = 0$ на отрезке $[0, L]$ с граничными условиями Неймана: $y'(0) = 0, y'(L) = 0$.
2.  Найти собственные значения и собственные функции для задачи $y'' + \lambda y = 0$ на отрезке $[0, 1]$ со смешанными граничными условиями: $y(0) = 0, y'(1) = 0$.
3.  Разложить функцию $f(x) = 1$ в ряд по собственным функциям задачи $y'' + \lambda y = 0$, $y(0)=0, y'(\pi)=0$.
4.  Для уравнения $(x^2 y')' + \lambda y = 0$ на отрезке $[1, e]$ определите функции $p(x), q(x), r(x)$ и запишите условие ортогональности для его собственных функций.
5.  Показать, что $\lambda=0$ является собственным значением для задачи $y'' + \lambda y = 0$ с граничными условиями $y(0)=y(1), y'(0)=y'(1)$, и найти соответствующую собственную функцию.",True,
Численные методы,1,Ошибки вычислений и машинная арифметика,"Сделай компактный конспект по теме «Ошибки вычислений и машинная арифметика» (раздел «Численные методы»).

Что нужно:
- краткая мотивация и точные определения;
- ключевые утверждения/теоремы с условиями применимости (без подробных доказательств);
- 2–3 типовых примера с разбором;
- 3–5 задач для самопроверки (без решений);
Формат: Markdown с заголовками H2/H3, формулы в LaTeX ($...$). Стиль нейтральный, без дидактики. 500–900 слов.","## Ошибки вычислений и машинная арифметика

### Введение

Численные методы оперируют с приближенными данными и выполняют вычисления с ограниченной точностью. Это неизбежно порождает расхождения между точным математическим решением и результатом, полученным на компьютере. Такие расхождения называются погрешностями или ошибками вычислений. Анализ и контроль погрешностей является центральной задачей численных методов, так как их накопление может привести к полностью недостоверному результату.

### Основные определения

Пусть $x$ — точное значение некоторой величины, а $x^*$ — её приближенное значение.

#### Абсолютная и относительная погрешность

**Абсолютная погрешность** — это модуль разности между точным и приближенным значениями:
$$ \Delta(x^*) = |x - x^*| $$
Абсолютная погрешность имеет ту же размерность, что и измеряемая величина.

**Относительная погрешность** — это отношение абсолютной погрешности к модулю точного значения (при $x \neq 0$):
$$ \delta(x^*) = \frac{\Delta(x^*)}{|x|} = \frac{|x - x^*|}{|x|} $$
Относительная погрешность является безразмерной величиной и часто лучше характеризует качество приближения, так как не зависит от масштаба величины. На практике, когда точное значение $x$ неизвестно, его заменяют на приближенное $x^*$: $\delta(x^*) \approx \frac{\Delta(x^*)}{|x^*|}$.

#### Значащие и верные цифры

**Значащими цифрами** числа называют все его цифры, начиная с первой ненулевой слева.

**Верная значащая цифра** (в строгом смысле). Цифра в $k$-м разряде числа $x^*$ называется верной, если абсолютная погрешность не превышает половины единицы этого разряда.
Например, в приближении $\pi \approx 3.14$ абсолютная погрешность $|\pi - 3.14| \approx 0.00159$. Цена последнего разряда (сотых) равна $0.01$. Так как $0.00159 \le 0.5 \cdot 0.01 = 0.005$, то цифра `4` является верной.

### Источники погрешностей

1.  **Неустранимая погрешность (погрешность входных данных)**. Возникает из-за неточности исходных данных, полученных, например, в ходе измерений. Эта погрешность не может быть уменьшена путем усовершенствования алгоритма.
2.  **Погрешность метода (погрешность усечения)**. Появляется при замене точной математической модели на приближенную. Например, замена бесконечного ряда его конечной суммой или замена производной конечной разностью.
3.  **Погрешность вычислений (погрешность округления)**. Обусловлена ограниченной разрядностью машинной арифметики. Компьютер не может хранить числа с бесконечным количеством знаков, поэтому они округляются.

### Машинная арифметика и представление чисел

#### Числа с плавающей точкой

В современных компьютерах вещественные числа представляются в формате с плавающей точкой (floating-point):
$$ x = \pm m \cdot q^p $$
где:
- $m$ — **мантисса**, нормализованное число ($1/q \le m < 1$ или $1 \le m < q$).
- $p$ — **порядок** (целое число).
- $q$ — **основание** системы счисления (обычно $q=2$).

Количество бит для хранения мантиссы и порядка ограничено, что и является источником погрешности округления.

#### Машинный эпсилон

**Машинный эпсилон** ($\varepsilon_{mach}$) — это ключевая характеристика точности машинной арифметики. Определяется как наименьшее положительное число, такое что результат операции $1.0 + \varepsilon_{mach}$ в машинной арифметике строго больше $1.0$.

Для любого числа $x$ его машинное представление $fl(x)$ связано с ним через относительную погрешность, которая не превышает машинный эпсилон:
$$ \frac{|x - fl(x)|}{|x|} \le \varepsilon_{mach} $$

### Распространение погрешностей

Погрешности аргументов влияют на погрешность результата функции. Пусть даны приближенные значения $x_1^*$ и $x_2^*$ с относительными погрешностями $\delta_1$ и $\delta_2$.

- **Сложение и вычитание**: Абсолютные погрешности складываются: $\Delta_{x_1 \pm x_2} \approx \Delta_{x_1} + \Delta_{x_2}$.
- **Умножение и деление**: Относительные погрешности складываются: $\delta_{x_1 \cdot x_2} \approx \delta_1 + \delta_2$ и $\delta_{x_1 / x_2} \approx \delta_1 + \delta_2$.

**Ключевое утверждение:** При вычитании близких по значению чисел относительная погрешность результата может резко возрасти. Если $x_1 \approx x_2$, то в формуле
$$ \delta_{x_1 - x_2} \approx \frac{|x_1|\delta_1 + |x_2|\delta_2}{|x_1 - x_2|} $$
знаменатель становится малым, что приводит к «катастрофической потере точности» (loss of significance).

### Типовые примеры

#### Пример 1: Потеря значащих цифр

**Задача**: Вычислить значение $f(x) = \sqrt{x+1} - \sqrt{x}$ для $x = 10^{14}$.

**Прямое вычисление**:
Пусть арифметика имеет 16 значащих десятичных цифр.
$\sqrt{10^{14}+1} \approx 10000000.000000005$
$\sqrt{10^{14}} = 10000000.0$
Результат вычитания: $f(10^{14}) \approx 0.000000005 = 5 \cdot 10^{-9}$.

**Аналитическое преобразование**:
Умножим и разделим на сопряженное выражение:
$$ f(x) = \frac{(\sqrt{x+1} - \sqrt{x})(\sqrt{x+1} + \sqrt{x})}{\sqrt{x+1} + \sqrt{x}} = \frac{1}{\sqrt{x+1} + \sqrt{x}} $$
**Вычисление по новой формуле**:
$f(10^{14}) = \frac{1}{\sqrt{10^{14}+1} + \sqrt{10^{14}}} \approx \frac{1}{10^7 + 10^7} = \frac{1}{2 \cdot 10^7} = 0.5 \cdot 10^{-7}$.

**Вывод**: Прямое вычисление дает результат, на два порядка отличающийся от истинного, из-за вычитания двух очень близких чисел. Преобразованная формула не содержит этой операции и дает стабильный результат.

#### Пример 2: Вычисление суммы знакопеременного ряда

**Задача**: Вычислить $e^x$ при $x = -20$ с помощью ряда Тейлора: $e^x = \sum_{k=0}^{\infty} \frac{x^k}{k!}$.

**Проблема**: При $x = -20$ члены ряда будут большими по модулю и знакопеременными. Например:
$\frac{(-20)^{10}}{10!} \approx 2.8 \cdot 10^7$
$\frac{(-20)^{11}}{11!} \approx -5.1 \cdot 10^7$
При суммировании таких больших чисел с разными знаками для получения малого итогового результата ($e^{-20} \approx 2 \cdot 10^{-9}$) произойдет потеря значащих цифр.

**Решение**: Использовать свойство экспоненты. Для $x < 0$ вычислить $e^{|x|}$ и затем взять обратную величину:
$$ e^x = \frac{1}{e^{-x}} = \frac{1}{e^{|x|}} $$
При вычислении $e^{|x|}$ все члены ряда положительны, и катастрофической потери точности не происходит.

### Задачи для самопроверки

1.  Длина предмета $L = 12.5$ см измерена с абсолютной погрешностью $\Delta = 0.02$ см. Определить относительную погрешность измерения. Сколько верных значащих цифр (в строгом смысле) содержит результат измерения?

2.  Рассмотреть вычисление корней квадратного уравнения $x^2 + 1000x + 1 = 0$ по стандартной формуле $x_{1,2} = \frac{-b \pm \sqrt{b^2 - 4ac}}{2a}$. Указать, для какого из корней возникнет проблема потери точности. Предложить способ вычисления этого корня, лишенный данного недостатка (подсказка: использовать теорему Виета).

3.  Значения $a = 2.5 \pm 0.01$ и $b = 1.6 \pm 0.01$ известны со своими абсолютными погрешностями. Оценить максимальную относительную погрешность при вычислении величины $F = (a-b)/a$.",True,
Численные методы,2,"Нелинейные уравнения: дихотомия, Ньютона, секущих","Сделай компактный конспект по теме «Нелинейные уравнения: дихотомия, Ньютона, секущих» (раздел «Численные методы»).

Что нужно:
- краткая мотивация и точные определения;
- ключевые утверждения/теоремы с условиями применимости (без подробных доказательств);
- 2–3 типовых примера с разбором;
- 3–5 задач для самопроверки (без решений);
Формат: Markdown с заголовками H2/H3, формулы в LaTeX ($...$). Стиль нейтральный, без дидактики. 500–900 слов.","## Численные методы решения нелинейных уравнений

### Введение

Задачей является нахождение корня (или корней) нелинейного уравнения вида $f(x) = 0$. Аналитическое решение таких уравнений возможно лишь в редких случаях, поэтому для нахождения корней с заданной точностью применяются численные методы.

Процесс решения обычно состоит из двух этапов:
1.  **Локализация корня**: Определение достаточно малого отрезка $[a, b]$, на котором содержится ровно один корень.
2.  **Уточнение корня**: Итерационное приближение к значению корня с требуемой точностью $\epsilon$.

### Метод дихотомии (деления отрезка пополам)

#### Определение и алгоритм

Метод основан на теореме о промежуточных значениях для непрерывных функций.

**Условия применимости**:
*   Функция $f(x)$ непрерывна на отрезке $[a, b]$.
*   На концах отрезка функция принимает значения разных знаков, то есть $f(a) \cdot f(b) < 0$.

**Алгоритм**:
1.  Задать начальный отрезок $[a_0, b_0]$ и требуемую точность $\epsilon$.
2.  Для итерации $k=0, 1, 2, ...$:
    a. Вычислить середину отрезка: $c_k = \frac{a_k + b_k}{2}$.
    b. Вычислить значение функции в середине: $f(c_k)$.
    c. Если $f(c_k) = 0$ или $|b_k - a_k| < \epsilon$, то $c_k$ — искомый корень. Процесс завершен.
    d. Если $f(a_k) \cdot f(c_k) < 0$, то корень находится на отрезке $[a_k, c_k]$. Положить $a_{k+1} = a_k$, $b_{k+1} = c_k$.
    e. Иначе корень находится на отрезке $[c_k, b_k]$. Положить $a_{k+1} = c_k$, $b_{k+1} = b_k$.
3.  Перейти к следующей итерации.

#### Сходимость и оценка погрешности

*   **Сходимость**: Метод дихотомии гарантированно сходится к корню, если выполнены начальные условия.
*   **Скорость сходимости**: Линейная. Длина отрезка на каждой итерации уменьшается вдвое.
*   **Оценка погрешности**: После $n$ итераций погрешность не превышает $|x^* - c_n| \le \frac{b_0 - a_0}{2^{n+1}}$, где $x^*$ — точное значение корня.
*   **Необходимое число итераций** для достижения точности $\epsilon$: $n \ge \log_2\left(\frac{b_0 - a_0}{\epsilon}\right)$.

### Метод Ньютона (метод касательных)

#### Определение и алгоритм

Идея метода заключается в замене функции $f(x)$ на ее касательную в точке текущего приближения и нахождении точки пересечения этой касательной с осью абсцисс.

**Итерационная формула**:
$x_{n+1} = x_n - \frac{f(x_n)}{f'(x_n)}$

**Алгоритм**:
1.  Задать начальное приближение $x_0$ и требуемую точность $\epsilon$.
2.  Для итерации $n=0, 1, 2, ...$:
    a. Вычислить следующее приближение $x_{n+1}$ по формуле.
    b. Если $|x_{n+1} - x_n| < \epsilon$ или $|f(x_{n+1})| < \epsilon$, процесс завершен. $x_{n+1}$ — искомый корень.
3.  Перейти к следующей итерации.

#### Условия сходимости

Метод Ньютона не всегда сходится.

**Достаточные условия сходимости (Теорема о сходимости метода Ньютона)**:
Пусть на отрезке $[a, b]$, содержащем корень $x^*$, выполнены следующие условия:
1.  $f(x)$ является дважды непрерывно дифференцируемой на $[a, b]$.
2.  Первая и вторая производные, $f'(x)$ и $f''(x)$, сохраняют знак на $[a, b]$ (то есть $f'(x) \neq 0$ и $f''(x) \neq 0$).
3.  Начальное приближение $x_0 \in [a, b]$ выбрано так, что $f(x_0) \cdot f''(x_0) > 0$.

При выполнении этих условий последовательность $\{x_n\}$ монотонно сходится к корню $x^*$.

*   **Скорость сходимости**: Квадратичная, что означает очень быстрое уточнение корня вблизи решения ($|\epsilon_{n+1}| \sim C \cdot |\epsilon_n|^2$).

### Метод секущих

#### Определение и алгоритм

Модификация метода Ньютона, в которой производная $f'(x_n)$ заменяется ее конечно-разностной аппроксимацией по двум последним точкам:
$f'(x_n) \approx \frac{f(x_n) - f(x_{n-1})}{x_n - x_{n-1}}$

**Итерационная формула**:
$x_{n+1} = x_n - f(x_n) \frac{x_n - x_{n-1}}{f(x_n) - f(x_{n-1})}$

**Алгоритм**:
1.  Задать два начальных приближения $x_0, x_1$ и требуемую точность $\epsilon$.
2.  Для итерации $n=1, 2, 3, ...$:
    a. Вычислить $x_{n+1}$ по формуле.
    b. Если $|x_{n+1} - x_n| < \epsilon$, процесс завершен.
3.  Перейти к следующей итерации.

#### Сходимость

*   **Сходимость**: Не гарантирована. Зависит от выбора начальных приближений $x_0, x_1$.
*   **Скорость сходимости**: Сверхлинейная. Порядок сходимости равен золотому сечению $\phi \approx 1.618$. Метод сходится быстрее дихотомии, но медленнее метода Ньютона.

---

### Примеры решения

Рассмотрим уравнение $f(x) = x^3 + 2x - 4 = 0$.
**Локализация**: $f(1) = 1+2-4 = -1$, $f(2) = 8+4-4 = 8$. Корень находится на отрезке $[1, 2]$.

#### Пример 1: Метод дихотомии (2 итерации)
*   **Шаг 1**: $[a_0, b_0] = [1, 2]$.
    $c_0 = (1+2)/2 = 1.5$.
    $f(1.5) = 1.5^3 + 2 \cdot 1.5 - 4 = 3.375 + 3 - 4 = 2.375$.
    Так как $f(1) < 0$ и $f(1.5) > 0$, новый отрезок $[a_1, b_1] = [1, 1.5]$.

*   **Шаг 2**: $[a_1, b_1] = [1, 1.5]$.
    $c_1 = (1+1.5)/2 = 1.25$.
    $f(1.25) = 1.25^3 + 2 \cdot 1.25 - 4 \approx 1.953 + 2.5 - 4 = 0.453$.
    Так как $f(1) < 0$ и $f(1.25) > 0$, новый отрезок $[a_2, b_2] = [1, 1.25]$.

#### Пример 2: Метод Ньютона (1 итерация)
$f(x) = x^3 + 2x - 4$, $f'(x) = 3x^2 + 2$.
На отрезке $[1, 2]$ $f'(x) > 0$ и $f''(x) = 6x > 0$.
Выберем $x_0 = 2$, так как $f(2) \cdot f''(2) = 8 \cdot 12 > 0$.

*   **Шаг 1**: $x_0 = 2$.
    $x_1 = x_0 - \frac{f(x_0)}{f'(x_0)} = 2 - \frac{2^3 + 2 \cdot 2 - 4}{3 \cdot 2^2 + 2} = 2 - \frac{8}{14} \approx 2 - 0.5714 = 1.4286$.
    (Точное значение корня $x^* \approx 1.34$). Метод быстро приближается к решению.

#### Пример 3: Метод секущих (1 итерация)
Выберем $x_0 = 1$ и $x_1 = 2$. $f(1)=-1, f(2)=8$.

*   **Шаг 1**:
    $x_2 = x_1 - f(x_1) \frac{x_1 - x_0}{f(x_1) - f(x_0)} = 2 - 8 \cdot \frac{2 - 1}{8 - (-1)} = 2 - \frac{8}{9} \approx 1.1111$.
    Следующая итерация будет использовать точки $x_1=2$ и $x_2=1.1111$.

---

### Задачи для самопроверки

1.  Найти корень уравнения $x^3 - x - 1 = 0$ на отрезке $[1, 2]$ с точностью $\epsilon = 0.01$ методом дихотомии.
2.  Найти положительный корень уравнения $e^x - 3x = 0$. Предварительно локализовать корень и выполнить 2 итерации методом Ньютона.
3.  Для уравнения $\sin(x) - 0.5x = 0$ найти ненулевой корень. Выполнить 2 итерации методом секущих, выбрав начальные приближения $x_0 = 1.5$ и $x_1 = 2$.
4.  Оценить, сколько итераций потребуется для нахождения корня уравнения $x \ln(x) - 1 = 0$ на отрезке $[1, 2]$ с точностью $\epsilon=10^{-3}$ методом дихотомии.
5.  Показать, что для уравнения $x^3 - 5x = 0$ выбор начального приближения $x_0=1$ для метода Ньютона приводит к расходящейся или циkлической последовательности.",True,
Численные методы,4,"Численное интегрирование и дифференцирование (Ньютона–Котеса, Гаусса)","Сделай компактный конспект по теме «Численное интегрирование и дифференцирование (Ньютона–Котеса, Гаусса)» (раздел «Численные методы»).

Что нужно:
- краткая мотивация и точные определения;
- ключевые утверждения/теоремы с условиями применимости (без подробных доказательств);
- 2–3 типовых примера с разбором;
- 3–5 задач для самопроверки (без решений);
Формат: Markdown с заголовками H2/H3, формулы в LaTeX ($...$). Стиль нейтральный, без дидактики. 500–900 слов.","## Численное интегрирование и дифференцирование

### Постановка задачи

Численные методы дифференцирования и интегрирования применяются, когда:
1.  Первообразная или производная функции не выражается в элементарных функциях (например, $f(x) = e^{-x^2}$).
2.  Функция задана таблично (например, по результатам эксперимента).

Основная идея методов заключается в замене исходной сложной функции $f(x)$ на более простую (аппроксимирующую) функцию $\varphi(x)$, как правило, полином, которую легко продифференцировать или проинтегрировать.

---

## Численное дифференцирование

Задача состоит в нахождении приближенного значения производной $f'(x_0)$ в некоторой точке $x_0$, зная значения функции в этой точке и ее окрестности.

### Основные формулы

Формулы основаны на разложении функции в ряд Тейлора. Шаг $h$ считается малым.

1.  **Формула правой (прямой) разности:**
    *   Формула: $f'(x) \approx \frac{f(x+h) - f(x)}{h}$
    *   Погрешность: $O(h)$ (первый порядок точности).

2.  **Формула левой (обратной) разности:**
    *   Формула: $f'(x) \approx \frac{f(x) - f(x-h)}{h}$
    *   Погрешность: $O(h)$ (первый порядок точности).

3.  **Формула центральной разности:**
    *   Формула: $f'(x) \approx \frac{f(x+h) - f(x-h)}{2h}$
    *   Погрешность: $O(h^2)$ (второй порядок точности). Является наиболее точной из трех.

Для второй производной часто используется формула:
$f''(x) \approx \frac{f(x+h) - 2f(x) + f(x-h)}{h^2}$, имеющая погрешность $O(h^2)$.

---

## Численное интегрирование: Формулы Ньютона–Котеса

Идея состоит в замене подынтегральной функции $f(x)$ на отрезке $[a, b]$ интерполяционным многочленом $P_n(x)$ с **равноотстоящими узлами** $x_i$ и вычислении интеграла от этого многочлена.

$I = \int_a^b f(x)dx \approx \int_a^b P_n(x)dx$

### Ключевые формулы

Для практических вычислений используются **составные (композитные) квадратурные формулы**, где отрезок $[a,b]$ разбивается на $N$ равных частей длиной $h = (b-a)/N$.

1.  **Составная формула трапеций** (аппроксимация многочленом 1-й степени на каждом отрезке):
    *   Формула:
        $\int_a^b f(x)dx \approx h \left(\frac{f(x_0) + f(x_N)}{2} + \sum_{i=1}^{N-1} f(x_i)\right)$
    *   Узлы: $x_i = a + ih$.
    *   Глобальная погрешность: $O(h^2)$.

2.  **Составная формула Симпсона (парабол)** (аппроксимация многочленом 2-й степени на каждом двойном отрезке):
    *   **Условие:** Число отрезков $N$ должно быть **четным**.
    *   Формула:
        $\int_a^b f(x)dx \approx \frac{h}{3} \left(f(x_0) + f(x_N) + 4\sum_{i=1, i - нечет}^{N-1} f(x_i) + 2\sum_{i=2, i - чет}^{N-2} f(x_i)\right)$
    *   Узлы: $x_i = a + ih$.
    *   Глобальная погрешность: $O(h^4)$. Значительно точнее метода трапеций при том же числе узлов.

---

## Численное интегрирование: Квадратурные формулы Гаусса

В отличие от методов Ньютона–Котеса, узлы интегрирования $x_i$ **не являются равноотстоящими**. Они выбираются оптимально для достижения максимальной алгебраической точности (формула будет точна для многочленов как можно более высокой степени).

### Формула Гаусса–Лежандра

Применяется для интегралов вида $\int_{-1}^{1} g(t)dt$.

*   Формула: $\int_{-1}^{1} g(t)dt \approx \sum_{i=1}^{n} w_i g(t_i)$
    *   $t_i$ — узлы (корни многочлена Лежандра степени $n$).
    *   $w_i$ — веса.
    *   $n$ — число узлов.
*   Алгебраическая точность: $2n-1$.

Для вычисления интеграла $\int_a^b f(x)dx$ выполняется замена переменной для перехода к отрезку $[-1, 1]$:
$x = \frac{b-a}{2}t + \frac{b+a}{2} \implies dx = \frac{b-a}{2}dt$

$\int_a^b f(x)dx = \frac{b-a}{2} \int_{-1}^{1} f\left(\frac{b-a}{2}t + \frac{b+a}{2}\right)dt$

**Узлы и веса для $n=2, 3$:**

| n | Узлы $t_i$          | Веса $w_i$ |
|---|-----------------------|------------|
| 2 | $\pm 1/\sqrt{3}$      | 1          |
| 3 | 0                     | 8/9        |
|   | $\pm\sqrt{3/5}$       | 5/9        |

Формула Гаусса с $n$ узлами дает значительно большую точность, чем формула Ньютона–Котеса с $2n-1$ узлами.

---

### Примеры с разбором

#### Пример 1: Численное дифференцирование

Найти производную функции $f(x) = \sin(x)$ в точке $x_0 = \pi/4 \approx 0.785398$ с шагом $h=0.1$.
Точное значение: $f'(x_0) = \cos(\pi/4) = \sqrt{2}/2 \approx 0.707107$.

*   **Правая разность:**
    $f'(\pi/4) \approx \frac{\sin(\pi/4+0.1) - \sin(\pi/4)}{0.1} \approx \frac{0.77658 - 0.70711}{0.1} = 0.6947$
*   **Центральная разность:**
    $f'(\pi/4) \approx \frac{\sin(\pi/4+0.1) - \sin(\pi/4-0.1)}{2 \cdot 0.1} \approx \frac{0.77658 - 0.63297}{0.2} = 0.71805$

Центральная разность дает результат, значительно более близкий к точному.

#### Пример 2: Интегрирование (Ньютона–Котеса и Гаусса)

Вычислить интеграл $I = \int_0^1 e^x dx$. Точное значение: $I = e^1 - e^0 = e - 1 \approx 1.71828$.

**Метод Симпсона ($N=4$, $h=0.25$):**
Узлы: $x_0=0, x_1=0.25, x_2=0.5, x_3=0.75, x_4=1$.
$I \approx \frac{0.25}{3} [e^0 + e^1 + 4(e^{0.25} + e^{0.75}) + 2(e^{0.5})]$
$I \approx \frac{0.25}{3} [1 + 2.71828 + 4(1.28403 + 2.11700) + 2(1.64872)]$
$I \approx \frac{0.25}{3} [3.71828 + 4(3.40103) + 3.29744] = \frac{0.25}{3} [20.61904] \approx 1.71825$
Ошибка очень мала.

**Метод Гаусса ($n=2$):**
1.  Замена переменной: $x = \frac{1-0}{2}t + \frac{1+0}{2} = \frac{t+1}{2}$.
2.  Интеграл: $I = \frac{1}{2} \int_{-1}^{1} e^{(t+1)/2} dt$.
3.  Квадратурная формула ($t_1 = -1/\sqrt{3}, t_2=1/\sqrt{3}$, веса $w_1=w_2=1$):
    $I \approx \frac{1}{2}\left(1 \cdot e^{(-1/\sqrt{3}+1)/2} + 1 \cdot e^{(1/\sqrt{3}+1)/2}\right)$
    $I \approx \frac{1}{2}\left(e^{0.21132} + e^{0.78868}\right) \approx \frac{1}{2}(1.2353 + 2.1999) \approx 1.7176$
Всего два вычисления функции дали точность, сопоставимую с методом Симпсона с пятью вычислениями.

---

### Задачи для самопроверки

1.  Дана функция $f(x) = x^3 - \ln(x)$. Вычислить приближенное значение $f'(2)$ с шагом $h=0.05$ с помощью формулы центральной разности.
2.  Вычислить интеграл $\int_1^3 \frac{dx}{x}$ с помощью составной формулы трапеций, разбив отрезок на $N=4$ части.
3.  Вычислить интеграл $\int_1^3 \frac{dx}{x}$ с помощью составной формулы Симпсона при $N=4$. Сравнить результат с задачей 2 и точным значением $\ln(3)$.
4.  Вычислить интеграл $\int_0^{\pi/2} \cos(x) dx$ с помощью квадратурной формулы Гаусса–Лежандра с двумя узлами ($n=2$).",True,
Численные методы,5,"Численные методы для ОДУ/ПДУ: Эйлер, Рунге–Кутта, конечные разности/элементы","Сделай компактный конспект по теме «Численные методы для ОДУ/ПДУ: Эйлер, Рунге–Кутта, конечные разности/элементы» (раздел «Численные методы»).

Что нужно:
- краткая мотивация и точные определения;
- ключевые утверждения/теоремы с условиями применимости (без подробных доказательств);
- 2–3 типовых примера с разбором;
- 3–5 задач для самопроверки (без решений);
Формат: Markdown с заголовками H2/H3, формулы в LaTeX ($...$). Стиль нейтральный, без дидактики. 500–900 слов.","## Численные методы для ОДУ/ПДУ

### Численные методы для Обыкновенных Дифференциальных Уравнений (ОДУ)

#### Постановка задачи и мотивация

Рассматривается задача Коши для ОДУ первого порядка:
$$
y'(x) = f(x, y(x)), \quad y(x_0) = y_0
$$
Аналитические решения существуют лишь для узкого класса таких уравнений. Численные методы позволяют найти приближенное решение в виде набора точек $(x_i, y_i)$ на заданном интервале. Для этого интервал $[x_0, X]$ разбивается на сетку с постоянным шагом $h$: $x_i = x_0 + i \cdot h$. Значение $y_i$ является приближением $y(x_i)$.

---

#### Метод Эйлера

**Определение.** Простейший явный метод, основанный на аппроксимации производной конечной разностью первого порядка. Расчетная формула для перехода от точки $x_i$ к $x_{i+1}$:
$$
y_{i+1} = y_i + h \cdot f(x_i, y_i)
$$
Геометрически это означает движение на шаге $h$ вдоль касательной к интегральной кривой в точке $(x_i, y_i)$.

**Ключевое утверждение.** Метод Эйлера имеет **первый порядок точности**. Локальная погрешность (на одном шаге) имеет порядок $O(h^2)$, а глобальная (накопленная на всем интервале) — $O(h)$. Для получения приемлемой точности требуется очень малый шаг $h$, что делает метод неэффективным для большинства практических задач.

---

#### Методы Рунге–Кутты

**Определение.** Семейство методов повышенной точности, идея которых состоит в вычислении значения функции $f(x, y)$ в нескольких промежуточных точках внутри шага для более точной аппроксимации интеграла.

**Ключевое утверждение (Классический метод 4-го порядка, RK4).** Наиболее распространенный метод, обеспечивающий хороший баланс между точностью и вычислительной сложностью.
$$
y_{i+1} = y_i + \frac{h}{6}(k_1 + 2k_2 + 2k_3 + k_4)
$$
где коэффициенты $k_j$ вычисляются последовательно:
*   $k_1 = f(x_i, y_i)$
*   $k_2 = f(x_i + \frac{h}{2}, y_i + \frac{h}{2}k_1)$
*   $k_3 = f(x_i + \frac{h}{2}, y_i + \frac{h}{2}k_2)$
*   $k_4 = f(x_i + h, y_i + h k_3)$

Метод имеет **четвертый порядок точности**, т.е. глобальная погрешность составляет $O(h^4)$.

#### Пример (ОДУ)
Решить задачу Коши $y' = -2xy$ с начальным условием $y(0) = 1$. Требуется найти $y(0.2)$ с шагом $h=0.2$. Точное решение: $y(x) = e^{-x^2}$.

1.  **Метод Эйлера**:
    $y(0.2) \approx y_1 = y_0 + h \cdot f(x_0, y_0) = 1 + 0.2 \cdot (-2 \cdot 0 \cdot 1) = 1$.
    Погрешность: $|1 - e^{-0.04}| \approx |1 - 0.9608| = 0.0392$.

2.  **Метод Рунге–Кутты (RK4)**:
    *   $k_1 = f(0, 1) = -2 \cdot 0 \cdot 1 = 0$
    *   $k_2 = f(0.1, 1 + 0.1 \cdot 0) = -2 \cdot 0.1 \cdot 1 = -0.2$
    *   $k_3 = f(0.1, 1 + 0.1 \cdot (-0.2)) = f(0.1, 0.98) = -2 \cdot 0.1 \cdot 0.98 = -0.196$
    *   $k_4 = f(0.2, 1 + 0.2 \cdot (-0.196)) = f(0.2, 0.9608) = -2 \cdot 0.2 \cdot 0.9608 = -0.38432$
    
    $y(0.2) \approx y_1 = 1 + \frac{0.2}{6}(0 + 2(-0.2) + 2(-0.196) + (-0.38432)) = 1 - 0.03921 \approx 0.96079$.
    Погрешность: $|0.96079 - 0.960789...| < 10^{-5}$.

Сравнение показывает значительно более высокую точность RK4.

### Численные методы для Уравнений в Частных Производных (УЧП)

#### Постановка задачи

УЧП описывают функции нескольких переменных и их частных производных (например, уравнение теплопроводности, волновое уравнение, уравнение Лапласа). Решение ищется в некоторой области с заданными начальными и/или граничными условиями.

---

#### Метод Конечных Разностей (МКР)

**Определение.** Метод основан на замене частных производных их конечно-разностными аналогами на дискретной сетке, покрывающей расчетную область. Это сводит дифференциальное уравнение к системе линейных алгебраических уравнений (СЛАУ) относительно значений функции в узлах сетки.

**Ключевые утверждения (аппроксимации производных).** Для функции $u(x, y)$ на сетке с шагами $h_x, h_y$ и узлами $(x_i, y_j)$:
*   Первая производная (центральная разность, 2-й порядок точности):
    $$
    \frac{\partial u}{\partial x}\bigg|_{i,j} \approx \frac{u_{i+1,j} - u_{i-1,j}}{2h_x}
    $$
*   Вторая производная (центральная разность, 2-й порядок точности):
    $$
    \frac{\partial^2 u}{\partial x^2}\bigg|_{i,j} \approx \frac{u_{i+1,j} - 2u_{i,j} + u_{i-1,j}}{h_x^2}
    $$
**Условие применимости.** МКР наиболее прост в реализации для областей прямоугольной или состоящей из прямоугольников формы.

#### Пример (МКР)
Решение 1D уравнения теплопроводности $u_t = \alpha u_{xx}$ с помощью явной схемы. Дискретизуем время с шагом $\tau$ и пространство с шагом $h$. Обозначим $u(x_i, t_j) \equiv u_i^j$.

Заменим производные: $u_t \approx \frac{u_i^{j+1} - u_i^j}{\tau}$ (вперед), $u_{xx} \approx \frac{u_{i+1}^j - 2u_i^j + u_{i-1}^j}{h^2}$ (центральная).

Получим явную схему для расчета следующего временного слоя:
$$
u_i^{j+1} = u_i^j + \frac{\alpha \tau}{h^2}(u_{i+1}^j - 2u_i^j + u_{i-1}^j)
$$
**Ключевое утверждение (устойчивость).** Явная схема условно устойчива. Для сходимости решения необходимо выполнение условия Куранта–Фридрихса–Леви (CFL):
$$
\frac{\alpha \tau}{h^2} \le \frac{1}{2}
$$
Это накладывает жесткое ограничение на шаг по времени $\tau$.

---

#### Метод Конечных Элементов (МКЭ)

**Определение.** Более универсальный метод, в котором расчетная область разбивается на простые геометрические фигуры (треугольники, тетраэдры) — конечные элементы. Искомое решение аппроксимируется внутри каждого элемента с помощью набора базисных (чаще всего полиномиальных) функций.

**Ключевые утверждения.**
1.  **Слабая постановка:** Исходное дифференциальное уравнение преобразуется в интегральную форму (слабую постановку), что снижает требования к гладкости искомого решения.
2.  **Сборка СЛАУ:** Решение задачи сводится к решению СЛАУ вида $K \cdot U = F$, где $K$ — глобальная матрица жесткости (разреженная), $U$ — вектор неизвестных значений в узлах, $F$ — вектор нагрузок.
3.  **Гибкость:** Главное преимущество МКЭ — гибкость в работе с областями сложной геометрии и естественная обработка различных типов граничных условий.

МКЭ является стандартом в инженерных расчетах (механика сплошных сред, теплопередача, электромагнетизм).

### Задачи для самопроверки

1.  Решить задачу Коши $y' = x + y$, $y(0)=1$ на отрезке $[0, 0.4]$ с шагом $h=0.2$ методами Эйлера и Рунге–Кутты 4-го порядка. Сравнить результаты с точным решением $y(x) = 2e^x - x - 1$.
2.  Записать конечно-разностную схему для решения уравнения Пуассона $\Delta u = \frac{\partial^2 u}{\partial x^2} + \frac{\partial^2 u}{\partial y^2} = f(x, y)$ в прямоугольной области, используя аппроксимации 2-го порядка точности.
3.  Для явной схемы решения уравнения теплопроводности (см. пример) дан шаг по пространству $h=0.1$ и коэффициент $\alpha=1$. Какой максимальный шаг по времени $\tau$ можно выбрать для обеспечения устойчивости схемы?
4.  В какой ситуации метод конечных элементов будет предпочтительнее метода конечных разностей для решения стационарной задачи (например, уравнения Лапласа)?",True,
Оптимизация,1,Гладкая безусловная оптимизация: градиентные и ньютоновские методы,"Сделай компактный конспект по теме «Гладкая безусловная оптимизация: градиентные и ньютоновские методы» (раздел «Оптимизация»).

Что нужно:
- краткая мотивация и точные определения;
- ключевые утверждения/теоремы с условиями применимости (без подробных доказательств);
- 2–3 типовых примера с разбором;
- 3–5 задач для самопроверки (без решений);
Формат: Markdown с заголовками H2/H3, формулы в LaTeX ($...$). Стиль нейтральный, без дидактики. 500–900 слов.","## Гладкая безусловная оптимизация: градиентные и ньютоновские методы

### Постановка задачи и основные определения

**Задача безусловной оптимизации** состоит в поиске точки минимума $x^*$ для заданной функции $f: \mathbb{R}^n \to \mathbb{R}$:
$$ \min_{x \in \mathbb{R}^n} f(x) $$
Предполагается, что функция $f$ является **гладкой**, то есть непрерывно дифференцируемой необходимое число раз (как минимум, один или два раза).

Большинство методов решения этой задачи являются **итерационными**. Они строят последовательность точек $\{x_k\}_{k=0}^\infty$, которая сходится к точке локального минимума $x^*$. Общая формула итерации:
$$ x_{k+1} = x_k + \alpha_k p_k $$
где:
- $x_k$ — текущая точка.
- $p_k \in \mathbb{R}^n$ — направление поиска.
- $\alpha_k > 0$ — длина шага (или скорость обучения).

**Ключевые определения:**
- **Градиент** $\nabla f(x)$: вектор частных производных первого порядка. Указывает направление наискорейшего роста функции.
- **Гессиан** $H_f(x)$ (или $\nabla^2 f(x)$): матрица частных производных второго порядка. Описывает кривизну функции.
- **Направление спуска**: вектор $p$, для которого выполнено $\nabla f(x)^T p < 0$. Движение в этом направлении из точки $x$ на малый шаг уменьшает значение функции.

### Условия оптимальности

Для гладкой функции $f$ справедливы следующие утверждения.

**Необходимые условия локального минимума:**
1.  **Условие первого порядка**: Если $x^*$ — точка локального минимума, то её градиент равен нулю: $\nabla f(x^*) = 0$. Точки, удовлетворяющие этому условию, называются **стационарными**.
2.  **Условие второго порядка**: Если $x^*$ — точка локального минимума, то её гессиан является положительно полуопределённой матрицей: $H_f(x^*) \succeq 0$.

**Достаточное условие строгого локального минимума:**
Если в точке $x^*$ выполнены условия:
1.  $\nabla f(x^*) = 0$ (стационарность).
2.  $H_f(x^*) \succ 0$ (гессиан положительно определён).
то $x^*$ является точкой строгого локального минимума.

### Методы первого порядка: Градиентный спуск

**Идея**: Двигаться в направлении, противоположном градиенту, — направлении наискорейшего убывания функции.
- **Направление поиска**: $p_k = -\nabla f(x_k)$.
- **Формула итерации**: $x_{k+1} = x_k - \alpha_k \nabla f(x_k)$.

**Выбор шага $\alpha_k$**:
- **Постоянный шаг**: $\alpha_k = \alpha$ = const. Требует подбора, может расходиться при слишком большом шаге.
- **Точная минимизация**: $\alpha_k = \arg\min_{\alpha > 0} f(x_k - \alpha \nabla f(x_k))$. Вычислительно затратна, применяется редко.
- **Дробление шага (Backtracking line search)**: Начинаем с некоторого $\alpha$, затем уменьшаем его (`\alpha := \beta \alpha` для $\beta \in (0, 1)$), пока не будет выполнено **условие Армихо**:
  $f(x_k + \alpha p_k) \le f(x_k) + c \alpha \nabla f(x_k)^T p_k$ для некоторого $c \in (0, 1)$.

**Сходимость**:
- Скорость сходимости — **линейная**.
- Сильно зависит от **числа обусловленности** гессиана $\kappa(H) = \frac{\lambda_{\max}}{\lambda_{\min}}$. При большом $\kappa$ (сильно вытянутые линии уровня функции) метод сходится очень медленно, траектория имеет зигзагообразный вид.

### Методы второго порядка: Метод Ньютона

**Идея**: Аппроксимировать функцию $f(x)$ в окрестности точки $x_k$ квадратичной моделью (отрезком ряда Тейлора до второго порядка) и совершить шаг в точку минимума этой модели.
$$ f(x) \approx f(x_k) + \nabla f(x_k)^T (x - x_k) + \frac{1}{2}(x - x_k)^T H_f(x_k) (x - x_k) $$
Минимум этой модели достигается при шаге, который называется **ньютоновским шагом**.

- **Направление поиска**: $p_k = -[H_f(x_k)]^{-1} \nabla f(x_k)$.
- **Формула итерации**: $x_{k+1} = x_k - [H_f(x_k)]^{-1} \nabla f(x_k)$. Длина шага $\alpha_k$ обычно принимается равной 1.

**Сходимость**:
- Скорость сходимости в окрестности решения — **квадратичная** (очень быстрая).
- Метод требует, чтобы гессиан $H_f(x_k)$ был положительно определён. Если это не так, направление $p_k$ может не быть направлением спуска, и метод может расходиться.
- **Высокая вычислительная сложность**: на каждой итерации требуется вычислять и обращать матрицу Гессе **O($n^3$)**.
- Является **локальным**: сходимость гарантирована только из достаточно хорошего начального приближения.

### Примеры

Рассмотрим минимизацию функции $f(x_1, x_2) = x_1^2 + 5x_2^2$ из начальной точки $x_0 = (10, 2)$. Минимум находится в точке $x^* = (0, 0)$.

Градиент: $\nabla f = (2x_1, 10x_2)^T$.
Гессиан: $H_f = \begin{pmatrix} 2 & 0 \\ 0 & 10 \end{pmatrix}$.

**Пример 1: Градиентный спуск**
1.  **Итерация 1**:
    $x_0 = (10, 2)$.
    $\nabla f(x_0) = (2 \cdot 10, 10 \cdot 2)^T = (20, 20)^T$.
    Для простоты возьмём постоянный шаг $\alpha = 0.1$.
    $x_1 = x_0 - \alpha \nabla f(x_0) = (10, 2) - 0.1 \cdot (20, 20) = (10-2, 2-2) = (8, 0)$.
    *Значение функции: $f(x_0) = 120$, $f(x_1) = 64$.*

2.  **Итерация 2**:
    $x_1 = (8, 0)$.
    $\nabla f(x_1) = (16, 0)^T$.
    $x_2 = x_1 - \alpha \nabla f(x_1) = (8, 0) - 0.1 \cdot (16, 0) = (6.4, 0)$.
    *Значение функции: $f(x_2) = 40.96$.*
Процесс сходится, но не за один шаг.

**Пример 2: Метод Ньютона**
1.  **Итерация 1**:
    $x_0 = (10, 2)$.
    $\nabla f(x_0) = (20, 20)^T$.
    Гессиан $H_f$ постоянен: $H_f = \begin{pmatrix} 2 & 0 \\ 0 & 10 \end{pmatrix}$, обратный гессиан $H_f^{-1} = \begin{pmatrix} 1/2 & 0 \\ 0 & 1/10 \end{pmatrix}$.
    Ньютоновский шаг:
    $p_0 = -H_f^{-1} \nabla f(x_0) = -\begin{pmatrix} 1/2 & 0 \\ 0 & 1/10 \end{pmatrix} \begin{pmatrix} 20 \\ 20 \end{pmatrix} = -\begin{pmatrix} 10 \\ 2 \end{pmatrix}$.
    Новая точка (при $\alpha=1$):
    $x_1 = x_0 + p_0 = (10, 2) + (-10, -2) = (0, 0)$.
    Метод сошёлся к точному минимуму за один шаг. Это характерно для метода Ньютона на квадратичных функциях.

### Задачи для самопроверки

1.  Выполнить одну итерацию метода градиентного спуска для функции $f(x_1, x_2) = 2(x_1 - 3)^2 + (x_2 + 1)^2$ из точки $x_0 = (1, 1)$, используя постоянный шаг $\alpha = 0.2$.

2.  Для той же функции $f(x_1, x_2)$ и той же начальной точки $x_0$ выполнить одну итерацию метода Ньютона.

3.  Рассмотрим функцию Розенброка $f(x_1, x_2) = (1-x_1)^2 + 100(x_2-x_1^2)^2$. Вычислите градиент и гессиан в точке $x=(0,0)$. Является ли ньютоновское направление из этой точки направлением спуска?

4.  В каких практических ситуациях метод градиентного спуска может быть предпочтительнее метода Ньютона, несмотря на более медленную теоретическую сходимость?",True,
Оптимизация,3,"Выпуклость, двойственность, теоремы сильной/слабой двойственности","Сделай компактный конспект по теме «Выпуклость, двойственность, теоремы сильной/слабой двойственности» (раздел «Оптимизация»).

Что нужно:
- краткая мотивация и точные определения;
- ключевые утверждения/теоремы с условиями применимости (без подробных доказательств);
- 2–3 типовых примера с разбором;
- 3–5 задач для самопроверки (без решений);
Формат: Markdown с заголовками H2/H3, формулы в LaTeX ($...$). Стиль нейтральный, без дидактики. 500–900 слов.","## Выпуклость, двойственность и теоремы двойственности в оптимизации

### Выпуклые множества и функции

#### Мотивация
Понятия выпуклого множества и выпуклой функции являются центральными в оптимизации. Для задач выпуклой оптимизации любой локальный минимум является глобальным, а для их решения существуют эффективные численные методы.

#### Определения
**Выпуклое множество**
Множество $C \subseteq \mathbb{R}^n$ называется выпуклым, если для любых двух точек $x_1, x_2 \in C$ и любого $\theta \in [0, 1]$ выполняется условие:
$$ \theta x_1 + (1-\theta) x_2 \in C $$
Геометрически это означает, что отрезок, соединяющий любые две точки множества, полностью лежит в этом множестве.

**Выпуклая функция**
Функция $f: \mathcal{D} \to \mathbb{R}$, где $\mathcal{D}$ — выпуклое множество, называется выпуклой, если для любых $x_1, x_2 \in \mathcal{D}$ и любого $\theta \in [0, 1]$ выполняется неравенство Йенсена:
$$ f(\theta x_1 + (1-\theta) x_2) \le \theta f(x_1) + (1-\theta) f(x_2) $$
Геометрически это означает, что хорда, соединяющая две точки на графике функции, лежит не ниже самого графика.

### Задача выпуклой оптимизации

Стандартная форма задачи оптимизации:
$$
\begin{aligned}
\text{минимизировать} \quad & f_0(x) \\
\text{при ограничениях} \quad & f_i(x) \le 0, \quad i = 1, \dots, m \\
& h_j(x) = 0, \quad j = 1, \dots, p
\end{aligned}
$$
Эта задача является **выпуклой**, если:
1.  Целевая функция $f_0(x)$ выпукла.
2.  Функции-ограничения неравенств $f_i(x)$ выпуклы.
3.  Функции-ограничения равенств $h_j(x)$ являются аффинными, то есть имеют вид $h_j(x) = a_j^T x - b_j$.

### Двойственность в оптимизации

#### Мотивация
Двойственность позволяет переформулировать исходную (прямую) задачу оптимизации в другую (двойственную) задачу. Решение двойственной задачи даёт нижнюю границу для решения прямой задачи. В некоторых случаях двойственная задача проще для анализа или численного решения.

#### Лагранжиан и двойственная функция
Для стандартной задачи оптимизации определяется **функция Лагранжа** (лагранжиан) $L: \mathbb{R}^n \times \mathbb{R}^m \times \mathbb{R}^p \to \mathbb{R}$:
$$ L(x, \lambda, \nu) = f_0(x) + \sum_{i=1}^m \lambda_i f_i(x) + \sum_{j=1}^p \nu_j h_j(x) $$
Здесь $\lambda = (\lambda_1, \dots, \lambda_m)$ и $\nu = (\nu_1, \dots, \nu_p)$ — векторы двойственных переменных, или множители Лагранжа. Для $\lambda$ вводится ограничение $\lambda_i \ge 0$.

**Двойственная функция Лагранжа** $g: \mathbb{R}^m \times \mathbb{R}^p \to \mathbb{R}$ определяется как инфимум лагранжиана по $x$:
$$ g(\lambda, \nu) = \inf_{x \in \mathcal{D}} L(x, \lambda, \nu) $$
где $\mathcal{D}$ — область определения исходной задачи.
Ключевое свойство: двойственная функция $g(\lambda, \nu)$ **всегда является вогнутой**, независимо от свойств исходной задачи.

#### Двойственная задача
**Двойственная задача** заключается в максимизации двойственной функции при ограничении неотрицательности на множители $\lambda$:
$$
\begin{aligned}
\text{максимизировать} \quad & g(\lambda, \nu) \\
\text{при ограничении} \quad & \lambda \ge 0 
\end{aligned}
$$
Двойственная задача всегда является задачей выпуклой оптимизации (максимизация вогнутой функции эквивалентна минимизации выпуклой).

### Теоремы слабой и сильной двойственности

Пусть $p^*$ — оптимальное значение прямой задачи, а $d^*$ — оптимальное значение двойственной задачи.

#### Теорема слабой двойственности
Для любой задачи оптимизации (не обязательно выпуклой) выполняется неравенство:
$$ d^* \le p^* $$
Это свойство следует напрямую из определений. **Зазор двойственности** (duality gap) — это разность $p^* - d^*$.

#### Теорема сильной двойственности
Сильная двойственность означает, что зазор двойственности равен нулю:
$$ d^* = p^* $$
Для выполнения сильной двойственности, как правило, требуется, чтобы прямая задача была выпуклой и удовлетворяла дополнительным условиям регулярности.

**Условия Слейтера (Slater's condition)**: Если прямая задача является выпуклой и существует хотя бы одна точка $x$, которая является **строго допустимой** (strictly feasible), то есть:
$$ f_i(x) < 0 \quad \text{для всех } i=1, \dots, m, \quad \text{и } \quad h_j(x) = 0 \quad \text{для всех } j=1, \dots, p $$
то имеет место сильная двойственность.
*Модификация:* если некоторые функции $f_i(x)$ являются аффинными, для них достаточно выполнения нестрогого неравенства $f_i(x) \le 0$.

### Примеры

#### Пример 1: Линейное программирование (ЛП)
Прямая задача:
$$ 
\begin{aligned}
\text{минимизировать} \quad & c^T x \\
\text{при ограничении} \quad & Ax \le b 
\end{aligned}
$$
Лагранжиан: $L(x, \lambda) = c^T x + \lambda^T(Ax - b) = (c + A^T \lambda)^T x - b^T \lambda$.
Двойственная функция: $g(\lambda) = \inf_x L(x, \lambda)$.
Инфимум конечен (и равен $-b^T \lambda$), только если множитель при $x$ равен нулю: $c + A^T \lambda = 0$. В противном случае $g(\lambda) = -\infty$.
Двойственная задача:
$$
\begin{aligned}
\text{максимизировать} \quad & -b^T \lambda \\
\text{при ограничениях} \quad & A^T \lambda + c = 0 \\
& \lambda \ge 0
\end{aligned}
$$
Для ЛП всегда выполняется сильная двойственность, если прямая задача имеет решение.

#### Пример 2: Квадратичное программирование (КП)
Прямая задача (с $Q \succ 0$, то есть $Q$ — симметричная положительно определённая матрица):
$$ 
\begin{aligned}
\text{минимизировать} \quad & \frac{1}{2}x^T Q x + c^T x \\
\text{при ограничении} \quad & Ax \le b
\end{aligned}
$$
Лагранжиан: $L(x, \lambda) = \frac{1}{2}x^T Q x + c^T x + \lambda^T(Ax - b)$.
Для поиска инфимума по $x$ приравняем градиент к нулю: $\nabla_x L(x, \lambda) = Qx + c + A^T \lambda = 0$.
Отсюда $x^*(\lambda) = -Q^{-1}(c + A^T \lambda)$.
Подставляем $x^*(\lambda)$ в $L(x, \lambda)$ для получения $g(\lambda)$. После преобразований получается:
$$ g(\lambda) = -\frac{1}{2}\lambda^T A Q^{-1} A^T \lambda - \lambda^T(b + A Q^{-1} c) - \frac{1}{2}c^T Q^{-1} c $$
Двойственная задача — максимизировать эту квадратичную по $\lambda$ функцию при ограничении $\lambda \ge 0$. Так как исходная задача выпуклая и условия Слейтера обычно выполняются, сильная двойственность имеет место.

### Задачи для самопроверки

1.  Найдите двойственную задачу для задачи минимизации евклидовой нормы:
    $$ 
    \begin{aligned}
    \text{минимизировать} \quad & \|x\|_2 \\
    \text{при ограничении} \quad & Ax = b
    \end{aligned}
    $$
2.  Постройте двойственную задачу к задаче максимизации энтропии:
    $$
    \begin{aligned}
    \text{минимизировать} \quad & \sum_{i=1}^n x_i \log x_i \\
    \text{при ограничениях} \quad & \sum_{i=1}^n x_i = 1, \quad x_i \ge 0
    \end{aligned}
    $$
    (Hint: ограничения $x_i \ge 0$ можно не включать в лагранжиан, а учесть в области определения $\mathcal{D}$).
3.  Рассмотрите задачу: $\min x^2$ при $x \ge 1$. Найдите $p^*$. Сформулируйте двойственную задачу, найдите $d^*$ и проверьте, выполняется ли сильная двойственность.
4.  Проверьте, выполняется ли условие Слейтера для задачи:
    $$ 
    \begin{aligned}
    \text{минимизировать} \quad & c^T x \\
    \text{при ограничениях} \quad & x_i^2 - 1 \le 0, \quad i=1, \dots, n.
    \end{aligned}
    $$",True,
Оптимизация,4,"Линейное и целочисленное программирование: симплекс, внутренние точки, ветвление и границы","Сделай компактный конспект по теме «Линейное и целочисленное программирование: симплекс, внутренние точки, ветвление и границы» (раздел «Оптимизация»).

Что нужно:
- краткая мотивация и точные определения;
- ключевые утверждения/теоремы с условиями применимости (без подробных доказательств);
- 2–3 типовых примера с разбором;
- 3–5 задач для самопроверки (без решений);
Формат: Markdown с заголовками H2/H3, формулы в LaTeX ($...$). Стиль нейтральный, без дидактики. 500–900 слов.","## Линейное и целочисленное программирование: конспект

### Введение в линейное программирование (ЛП)

Линейное программирование — это метод нахождения оптимального (максимального или минимального) значения линейной функции при наличии линейных ограничений в виде равенств или неравенств.

**Мотивация:** Моделирование задач распределения ресурсов, планирования производства, логистики, составления расписаний. Цель — максимизировать прибыль или минимизировать издержки при ограниченных ресурсах.

**Формальное определение:**
Задача ЛП в канонической форме имеет вид:
Максимизировать целевую функцию:
$Z = c^T x = \sum_{j=1}^{n} c_j x_j \to \max$

При ограничениях:
$Ax \le b$, где $A$ — матрица $m \times n$, $b$ — вектор-столбец $m \times 1$.
$x \ge 0$, где $x$ — вектор переменных $n \times 1$.

*   **Допустимая область:** Множество всех точек $x$, удовлетворяющих ограничениям. Геометрически это выпуклый многогранник.
*   **Оптимальное решение:** Точка $x^*$ из допустимой области, в которой целевая функция $Z$ достигает своего экстремума.

### Методы решения задач ЛП

#### Симплекс-метод

Основная идея — систематический перебор вершин допустимого многогранника с целью поиска оптимального решения.

**Ключевое утверждение:** Если задача ЛП имеет оптимальное решение, то хотя бы одно из них находится в вершине допустимого многогранника.

**Алгоритм:**
1.  Приведение задачи к стандартной форме (все ограничения — равенства, $Ax=b$) путем введения дополнительных (слабых) переменных.
2.  Построение начального опорного решения (соответствующего одной из вершин).
3.  Итерационный процесс: на каждом шаге происходит переход к соседней вершине, в которой значение целевой функции не хуже (в случае максимизации — не меньше), чем в предыдущей.
4.  Критерий остановки: алгоритм завершается, когда не существует ни одной соседней вершины с лучшим значением целевой функции (найден оптимум) или когда установлено, что функция не ограничена на допустимом множестве.

#### Методы внутренних точек

Альтернативный подход, при котором путь к оптимальному решению пролегает через внутреннюю область допустимого многогранника, а не по его границам.

**Основная идея:** В целевую функцию добавляется «барьерная функция», которая штрафует за приближение к границам допустимой области. Последовательность решений вспомогательных задач сходится к решению исходной.

**Ключевые утверждения:**
*   Методы внутренних точек имеют полиномиальную временную сложность, что делает их эффективными для задач очень большой размерности.
*   В отличие от симплекс-метода, каждая итерация вычислительно более сложна, но общее количество итераций, как правило, меньше и слабо зависит от размера задачи.

### Пример решения задачи ЛП

**Задача:** Кондитерская фабрика производит два вида тортов: ""Наполеон"" ($x_1$) и ""Прага"" ($x_2$). Прибыль от продажи — 5 и 4 у.е. соответственно. Для производства требуются два ресурса: крем (кг) и коржи (шт).

*   ""Наполеон"": 6 кг крема, 1 корж.
*   ""Прага"": 4 кг крема, 2 коржа.

Запас ресурсов: 24 кг крема, 6 коржей.
Цель: максимизировать прибыль.

**Математическая модель:**
Максимизировать $Z = 5x_1 + 4x_2$
При ограничениях:
$6x_1 + 4x_2 \le 24$ (ограничение по крему)
$x_1 + 2x_2 \le 6$ (ограничение по коржам)
$x_1 \ge 0, x_2 \ge 0$

**Решение (с помощью симплекс-метода):**
Оптимальное решение достигается в одной из вершин многогранника, образованного пересечением прямых $6x_1 + 4x_2 = 24$ и $x_1 + 2x_2 = 6$.
Решение системы уравнений дает точку $x_1 = 3, x_2 = 1.5$.
Значение целевой функции: $Z = 5(3) + 4(1.5) = 15 + 6 = 21$.
Оптимальный план: произвести 3 торта ""Наполеон"" и 1.5 торта ""Прага"" для получения максимальной прибыли 21 у.е.

### Целочисленное линейное программирование (ЦЛП)

Задача ЛП, в которой на переменные наложено дополнительное условие целочисленности: $x_j \in \mathbb{Z}$ для всех или некоторых $j$.

**Мотивация:** Задачи, где переменные по своей природе дискретны (количество автомобилей, сотрудников, открытие/закрытие объекта).

**Проблема:** Округление нецелочисленного решения, полученного для ЛП-релаксации (задачи без условия целочисленности), часто приводит к недопустимому или неоптимальному решению. В примере выше округление $x_2=1.5$ до 1 или 2 дает неоптимальные решения ($Z(3,1)=19$, а точка $(3,2)$ недопустима).

### Метод ветвей и границ (Branch and Bound)

Основной метод для решения задач ЦЛП.

**Основная идея:** Разделение исходной задачи на подзадачи (ветвление) и отсечение бесперспективных ветвей с помощью оценок (границ).

**Алгоритм:**
1.  **Релаксация:** Решить задачу ЛП без учета целочисленности. Полученное значение целевой функции $Z_{ЛП}$ является верхней границей для задачи максимизации.
2.  **Ветвление:** Если в оптимальном решении ЛП-релаксации есть нецелочисленная переменная $x_j^* = v$, создаются две новые подзадачи:
    *   Подзадача 1: добавляется ограничение $x_j \le \lfloor v \rfloor$.
    *   Подзадача 2: добавляется ограничение $x_j \ge \lceil v \rceil$.
3.  **Оценка и отсечение:** Каждая новая подзадача (узел дерева поиска) решается как ЛП-задача. Ветвь отсекается, если:
    *   Подзадача не имеет допустимых решений.
    *   Верхняя оценка подзадачи хуже, чем уже найденное целочисленное решение (рекорд).
    *   Решение подзадачи является целочисленным. В этом случае оно становится новым кандидатом в рекорды.
4.  **Повторение:** Процесс продолжается до тех пор, пока все ветви не будут исследованы или отсечены. Лучшее найденное целочисленное решение является оптимальным.

#### Пример ЦЛП (продолжение)

Для задачи о тортах ЛП-решение было $(3, 1.5)$ с $Z=21$. Переменная $x_2$ нецелочисленная.

1.  **Ветвление по $x_2$:**
    *   **Ветвь 1:** $x_2 \le 1$. Новая задача ЛП с этим ограничением дает решение $(10/3, 1)$ с $Z \approx 20.67$. Оно все еще нецелочисленное.
    *   **Ветвь 2:** $x_2 \ge 2$. Новая задача ЛП дает решение $(2, 2)$ с $Z = 18$. Это целочисленное решение, оно становится текущим рекордом. Все ветви ниже этого узла, где оценка $Z < 18$, будут отсечены.

2.  **Ветвление по Ветви 1 (где $x_1=10/3$):**
    *   **Ветвь 1.1:** $x_2 \le 1, x_1 \le 3$. Решение $(3, 1)$ с $Z=19$. Это целочисленное решение, и оно лучше рекорда (19 > 18). Новый рекорд $Z=19$.
    *   **Ветвь 1.2:** $x_2 \le 1, x_1 \ge 4$. Эта подзадача не имеет решений (недопустима).

Все ветви исследованы. **Оптимальное целочисленное решение:** $x_1=3, x_2=1$ с прибылью $Z=19$.

### Задачи для самопроверки

1.  **Задача о диете.** Составить рацион из двух продуктов (А и Б), минимизирующий стоимость. Продукт А стоит 20 руб/кг, Б — 30 руб/кг. Рацион должен содержать не менее 100 г белков и 50 г жиров. Содержание нутриентов: А (20г белка, 5г жира на 100г), Б (10г белка, 10г жира на 100г). Сформулируйте задачу ЛП.
2.  **Задача о рюкзаке (0-1 ЦЛП).** Есть 3 предмета с весами {5, 8, 4} кг и стоимостями {10, 15, 7} у.е. Вместимость рюкзака — 13 кг. Необходимо выбрать предметы так, чтобы их суммарная стоимость была максимальной. Сформулируйте задачу ЦЛП.
3.  **Транспортная задача.** Два склада А и Б имеют запасы товара 100 и 200 единиц соответственно. Три магазина М1, М2, М3 требуют 80, 120 и 100 единиц товара. Стоимости перевозки единицы товара заданы матрицей. Необходимо составить план перевозок, минимизирующий общую стоимость. Сформулируйте задачу ЛП.
4.  Объясните, почему симплекс-метод может быть неэффективен для некоторых задач ЛП, в то время как методы внутренней точки справляются с ними за полиномиальное время.",True,
Оптимизация,5,"Стохастическая и онлайн-оптимизация: SGD/Adam, регуляризация","Сделай компактный конспект по теме «Стохастическая и онлайн-оптимизация: SGD/Adam, регуляризация» (раздел «Оптимизация»).

Что нужно:
- краткая мотивация и точные определения;
- ключевые утверждения/теоремы с условиями применимости (без подробных доказательств);
- 2–3 типовых примера с разбором;
- 3–5 задач для самопроверки (без решений);
Формат: Markdown с заголовками H2/H3, формулы в LaTeX ($...$). Стиль нейтральный, без дидактики. 500–900 слов.","## Конспект: Стохастическая и онлайн-оптимизация

### Мотивация и постановка задачи

В задачах машинного обучения целевая функция $F(w)$ часто представляет собой сумму или среднее функций потерь по всем объектам обучающей выборки:
$$ F(w) = \frac{1}{N} \sum_{i=1}^{N} L(h(x_i, w), y_i) = \frac{1}{N} \sum_{i=1}^{N} L_i(w) $$
где $N$ — размер выборки, $w$ — вектор параметров модели, $L_i(w)$ — функция потерь на $i$-м объекте.

**Проблема:** для вычисления полного градиента $\nabla F(w)$ на каждом шаге оптимизации требуется обработать всю выборку, что вычислительно затратно при больших $N$.

**Решение:** стохастическая оптимизация. Вместо точного градиента используется его стохастическая (случайная) оценка $g_k(w_k)$, которая в среднем равна истинному градиенту:
$$ \mathbb{E}[g_k(w_k)] = \nabla F(w_k) $$
Обычно в качестве $g_k(w_k)$ берут градиент по одному случайно выбранному объекту или по небольшой подвыборке (mini-batch).

**Общий вид итерации стохастической оптимизации:**
$$ w_{k+1} = w_k - \eta_k g_k(w_k) $$
где $\eta_k$ — темп обучения (learning rate) на шаге $k$.

### Метод стохастического градиентного спуска (SGD)

Stochastic Gradient Descent (SGD) — простейший метод стохастической оптимизации. На каждом шаге выбирается случайный индекс $i_k \in \{1, ..., N\}$ и вычисляется градиент только по этому объекту.

**Правило обновления:**
$$ w_{k+1} = w_k - \eta_k \nabla L_{i_k}(w_k) $$
При использовании mini-batch размера $B$, градиент усредняется по $B$ объектам.

**Ключевое утверждение (условия сходимости Роббинса-Монро):**
Для сходимости SGD к локальному минимуму (для выпуклых функций — к глобальному) темп обучения $\eta_k$ должен удовлетворять условиям:
1.  $\sum_{k=1}^{\infty} \eta_k = \infty$ (сумм должно хватать, чтобы дойти до минимума из любой точки).
2.  $\sum_{k=1}^{\infty} \eta_k^2 < \infty$ (шаги должны затухать достаточно быстро, чтобы не ""перепрыгивать"" через минимум из-за шума).

На практике часто используют эвристические схемы уменьшения $\eta_k$, например, `step decay` (уменьшение в несколько раз каждые $M$ эпох) или `exponential decay`.

### Метод Adam (Adaptive Moment Estimation)

Adam — адаптивный метод, который подбирает индивидуальный темп обучения для каждого параметра модели. Он хранит экспоненциально затухающие скользящие средние градиента (1-й момент) и его квадрата (2-й момент).

**Алгоритм:**
Пусть на шаге $t$ вычислен стохастический градиент $g_t = \nabla L_{i_t}(w_t)$.
1.  Обновление оценки 1-го момента (среднего градиента):
    $$ m_t = \beta_1 m_{t-1} + (1 - \beta_1) g_t $$
2.  Обновление оценки 2-го момента (среднего квадрата градиента):
    $$ v_t = \beta_2 v_{t-1} + (1 - \beta_2) g_t^2 $$
    (Здесь $g_t^2$ — поэлементный квадрат вектора).
3.  Коррекция смещения для моментов (необходима, т.к. $m_0$ и $v_0$ инициализированы нулями):
    $$ \hat{m}_t = \frac{m_t}{1 - \beta_1^t}, \quad \hat{v}_t = \frac{v_t}{1 - \beta_2^t} $$
4.  Обновление параметров:
    $$ w_{t+1} = w_t - \alpha \frac{\hat{m}_t}{\sqrt{\hat{v}_t} + \epsilon} $$

*   **Гиперпараметры:**
    *   $\alpha$: глобальный темп обучения (часто $\approx 10^{-3}$).
    *   $\beta_1$: коэффициент затухания для среднего градиента (стандартно $0.9$).
    *   $\beta_2$: коэффициент затухания для среднего квадрата градиента (стандартно $0.999$).
    *   $\epsilon$: малая константа для численной стабильности (стандартно $10^{-8}$).

### Регуляризация

Регуляризация — техника для борьбы с переобучением (overfitting) путем добавления штрафа за ""сложность"" модели к основной функции потерь.
$$ J(w) = L(w) + \lambda \Omega(w) $$
Здесь $\lambda > 0$ — коэффициент регуляризации, $\Omega(w)$ — регуляризатор.

#### L2-регуляризация (Ridge, Weight Decay)
Штрафует за большие значения весов, используя L2-норму.
$$ \Omega(w) = \frac{1}{2} \|w\|_2^2 = \frac{1}{2} \sum_j w_j^2 $$
Градиент регуляризатора: $\nabla_w \Omega(w) = w$.
Модифицированное правило обновления (на примере SGD):
$$ w_{k+1} = w_k - \eta_k (\nabla L_{i_k}(w_k) + \lambda w_k) = (1 - \eta_k \lambda) w_k - \eta_k \nabla L_{i_k}(w_k) $$
Множитель $(1 - \eta_k \lambda)$ приводит к экспоненциальному затуханию весов на каждом шаге, отсюда название ""weight decay"". Стимулирует модель использовать малые, ""размазанные"" по компонентам веса.

#### L1-регуляризация (Lasso)
Штрафует за сумму абсолютных значений весов, используя L1-норму.
$$ \Omega(w) = \|w\|_1 = \sum_j |w_j| $$
L1-норма недифференцируема в нуле, поэтому для оптимизации используют субградиентные методы. Основной эффект L1-регуляризации — **разреживание (sparsity)**: она зануляет многие веса модели, что может использоваться для отбора признаков.

---
## Примеры

#### Пример 1: SGD для линейной регрессии

**Задача:** Минимизировать среднеквадратичную ошибку $L(w) = \frac{1}{2N} \sum_{i=1}^{N} (w^T x_i - y_i)^2$.
Функция потерь на одном объекте: $L_k(w) = \frac{1}{2}(w^T x_k - y_k)^2$.
Стохастический градиент:
$$ \nabla_w L_k(w) = (w^T x_k - y_k) x_k $$
**Шаг SGD:**
1.  Выбрать случайный объект $(x_k, y_k)$.
2.  Вычислить предсказание $\hat{y}_k = w_k^T x_k$.
3.  Вычислить ошибку $e_k = \hat{y}_k - y_k$.
4.  Обновить веса: $w_{k+1} = w_k - \eta_k e_k x_k$.

#### Пример 2: L2-регуляризация в линейной регрессии с SGD

**Задача:** Минимизировать $J(w) = \frac{1}{2N} \sum_{i=1}^{N} (w^T x_i - y_i)^2 + \frac{\lambda}{2} \|w\|_2^2$.
Стохастический градиент по объекту $(x_k, y_k)$:
$$ \nabla_w J_k(w) = \nabla_w L_k(w) + \lambda w = (w^T x_k - y_k) x_k + \lambda w $$
**Шаг SGD c L2:**
1.  Выбрать случайный объект $(x_k, y_k)$.
2.  Обновить веса: $w_{k+1} = w_k - \eta_k ((w_k^T x_k - y_k) x_k + \lambda w_k)$.
    Это можно переписать как $w_{k+1} = (1 - \eta_k \lambda)w_k - \eta_k (w_k^T x_k - y_k) x_k$. Видно, что на каждом шаге вектор весов $w_k$ сжимается на фактор $(1 - \eta_k \lambda)$ перед основным градиентным шагом.

---
## Задачи для самопроверки

1.  Оцените, во сколько раз (приблизительно) один полный проход по выборке из $N=10^6$ объектов (одна эпоха) будет быстрее при использовании SGD с mini-batch размером $B=128$ по сравнению с классическим градиентным спуском (full-batch).
2.  Запишите правило обновления весов по методу Adam для одномерной функции потерь $L(w) = (2w - 4)^2$ на первом шаге ($t=1$), если $w_0=0, \alpha=0.1, \beta_1=0.9, \beta_2=0.999$.
3.  Как изменится вектор весов $w$ линейной модели, если коэффициент L1-регуляризации $\lambda$ сделать очень большим? А если использовать L2-регуляризацию с очень большим $\lambda$?
4.  Выведите выражение для стохастического градиента $\nabla L_i(w)$ для задачи бинарной классификации с логистической функцией потерь: $L_i(w) = -\left[ y_i \log(\sigma(w^T x_i)) + (1-y_i) \log(1-\sigma(w^T x_i)) \right]$, где $\sigma(z) = (1+e^{-z})^{-1}$.",True,
Теория чисел,1,"Делимость, алгоритм Евклида, простые числа, ФТО","Сделай компактный конспект по теме «Делимость, алгоритм Евклида, простые числа, ФТО» (раздел «Теория чисел»).

Что нужно:
- краткая мотивация и точные определения;
- ключевые утверждения/теоремы с условиями применимости (без подробных доказательств);
- 2–3 типовых примера с разбором;
- 3–5 задач для самопроверки (без решений);
Формат: Markdown с заголовками H2/H3, формулы в LaTeX ($...$). Стиль нейтральный, без дидактики. 500–900 слов.","Отлично, вот конспект по заданным темам в требуемом формате.

---

## Введение

Теория чисел изучает свойства целых чисел. Делимость является центральным понятием, на котором строятся более сложные конструкции. Понимание структуры целых чисел через простые множители (согласно основной теореме арифметики) и эффективные алгоритмы для нахождения общих делителей (алгоритм Евклида) служат основой для криптографии, теории кодирования и компьютерных наук.

## Делимость и основные свойства

### Определение делимости
Число $a \in \mathbb{Z}$ (целое) делит число $b \in \mathbb{Z}$, если существует такое целое число $k$, что $b = ak$. При этом $a$ не должно быть нулём.
- **Обозначение**: $a | b$.
- **Терминология**: $a$ — делитель $b$, $b$ — кратное $a$.

### Теорема о делении с остатком
Для любых целых чисел $a$ (делимое) и $b > 0$ (делитель) существуют единственные целые числа $q$ (неполное частное) и $r$ (остаток) такие, что:
$a = bq + r$, где $0 \le r < b$.
- Остаток от деления $a$ на $b$ также обозначается как $a \pmod b$.

## Наибольший общий делитель (НОД) и алгоритм Евклида

### Определение НОД
Наибольший общий делитель двух целых чисел $a$ и $b$, не равных одновременно нулю, — это наибольшее целое положительное число $d$, которое делит и $a$, и $b$.
- **Обозначение**: $\text{НОД}(a, b)$ или $\gcd(a, b)$.
- **Взаимно простые числа**: если $\text{НОД}(a, b) = 1$.

### Алгоритм Евклида
Эффективный метод для вычисления НОД двух чисел. Он основан на ключевом свойстве: если $a = bq + r$, то $\text{НОД}(a, b) = \text{НОД}(b, r)$.

**Процесс:**
1. Пусть даны числа $a$ и $b$, где $a > b$.
2. Найти остаток $r$ от деления $a$ на $b$.
3. Заменить пару $(a, b)$ на пару $(b, r)$.
4. Повторять шаги 2-3, пока остаток не станет равен нулю.
5. Последний ненулевой остаток является НОД исходных чисел.

### Линейное представление НОД (Соотношение Безу)
Для любых целых чисел $a$ и $b$ существуют такие целые $x$ и $y$, что выполняется равенство:
$\text{НОД}(a, b) = ax + by$.
- Коэффициенты $x$ и $y$ могут быть найдены с помощью **расширенного алгоритма Евклида**, который выполняет ""обратный ход"" по шагам основного алгоритма.

## Простые числа и Основная теорема арифметики (ФТА)

### Простые и составные числа
- **Простое число** — это натуральное число $p > 1$, у которого есть ровно два натуральных делителя: 1 и само число $p$.
- **Составное число** — это натуральное число $n > 1$, которое не является простым (имеет более двух делителей).
- Число 1 не является ни простым, ни составным.

### Основная теорема арифметики (ФТА)
Любое натуральное число $n > 1$ может быть представлено в виде произведения простых чисел, причём это представление единственно с точностью до порядка сомножителей.

**Каноническое разложение**:
$n = p_1^{a_1} p_2^{a_2} \cdots p_k^{a_k}$,
где $p_1, p_2, \ldots, p_k$ — различные простые числа, а $a_1, a_2, \ldots, a_k$ — их натуральные степени.

Это представление является «отпечатком пальца» для каждого числа и позволяет легко вычислять НОД и НОК (наименьшее общее кратное).

- $\text{НОД}(a, b)$: произведение общих простых множителей в наименьшей степени.
- $\text{НОК}(a, b)$: произведение всех простых множителей в наибольшей степени.

---

### Типовые примеры

**Пример 1: Нахождение НОД с помощью алгоритма Евклида**

Найти $\text{НОД}(1071, 462)$.
1. $1071 = 462 \cdot 2 + 147$
2. $462 = 147 \cdot 3 + 21$
3. $147 = 21 \cdot 7 + 0$

Последний ненулевой остаток — 21.
**Ответ:** $\text{НОД}(1071, 462) = 21$.

**Пример 2: Каноническое разложение числа на простые множители (ФТА)**

Разложить число 588 на простые множители.
- Делим на наименьший простой делитель (2):
  $588 = 2 \cdot 294$
- Продолжаем делить на 2:
  $294 = 2 \cdot 147$
- 147 на 2 не делится. Пробуем следующий простой делитель (3_):
  $147 = 3 \cdot 49$
- 49 на 3 не делится. Пробуем 5 (не делится), пробуем 7:
  $49 = 7 \cdot 7 = 7^2$
- Собираем все множители:
  $588 = 2 \cdot 2 \cdot 3 \cdot 7 \cdot 7$
**Ответ:** Каноническое разложение: $588 = 2^2 \cdot 3^1 \cdot 7^2$.

**Пример 3: Нахождение НОД через каноническое разложение**

Найти $\text{НОД}(588, 360)$.
1. Разложим оба числа:
   $588 = 2^2 \cdot 3^1 \cdot 7^2$
   $360 = 36 \cdot 10 = (4 \cdot 9) \cdot (2 \cdot 5) = (2^2 \cdot 3^2) \cdot (2 \cdot 5) = 2^3 \cdot 3^2 \cdot 5^1$
2. Выберем общие простые основания (2 и 3) с наименьшими степенями:
   - для 2: $\min(2, 3) = 2$
   - для 3: $\min(1, 2) = 1$
3. Перемножим их: $2^2 \cdot 3^1 = 4 \cdot 3 = 12$.
**Ответ:** $\text{НОД}(588, 360) = 12$.

### Задачи для самопроверки

1.  Используя алгоритм Евклида, найдите $\text{НОД}(819, 468)$.
2.  Найдите каноническое разложение на простые множители для числа 1140.
3.  Найдите два целых числа $x$ и $y$ такие, что $81x + 57y = \text{НОД}(81, 57)$.
4.  Сколько натуральных делителей имеет число $N = 2^4 \cdot 3^2 \cdot 5^1$?
5.  Докажите, что если $d | a$ и $d | b$, то $d | (ax + by)$ для любых целых $x, y$.",True,
Оптимизация,2,"Условная оптимизация: множители Лагранжа, условия ККТ","Сделай компактный конспект по теме «Условная оптимизация: множители Лагранжа, условия ККТ» (раздел «Оптимизация»).

Что нужно:
- краткая мотивация и точные определения;
- ключевые утверждения/теоремы с условиями применимости (без подробных доказательств);
- 2–3 типовых примера с разбором;
- 3–5 задач для самопроверки (без решений);
Формат: Markdown с заголовками H2/H3, формулы в LaTeX ($...$). Стиль нейтральный, без дидактики. 500–900 слов.","## Условная оптимизация: метод множителей Лагранжа и условия Каруша-Куна-Таккера (ККТ)

### Мотивация

В задачах безусловной оптимизации поиск экстремума функции ведется по всему пространству ее определения. Условная оптимизация решает более сложную задачу: найти экстремум функции при условии, что ее аргументы должны удовлетворять одному или нескольким дополнительным ограничениям. Эти ограничения определяют *допустимое множество*, внутри которого и ведется поиск решения.

Метод множителей Лагранжа и условия ККТ являются фундаментальными инструментами для решения таких задач. Они сводят задачу условной оптимизации к безусловной (или к системе уравнений/неравенств) путем введения вспомогательных переменных.

---

### Метод множителей Лагранжа (задачи с ограничениями-равенствами)

#### Постановка задачи

Требуется найти локальные экстремумы функции $f(x)$ при наличии $m$ ограничений вида равенств:

$$
\begin{cases}
    f(x) \to \text{extr} \\
    g_i(x) = 0, \quad i = 1, \dots, m
\end{cases}
$$

где $x \in \mathbb{R}^n$, а функции $f$ и $g_i$ — непрерывно дифференцируемы.

#### Функция Лагранжа и необходимое условие

Для решения задачи вводится **функция Лагранжа (лагранжиан)**:

$$
L(x, \lambda) = f(x) + \sum_{i=1}^{m} \lambda_i g_i(x)
$$

где $\lambda = (\lambda_1, \dots, \lambda_m)$ — вектор **множителей Лагранжа**.

**Теорема (Необходимое условие экстремума первого порядка):**
Если точка $x^*$ является точкой локального условного экстремума функции $f(x)$ при ограничениях $g_i(x)=0$, и в этой точке выполнены **условия регулярности** (например, векторы градиентов ограничений $\nabla g_1(x^*), \dots, \nabla g_m(x^*)$ линейно независимы), то существует такой вектор множителей $\lambda^* = (\lambda^*_1, \dots, \lambda^*_m)$, что для $x^*$ и $\lambda^*$ выполняется условие стационарности:

$$
\nabla L(x^*, \lambda^*) = 0
$$

Это векторное уравнение эквивалентно системе $n+m$ уравнений с $n+m$ неизвестными ($x_1, \dots, x_n, \lambda_1, \dots, \lambda_m$):

$$
\begin{cases}
    \frac{\partial L}{\partial x_j}(x^*, \lambda^*) = \frac{\partial f}{\partial x_j}(x^*) + \sum_{i=1}^{m} \lambda_i^* \frac{\partial g_i}{\partial x_j}(x^*) = 0, \quad j=1,\dots,n \\
    \frac{\partial L}{\partial \lambda_i}(x^*, \lambda^*) = g_i(x^*) = 0, \quad i=1,\dots,m
\end{cases}
$$

Решение этой системы дает **стационарные точки** лагранжиана, которые являются кандидатами на условный экстремум.

---

### Условия Каруша-Куна-Таккера (ККТ)

Условия ККТ обобщают метод Лагранжа на задачи с ограничениями-неравенствами.

#### Постановка задачи

Рассматривается задача минимизации (стандартная форма):

$$
\begin{cases}
    f(x) \to \min \\
    h_j(x) = 0, \quad j = 1, \dots, m \\
    g_i(x) \le 0, \quad i = 1, \dots, k
\end{cases}
$$

Функции $f, h_j, g_i$ считаются непрерывно дифференцируемыми.

#### Обобщенная функция Лагранжа

$$
L(x, \lambda, \mu) = f(x) + \sum_{j=1}^{m} \lambda_j h_j(x) + \sum_{i=1}^{k} \mu_i g_i(x)
$$

Здесь $\lambda_j$ — множители для ограничений-равенств, $\mu_i$ — для ограничений-неравенств.

#### Условия ККТ

**Теорема:**
Если $x^*$ — точка локального минимума и в ней выполнено условие регулярности, то существуют такие векторы множителей $\lambda^*$ и $\mu^*$, что пара $(x^*, \lambda^*, \mu^*)$ удовлетворяет следующим условиям:

1.  **Стационарность по $x$**:
    $$ \nabla_x L(x^*, \lambda^*, \mu^*) = \nabla f(x^*) + \sum_{j=1}^{m} \lambda_j^* \nabla h_j(x^*) + \sum_{i=1}^{k} \mu_i^* \nabla g_i(x^*) = 0 $$

2.  **Допустимость прямой задачи (Primal Feasibility)**:
    $$ h_j(x^*) = 0, \quad j=1,\dots,m $$
    $$ g_i(x^*) \le 0, \quad i=1,\dots,k $$

3.  **Допустимость двойственной задачи (Dual Feasibility)**:
    $$ \mu_i^* \ge 0, \quad i=1,\dots,k $$

4.  **Условие дополняющей нежесткости (Complementary Slackness)**:
    $$ \mu_i^* g_i(x^*) = 0, \quad i=1,\dots,k $$

Последнее условие означает, что если ограничение-неравенство неактивно ($g_i(x^*) < 0$), то соответствующий ему множитель равен нулю ($\mu_i^* = 0$). Если же множитель отличен от нуля ($\mu_i^* > 0$), то ограничение обязательно активно ($g_i(x^*) = 0$).

---

### Примеры

#### Пример 1: Метод множителей Лагранжа
Найти экстремумы функции $f(x, y) = xy$ на окружности $x^2 + y^2 = 8$.

1.  **Целевая функция:** $f(x, y) = xy$.
2.  **Ограничение:** $g(x, y) = x^2 + y^2 - 8 = 0$.
3.  **Функция Лагранжа:** $L(x, y, \lambda) = xy + \lambda(x^2 + y^2 - 8)$.
4.  **Система уравнений:**
    $$
    \begin{cases}
        \frac{\partial L}{\partial x} = y + 2\lambda x = 0 \\
        \frac{\partial L}{\partial y} = x + 2\lambda y = 0 \\
        \frac{\partial L}{\partial \lambda} = x^2 + y^2 - 8 = 0
    \end{cases}
    $$
5.  **Решение:** Из первых двух уравнений (при $x, y \ne 0$) следует $y = -2\lambda x$ и $x = -2\lambda y$. Подставив первое во второе, получаем $x = 4\lambda^2 x \Rightarrow 4\lambda^2=1 \Rightarrow \lambda = \pm 1/2$.
    *   Если $\lambda = -1/2$, то $y=x$. Подставляем в ограничение: $x^2 + x^2 = 8 \Rightarrow 2x^2=8 \Rightarrow x = \pm 2$. Точки: $(2, 2)$ и $(-2, -2)$. В обеих $f(x,y) = 4$.
    *   Если $\lambda = 1/2$, то $y=-x$. Подставляем в ограничение: $x^2 + (-x)^2 = 8 \Rightarrow 2x^2=8 \Rightarrow x = \pm 2$. Точки: $(2, -2)$ и $(-2, 2)$. В обеих $f(x,y) = -4$.
6.  **Ответ:** Максимум $f=4$ в точках $(2,2)$ и $(-2,-2)$. Минимум $f=-4$ в точках $(2,-2)$ и $(-2,2)$.

#### Пример 2: Условия ККТ
Найти минимум функции $f(x,y) = (x-4)^2 + (y-3)^2$ при условии $x^2+y^2 \le 4$. (Геометрически — найти точку на круге, ближайшую к $(4,3)$).

1.  **Целевая функция:** $f(x,y) = (x-4)^2 + (y-3)^2 \to \min$.
2.  **Ограничение:** $g(x,y) = x^2+y^2-4 \le 0$.
3.  **Лагранжиан:** $L(x, y, \mu) = (x-4)^2 + (y-3)^2 + \mu(x^2+y^2-4)$.
4.  **Условия ККТ:**
    *   **Стационарность:**
        $ \frac{\partial L}{\partial x} = 2(x-4) + 2\mu x = 0 \Rightarrow x(1+\mu) = 4 $
        $ \frac{\partial L}{\partial y} = 2(y-3) + 2\mu y = 0 \Rightarrow y(1+\mu) = 3 $
    *   **Допустимость:** $x^2+y^2 \le 4$, $\mu \ge 0$.
    *   **Доп. нежесткость:** $\mu(x^2+y^2-4) = 0$.

5.  **Анализ:**
    *   **Случай 1:** $\mu = 0$. Из стационарности $x=4, y=3$. Проверяем допустимость: $4^2+3^2 = 25 \not\le 4$. Решение не подходит.
    *   **Случай 2:** $\mu > 0$. Тогда из доп. нежесткости следует $x^2+y^2-4=0$. Из стационарности: $x = \frac{4}{1+\mu}$, $y = \frac{3}{1+\mu}$. Подставляем в ограничение:
        $$ (\frac{4}{1+\mu})^2 + (\frac{3}{1+\mu})^2 = 4 \implies \frac{16+9}{(1+\mu)^2} = 4 \implies \frac{25}{4} = (1+\mu)^2 $$
        Поскольку $1+\mu > 0$, то $1+\mu = \sqrt{25/4} = 5/2$. Отсюда $\mu = 3/2 > 0$ (соответствует предположению).
        Находим $x = \frac{4}{5/2} = 8/5$ и $y = \frac{3}{5/2} = 6/5$.

6.  **Ответ:** Единственная точка-кандидат — $(8/5, 6/5)$, она и является точкой минимума.

---

### Задачи для самопроверки

1.  Найти экстремальные значения функции $f(x,y,z) = x-2y+2z$ на сфере $x^2+y^2+z^2=9$.
2.  Найти размеры прямоугольного параллелепипеда максимального объема, вписанного в эллипсоид $\frac{x^2}{a^2}+\frac{y^2}{b^2}+\frac{z^2}{c^2}=1$.
3.  Найти точку на параболе $y=x^2-1$, ближайшую к началу координат.
4.  Решить задачу минимизации $f(x,y) = -x-3y$ при ограничениях $x+y \le 6$, $x \ge 0$, $y \ge 0$.
5.  Найти максимум функции $f(x,y)=x^2y$ при условиях $x^2+y^2 \le 1$ и $y \ge 0$.",True,
Теория чисел,2,"Конгруэнции: теоремы Ферма и Эйлера, Китайская теорема об остатках","Сделай компактный конспект по теме «Конгруэнции: теоремы Ферма и Эйлера, Китайская теорема об остатках» (раздел «Теория чисел»).

Что нужно:
- краткая мотивация и точные определения;
- ключевые утверждения/теоремы с условиями применимости (без подробных доказательств);
- 2–3 типовых примера с разбором;
- 3–5 задач для самопроверки (без решений);
Формат: Markdown с заголовками H2/H3, формулы в LaTeX ($...$). Стиль нейтральный, без дидактики. 500–900 слов.","## Конгруэнции: теоремы Ферма, Эйлера и Китайская теорема об остатках

### Основные определения

Арифметика остатков, или теория сравнений, является разделом теории чисел, который позволяет упростить вычисления с целыми числами, оперируя их остатками от деления на заданное число (модуль).

#### Сравнение по модулю (Конгруэнция)

**Определение:** Два целых числа $a$ и $b$ называются **сравнимыми (конгруэнтными)** по модулю $m \in \mathbb{N}, m > 1$, если они имеют одинаковые остатки при делении на $m$.

**Запись:** $a \equiv b \pmod{m}$

**Эквивалентное определение:** $a \equiv b \pmod{m}$ тогда и только тогда, когда разность $(a - b)$ делится на $m$ без остатка.

**Свойства сравнений:**
Если $a \equiv b \pmod{m}$ и $c \equiv d \pmod{m}$, то:
1.  **Сложение:** $a + c \equiv b + d \pmod{m}$
2.  **Вычитание:** $a - c \equiv b - d \pmod{m}$
3.  **Умножение:** $a \cdot c \equiv b \cdot d \pmod{m}$
4.  **Возведение в степень:** $a^k \equiv b^k \pmod{m}$ для любого $k \in \mathbb{N}$

Эти свойства позволяют заменять числа в арифметических выражениях на их остатки по модулю $m$, что упрощает вычисления.

### Теорема Ферма и Теорема Эйлера

#### Малая теорема Ферма
Эта теорема связывает простое число с результатами возведения в степень по его модулю.

**Утверждение:** Если $p$ — простое число, и целое число $a$ не делится на $p$, то:
$a^{p-1} \equiv 1 \pmod{p}$

**Следствие (альтернативная форма):** Для любого целого числа $a$ и простого $p$:
$a^p \equiv a \pmod{p}$

**Условия применимости:** Модуль $p$ должен быть простым числом. В основной форме теоремы требуется, чтобы $a$ и $p$ были взаимно просты ($\text{НОД}(a, p) = 1$).

#### Функция Эйлера и теорема Эйлера
Теорема Эйлера обобщает малую теорему Ферма на случай составных модулей.

**Определение:** **Функция Эйлера** $\varphi(n)$ для натурального числа $n$ — это количество натуральных чисел, не превосходящих $n$ и взаимно простых с $n$.

**Вычисление функции Эйлера:** Если каноническое разложение числа $n$ на простые множители имеет вид $n = p_1^{k_1} \cdot p_2^{k_2} \cdots p_r^{k_r}$, то:
$\varphi(n) = n \left(1 - \frac{1}{p_1}\right) \left(1 - \frac{1}{p_2}\right) \cdots \left(1 - \frac{1}{p_r}\right)$

**Пример:** $\varphi(10) = \varphi(2 \cdot 5) = 10 \left(1 - \frac{1}{2}\right) \left(1 - \frac{1}{5}\right) = 10 \cdot \frac{1}{2} \cdot \frac{4}{5} = 4$. (Это числа 1, 3, 7, 9).

**Утверждение (Теорема Эйлера):** Если целые числа $a$ и $n$ взаимно просты, то:
$a^{\varphi(n)} \equiv 1 \pmod{n}$

**Условия применимости:** Числа $a$ и $n$ должны быть взаимно простыми ($\text{НОД}(a, n) = 1$).

### Примеры применения

**Пример 1 (Теорема Ферма):** Найти остаток от деления $2^{100}$ на $13$.

1.  Модуль $p=13$ — простое число. $\text{НОД}(2, 13) = 1$. Условия теоремы Ферма выполнены.
2.  По теореме: $2^{13-1} \equiv 2^{12} \equiv 1 \pmod{13}$.
3.  Представим показатель степени $100$ через $12$: $100 = 12 \cdot 8 + 4$.
4.  Вычисляем: $2^{100} = 2^{12 \cdot 8 + 4} = (2^{12})^8 \cdot 2^4$.
5.  По модулю 13: $(2^{12})^8 \cdot 2^4 \equiv 1^8 \cdot 16 \pmod{13}$.
6.  Поскольку $16 \equiv 3 \pmod{13}$, то искомый остаток равен 3.
    *Ответ:* 3.

**Пример 2 (Теорема Эйлера):** Найти остаток от деления $7^{2023}$ на $18$.

1.  Модуль $n=18$ — составное число. $\text{НОД}(7, 18) = 1$. Условия теоремы Эйлера выполнены.
2.  Вычислим функцию Эйлера: $18 = 2 \cdot 3^2$.
    $\varphi(18) = 18 \left(1 - \frac{1}{2}\right) \left(1 - \frac{1}{3}\right) = 18 \cdot \frac{1}{2} \cdot \frac{2}{3} = 6$.
3.  По теореме Эйлера: $7^6 \equiv 1 \pmod{18}$.
4.  Представим показатель степени: $2023 = 6 \cdot 337 + 1$.
5.  Вычисляем: $7^{2023} = 7^{6 \cdot 337 + 1} = (7^6)^{337} \cdot 7^1 \equiv 1^{337} \cdot 7 \pmod{18}$.
    *Ответ:* 7.

### Китайская теорема об остатках (КТО)

Теорема позволяет находить решение систем линейных сравнений с различными модулями.

**Утверждение:** Пусть $m_1, m_2, \dots, m_k$ — попарно взаимно простые натуральные числа (т.е. $\text{НОД}(m_i, m_j) = 1$ для всех $i \neq j$). Тогда для любой последовательности целых чисел $a_1, a_2, \dots, a_k$ система сравнений:
$$
\begin{cases}
x \equiv a_1 \pmod{m_1} \\
x \equiv a_2 \pmod{m_2} \\
\dots \\
x \equiv a_k \pmod{m_k}
\end{cases}
$$
имеет единственное решение по модулю $M = m_1 \cdot m_2 \cdots m_k$.

**Пример 3 (КТО):** Найти наименьшее натуральное число $x$, которое при делении на 3 дает остаток 2, а при делении на 5 — остаток 4.

1.  Запишем систему:
    $$
    \begin{cases}
    x \equiv 2 \pmod{3} \\
    x \equiv 4 \pmod{5}
    \end{cases}
    $$
2.  Модули 3 и 5 взаимно просты, КТО применима.
3.  Из первого уравнения: $x = 3k + 2$ для некоторого целого $k$.
4.  Подставим это во второе уравнение: $3k + 2 \equiv 4 \pmod{5}$.
5.  Упростим: $3k \equiv 2 \pmod{5}$.
6.  Найдем число, обратное к 3 по модулю 5. Подбором находим, что $3 \cdot 2 = 6 \equiv 1 \pmod{5}$. Значит, обратное число — это 2.
7.  Домножим обе части сравнения на 2: $2 \cdot 3k \equiv 2 \cdot 2 \pmod{5} \implies k \equiv 4 \pmod{5}$.
8.  Это значит, что $k = 5j + 4$ для некоторого целого $j$.
9.  Подставим выражение для $k$ обратно в формулу для $x$: $x = 3(5j + 4) + 2 = 15j + 12 + 2 = 15j + 14$.
10. Решение системы: $x \equiv 14 \pmod{15}$.
11. Наименьшее натуральное число, удовлетворяющее этому условию (при $j=0$), равно 14.
    *Ответ:* 14.

### Задачи для самопроверки

1.  Найти остаток от деления $5^{123}$ на $11$.
2.  Вычислить $13^{302}$ по модулю $100$.
3.  Найти наименьшее натуральное число, которое дает остаток 1 при делении на 2, остаток 2 при делении на 3 и остаток 4 при делении на 5.
4.  Найти остаток от деления $3^{100}$ на $45$. (Примечание: `НОД(3, 45) != 1`. Теорема Эйлера напрямую не применяется. Требуется использовать КТО).",True,
Теория чисел,3,Квадратичные вычеты и символ Лежандра,"Сделай компактный конспект по теме «Квадратичные вычеты и символ Лежандра» (раздел «Теория чисел»).

Что нужно:
- краткая мотивация и точные определения;
- ключевые утверждения/теоремы с условиями применимости (без подробных доказательств);
- 2–3 типовых примера с разбором;
- 3–5 задач для самопроверки (без решений);
Формат: Markdown с заголовками H2/H3, формулы в LaTeX ($...$). Стиль нейтральный, без дидактики. 500–900 слов.","## Конспект: Квадратичные вычеты и символ Лежандра

### Мотивация и определения

Основная задача — определение разрешимости сравнений вида $x^2 \equiv a \pmod{n}$. В простейшем и фундаментальном случае рассматривается модуль $p$, где $p$ — простое число.

#### Определения

Пусть $p$ — простое число, и $a$ — целое число, такое что $\text{gcd}(a, p) = 1$.

*   **Квадратичный вычет:** Число $a$ называется **квадратичным вычетом** по модулю $p$, если сравнение $x^2 \equiv a \pmod{p}$ имеет решение.
*   **Квадратичный невычет:** Число $a$ называется **квадратичным невычетом** по модулю $p$, если сравнение $x^2 \equiv a \pmod{p}$ не имеет решений.

Среди чисел $1, 2, \ldots, p-1$ ровно половина, то есть $\frac{p-1}{2}$, являются квадратичными вычетами, и столько же — квадратичными невычетами (для $p>2$).

### Символ Лежандра

Для удобства работы с квадратичными вычетами вводится специальное обозначение.

#### Определение символа Лежандра

Пусть $p$ — нечётное простое число, и $a$ — целое число. Символ Лежандра $\left(\frac{a}{p}\right)$ определяется следующим образом:

$$
\left(\frac{a}{p}\right) = 
\begin{cases} 
1, & \text{если } a \text{ — квадратичный вычет по модулю } p \text{ и } a \not\equiv 0 \pmod{p} \\
-1, & \text{если } a \text{ — квадратичный невычет по модулю } p \\
0, & \text{если } a \equiv 0 \pmod{p}
\end{cases}
$$

Таким образом, вопрос о разрешимости сравнения $x^2 \equiv a \pmod{p}$ эквивалентен вычислению значения $\left(\frac{a}{p}\right)$.

### Ключевые свойства и теоремы

Для вычисления символа Лежандра используются следующие утверждения.

1.  **Следствие из определения:**
    Если $a \equiv b \pmod{p}$, то $\left(\frac{a}{p}\right) = \left(\frac{b}{p}\right)$. Это позволяет заменять число в числителе на его остаток от деления на $p$.

2.  **Критерий Эйлера:**
    Если $p$ — нечётное простое число, то для любого $a$, не кратного $p$:
    $$ \left(\frac{a}{p}\right) \equiv a^{(p-1)/2} \pmod{p} $$

3.  **Мультипликативность:**
    Символ Лежандра полностью мультипликативен по верхнему аргументу:
    $$ \left(\frac{ab}{p}\right) = \left(\frac{a}{p}\right) \left(\frac{b}{p}\right) $$
    Из этого следует, что $\left(\frac{a^2 b}{p}\right) = \left(\frac{b}{p}\right)$ для $a \not\equiv 0 \pmod{p}$.

4.  **Свойства для -1 и 2:**
    *   **Для -1:**
        $$ \left(\frac{-1}{p}\right) = (-1)^{(p-1)/2} = \begin{cases} 1, & \text{если } p \equiv 1 \pmod{4} \\ -1, & \text{если } p \equiv 3 \pmod{4} \end{cases} $$
    *   **Для 2:**
        $$ \left(\frac{2}{p}\right) = (-1)^{(p^2-1)/8} = \begin{cases} 1, & \text{если } p \equiv 1 \text{ или } 7 \pmod{8} \\ -1, & \text{если } p \equiv 3 \text{ или } 5 \pmod{8} \end{cases} $$

5.  **Квадратичный закон взаимности (Гаусс):**
    Пусть $p$ и $q$ — различные нечётные простые числа. Тогда:
    $$ \left(\frac{p}{q}\right) \left(\frac{q}{p}\right) = (-1)^{\frac{p-1}{2} \cdot \frac{q-1}{2}} $$
    Иначе говоря, $\left(\frac{p}{q}\right) = \left(\frac{q}{p}\right)$, если хотя бы одно из чисел $p$ или $q$ сравнимо с 1 по модулю 4. И $\left(\frac{p}{q}\right) = -\left(\frac{q}{p}\right)$, если оба числа сравнимы с 3 по модулю 4.

### Примеры вычисления

#### Пример 1: Вычислить $\left(\frac{21}{59}\right)$

1.  Разложим числитель на множители:
    $$ \left(\frac{21}{59}\right) = \left(\frac{3}{59}\right) \left(\frac{7}{59}\right) $$
2.  Вычислим каждый множитель отдельно, используя квадратичный закон взаимности.
    *   Для $\left(\frac{3}{59}\right)$: $p=3, q=59$. Оба простые. $3 \equiv 3 \pmod{4}$ и $59 \equiv 3 \pmod{4}$. Значит, знак меняется.
        $$ \left(\frac{3}{59}\right) = - \left(\frac{59}{3}\right) = - \left(\frac{2}{3}\right) $$
        По свойству для 2, $\left(\frac{2}{3}\right) = (-1)^{(3^2-1)/8} = (-1)^1 = -1$.
        Итого: $\left(\frac{3}{59}\right) = -(-1) = 1$.
    *   Для $\left(\frac{7}{59}\right)$: $p=7, q=59$. Оба простые. $7 \equiv 3 \pmod{4}$ и $59 \equiv 3 \pmod{4}$. Знак меняется.
        $$ \left(\frac{7}{59}\right) = - \left(\frac{59}{7}\right) = - \left(\frac{3}{7}\right) $$
        Для $\left(\frac{3}{7}\right)$: $p=3, q=7$. Оба $ \equiv 3 \pmod{4}$. Знак меняется.
        $$ \left(\frac{3}{7}\right) = - \left(\frac{7}{3}\right) = - \left(\frac{1}{3}\right) = -1 $$
        Итого: $\left(\frac{7}{59}\right) = -(-1) = 1$.
3.  Результат:
    $$ \left(\frac{21}{59}\right) = 1 \cdot 1 = 1 $$
    **Вывод:** Сравнение $x^2 \equiv 21 \pmod{59}$ имеет решение.

#### Пример 2: Вычислить $\left(\frac{79}{101}\right)$

1.  $p=79, q=101$. Оба числа простые. $101 \equiv 1 \pmod{4}$. Значит, знак не меняется.
    $$ \left(\frac{79}{101}\right) = \left(\frac{101}{79}\right) $$
2.  Упростим числитель:
    $$ \left(\frac{101}{79}\right) = \left(\frac{22}{79}\right) = \left(\frac{2}{79}\right) \left(\frac{11}{79}\right) $$
3.  Вычислим множители:
    *   $\left(\frac{2}{79}\right)$: $79 \equiv 7 \pmod{8}$, поэтому $\left(\frac{2}{79}\right) = 1$.
    *   $\left(\frac{11}{79}\right)$: $11 \equiv 3 \pmod{4}$ и $79 \equiv 3 \pmod{4}$. Знак меняется.
        $$ \left(\frac{11}{79}\right) = - \left(\frac{79}{11}\right) = - \left(\frac{2}{11}\right) $$
        Так как $11 \equiv 3 \pmod{8}$, то $\left(\frac{2}{11}\right) = -1$.
        Итого: $\left(\frac{11}{79}\right) = -(-1) = 1$.
4.  Результат:
    $$ \left(\frac{79}{101}\right) = 1 \cdot 1 = 1 $$

### Задачи для самопроверки

1.  Вычислить символ Лежандра $\left(\frac{37}{131}\right)$.
2.  Имеет ли сравнение $x^2 \equiv 91 \pmod{199}$ решения? (199 — простое число).
3.  Вычислить $\left(\frac{-104}{127}\right)$.
4.  Найти все нечётные простые числа $p$, для которых число 5 является квадратичным вычетом.",True,
Теория чисел,4,"Диофантовы уравнения: линейные, Пелля","Сделай компактный конспект по теме «Диофантовы уравнения: линейные, Пелля» (раздел «Теория чисел»).

Что нужно:
- краткая мотивация и точные определения;
- ключевые утверждения/теоремы с условиями применимости (без подробных доказательств);
- 2–3 типовых примера с разбором;
- 3–5 задач для самопроверки (без решений);
Формат: Markdown с заголовками H2/H3, формулы в LaTeX ($...$). Стиль нейтральный, без дидактики. 500–900 слов.","## Диофантовы уравнения: Введение

**Диофантовы уравнения** — это алгебраические уравнения с целыми коэффициентами, решения которых ищутся в целых числах ($\mathbb{Z}$) или натуральных числах ($\mathbb{N}$). Названы в честь древнегреческого математика Диофанта Александрийского.

Основная задача состоит не только в нахождении одного решения, но в описании всего множества целочисленных решений.

Общий вид: $P(x_1, x_2, ..., x_n) = 0$, где $P$ — многочлен с целыми коэффициентами.

---

## Линейные диофантовы уравнения с двумя переменными

### Определение и основная теорема

Линейное диофантово уравнение с двумя переменными имеет вид:
$ax + by = c$,
где $a, b, c \in \mathbb{Z}$, а переменные $x, y$ должны быть целыми числами.

**Теорема о существовании решения:**
Уравнение $ax + by = c$ имеет целочисленные решения $(x, y)$ тогда и только тогда, когда $c$ делится нацело на наибольший общий делитель (НОД) чисел $a$ и $b$.
Формально: $c \vdots \text{НОД}(a, b)$.

**Структура общего решения:**
Если условие выполнено и $(x_0, y_0)$ — какое-либо частное решение уравнения, то все множество решений $(x, y)$ задается формулами:
$x = x_0 + \frac{b}{d} \cdot k$
$y = y_0 - \frac{a}{d} \cdot k$
где $d = \text{НОД}(a, b)$, а $k$ — любое целое число ($k \in \mathbb{Z}$).

Для нахождения частного решения $(x_0, y_0)$ используется **расширенный алгоритм Евклида**. Сначала находится решение для уравнения $ax + by = d$, а затем оно домножается на $c/d$.

### Пример 1: Решение линейного уравнения

**Задача:** Найти все целочисленные решения уравнения $56x + 72y = 40$.

1.  **Проверка разрешимости.**
    Найдем $\text{НОД}(56, 72)$ с помощью алгоритма Евклида:
    $72 = 1 \cdot 56 + 16$
    $56 = 3 \cdot 16 + 8$
    $16 = 2 \cdot 8 + 0$
    Следовательно, $\text{НОД}(56, 72) = 8$.
    Проверяем условие: $40 \vdots 8$. Условие выполнено, решения существуют.

2.  **Упрощение уравнения.**
    Разделим обе части уравнения на $d=8$:
    $7x + 9y = 5$.

3.  **Нахождение частного решения.**
    Ищем решение для $7x + 9y = 1$ через расширенный алгоритм Евклида (выражая остатки):
    $8 = 56 - 3 \cdot 16$
    $16 = 72 - 1 \cdot 56$
    Подставляя второе в первое:
    $8 = 56 - 3 \cdot (72 - 1 \cdot 56) = 56 - 3 \cdot 72 + 3 \cdot 56 = 4 \cdot 56 - 3 \cdot 72$.
    Мы получили представление НОД: $56 \cdot (4) + 72 \cdot (-3) = 8$.
    Разделив на 8, получаем: $7 \cdot (4) + 9 \cdot (-3) = 1$.
    Частное решение для $7x+9y=1$ — это $(x, y) = (4, -3)$.
    Чтобы получить решение для $7x+9y=5$, умножим его на 5:
    $x_0 = 4 \cdot 5 = 20$
    $y_0 = -3 \cdot 5 = -15$.
    Частное решение: $(20, -15)$.

4.  **Запись общего решения.**
    Используем формулы для общего решения с $a=56$, $b=72$, $d=8$:
    $x = 20 + \frac{72}{8}k = 20 + 9k$
    $y = -15 - \frac{56}{8}k = -15 - 7k$
    где $k \in \mathbb{Z}$.

---

## Уравнения Пелля

### Определение и структура решений

**Классическое уравнение Пелля** — это диофантово уравнение вида:
$x^2 - Dy^2 = 1$,
где $D$ — целое положительное число, не являющееся полным квадратом ($D \neq k^2$ для любого $k \in \mathbb{Z}$).

**Ключевые свойства:**
1.  Уравнение Пелля всегда имеет тривиальное решение $(x, y) = (1, 0)$.
2.  Если $D$ не является полным квадратом, уравнение Пелля всегда имеет бесконечное множество целочисленных решений.

**Теорема о структуре решений:**
Все натуральные решения $(x_n, y_n)$ уравнения Пелля могут быть получены из **фундаментального (основного) решения** $(x_1, y_1)$. Фундаментальным называется решение $(x, y)$, где $x > 0, y > 0$, и $x$ (а следовательно, и $y$) принимает наименьшее возможное значение.

Все решения $(x_n, y_n)$ в натуральных числах находятся по формуле:
$x_n + y_n\sqrt{D} = (x_1 + y_1\sqrt{D})^n$, где $n \in \mathbb{N}$.

### Нахождение фундаментального решения

Фундаментальное решение $(x_1, y_1)$ ищется одним из двух способов:
1.  **Прямой перебор:** для малых $D$ можно последовательно подставлять $y = 1, 2, 3, ...$ и проверять, является ли $1+Dy^2$ полным квадратом.
2.  **Цепные дроби:** фундаментальное решение связано с подходящими дробями разложения числа $\sqrt{D}$ в непрерывную (цепную) дробь. Этот метод является общим и наиболее эффективным.

### Пример 2: Решение уравнения Пелля

**Задача:** Найти три первых натуральных решения уравнения $x^2 - 2y^2 = 1$.

1.  **Нахождение фундаментального решения.**
    Здесь $D=2$. Будем перебирать значения $y$:
    *   Если $y=1$, $x^2 = 1 + 2 \cdot 1^2 = 3$. Не является полным квадратом.
    *   Если $y=2$, $x^2 = 1 + 2 \cdot 2^2 = 9$. Является полным квадратом, $x=3$.
    Таким образом, фундаментальное решение $(x_1, y_1) = (3, 2)$.

2.  **Генерация последующих решений.**
    Используем формулу $x_n + y_n\sqrt{2} = (3 + 2\sqrt{2})^n$.

    *   **Первое решение ($n=1$):** $(x_1, y_1) = (3, 2)$.

    *   **Второе решение ($n=2$):**
        $x_2 + y_2\sqrt{2} = (3 + 2\sqrt{2})^2 = 3^2 + 2 \cdot 3 \cdot 2\sqrt{2} + (2\sqrt{2})^2 = 9 + 12\sqrt{2} + 8 = 17 + 12\sqrt{2}$.
        Следовательно, $(x_2, y_2) = (17, 12)$.
        *Проверка:* $17^2 - 2 \cdot 12^2 = 289 - 2 \cdot 144 = 289 - 288 = 1$.

    *   **Третье решение ($n=3$):**
        $x_3 + y_3\sqrt{2} = (3 + 2\sqrt{2})^3 = (17 + 12\sqrt{2})(3 + 2\sqrt{2}) = 51 + 34\sqrt{2} + 36\sqrt{2} + 48 = 99 + 70\sqrt{2}$.
        Следовательно, $(x_3, y_3) = (99, 70)$.
        *Проверка:* $99^2 - 2 \cdot 70^2 = 9801 - 2 \cdot 4900 = 9801 - 9800 = 1$.

**Ответ:** Три первых натуральных решения: $(3, 2)$, $(17, 12)$, $(99, 70)$.

---

## Задачи для самопроверки

1.  Имеет ли уравнение $21x + 35y = 15$ решения в целых числах?
2.  Найти общее решение диофантова уравнения $13x - 19y = 7$.
3.  Найти все решения уравнения $5x + 8y = 99$ в натуральных числах.
4.  Найти фундаментальное решение уравнения Пелля $x^2 - 13y^2 = 1$.
5.  Найти второе (следующее за фундаментальным) натуральное решение уравнения $x^2 - 8y^2 = 1$.",True,
Теория чисел,5,"Мультипликативные функции: функция Мёбиуса, свёртка Дирихле","Сделай компактный конспект по теме «Мультипликативные функции: функция Мёбиуса, свёртка Дирихле» (раздел «Теория чисел»).

Что нужно:
- краткая мотивация и точные определения;
- ключевые утверждения/теоремы с условиями применимости (без подробных доказательств);
- 2–3 типовых примера с разбором;
- 3–5 задач для самопроверки (без решений);
Формат: Markdown с заголовками H2/H3, формулы в LaTeX ($...$). Стиль нейтральный, без дидактики. 500–900 слов.","Конечно, вот конспект по теме.

## Мультипликативные функции. Функция Мёбиуса и свёртка Дирихле

Этот раздел теории чисел изучает свойства целочисленных функций, тесно связанных с делимостью и разложением на простые множители. Мультипликативные функции позволяют свести вычисление значения для составного числа $n$ к вычислению для его простых делителей в соответствующих степенях, что существенно упрощает анализ.

### Основные определения

**Арифметическая функция**
Арифметическая функция — это функция $f: \mathbb{N} \to \mathbb{C}$, определённая на множестве натуральных чисел.

**Мультипликативная функция**
Арифметическая функция $f$ называется мультипликативной, если она не равна тождественному нулю и для любых двух взаимно простых чисел $m, n \in \mathbb{N}$ (т.е. $\gcd(m, n) = 1$) выполняется равенство:
$f(mn) = f(m)f(n)$.

*   Из определения следует, что $f(1) = 1$.
*   Если $n = p_1^{a_1} p_2^{a_2} \cdots p_k^{a_k}$ — каноническое разложение числа $n$ на простые множители, то для мультипликативной функции $f$ справедливо:
    $f(n) = f(p_1^{a_1}) f(p_2^{a_2}) \cdots f(p_k^{a_k})$.

**Вполне (полностью) мультипликативная функция**
Функция $f$ называется вполне мультипликативной, если равенство $f(mn) = f(m)f(n)$ выполняется для *всех* натуральных $m, n$.

*Примеры мультипликативных функций:*
1.  $\tau(n)$ (или $d(n)$) — число натуральных делителей числа $n$.
2.  $\sigma(n)$ — сумма натуральных делителей числа $n$.
3.  $\phi(n)$ — функция Эйлера.
4.  $\text{id}(n) = n$ — тождественная функция (вполне мультипликативна).
5.  $u(n)=1$ — постоянная функция, равная 1 (вполне мультипликативна).

### Функция Мёбиуса $\mu(n)$

**Определение**
Функция Мёбиуса $\mu(n)$ определяется следующим образом:
1.  $\mu(1) = 1$.
2.  Если $n = p_1 p_2 \cdots p_k$ — произведение $k$ различных простых чисел (такое число называется бесквадратным), то $\mu(n) = (-1)^k$.
3.  Если $n$ делится на квадрат простого числа (т.е. $p^2 | n$ для некоторого простого $p$), то $\mu(n) = 0$.

Функция Мёбиуса является мультипликативной, но не вполне мультипликативной.

**Ключевое свойство**
Сумма значений функции Мёбиуса по всем делителям числа $n$ равна:
$$ \sum_{d|n} \mu(d) = \begin{cases} 1, & \text{если } n=1 \\ 0, & \text{если } n>1 \end{cases} $$

### Свёртка Дирихле

**Определение**
Свёрткой Дирихле двух арифметических функций $f$ и $g$ называется функция $h = f * g$, определяемая равенством:
$$ (f * g)(n) = \sum_{d|n} f(d)g(n/d) $$
Суммирование ведётся по всем натуральным делителям $d$ числа $n$.

**Свойства свёртки Дирихле**
1.  **Коммутативность:** $f * g = g * f$.
2.  **Ассоциативность:** $(f * g) * h = f * (g * h)$.
3.  **Нейтральный элемент:** существует функция $\varepsilon(n)$, такая что $f * \varepsilon = f$. Это функция $\varepsilon(n) = \begin{cases} 1, & n=1 \\ 0, & n>1 \end{cases}$. Заметим, что $\sum_{d|n} \mu(d) = u * \mu = \varepsilon$, где $u(n)=1$ для всех $n$.

**Теорема**
Если функции $f$ и $g$ мультипликативны, то их свёртка Дирихле $f * g$ также является мультипликативной функцией.

### Формула обращения Мёбиуса

Это центральный результат, связывающий функцию Мёбиуса и свёртку Дирихле. Формула позволяет «обратить» суммирование по делителям.

**Теорема**
Пусть $f$ и $g$ — две арифметические функции. Следующие два утверждения эквивалентны:
1.  $g(n) = \sum_{d|n} f(d)$ для всех $n \in \mathbb{N}$.
2.  $f(n) = \sum_{d|n} g(d)\mu(n/d)$ для всех $n \in \mathbb{N}$.

В терминах свёртки Дирихле это выглядит компактнее. Пусть $u(n) = 1$ для всех $n$. Тогда:
$$ g = f * u \iff f = g * \mu $$
Это показывает, что функция Мёбиуса $\mu$ является обратной к функции $u$ относительно операции свёртки Дирихле.

### Типовые примеры

**Пример 1: Вычисление функции Мёбиуса**
Вычислить $\mu(42)$ и $\mu(20)$.
*   $42 = 2 \cdot 3 \cdot 7$. Это произведение трёх различных простых чисел ($k=3$).
    Следовательно, $\mu(42) = (-1)^3 = -1$.
*   $20 = 2^2 \cdot 5$. Число 20 делится на $2^2=4$, то есть на квадрат простого числа.
    Следовательно, $\mu(20) = 0$.

**Пример 2: Применение формулы обращения Мёбиуса**
Известно тождество Гаусса: $\sum_{d|n} \phi(d) = n$. Требуется найти формулу для $\phi(n)$.
Обозначим $g(n) = n$ и $f(n) = \phi(n)$. Условие $g(n) = \sum_{d|n} f(d)$ выполнено.
Применяем формулу обращения Мёбиуса: $f(n) = \sum_{d|n} g(d)\mu(n/d)$.
Подставляя наши функции, получаем:
$$ \phi(n) = \sum_{d|n} d \cdot \mu(n/d) $$
Например, для $n=12$ (делители: 1, 2, 3, 4, 6, 12):
$\phi(12) = 1\mu(12) + 2\mu(6) + 3\mu(4) + 4\mu(3) + 6\mu(2) + 12\mu(1)$
$= 1(0) + 2(1) + 3(0) + 4(-1) + 6(-1) + 12(1) = 0 + 2 - 0 - 4 - 6 + 12 = 4$.
Это совпадает с $\phi(12) = 12(1 - 1/2)(1 - 1/3) = 4$.

**Пример 3: Вычисление свёртки**
Найти значение $(u * u)(n)$.
По определению: $(u * u)(n) = \sum_{d|n} u(d)u(n/d)$.
Так как $u(k)=1$ для любого $k$, то:
$$ (u * u)(n) = \sum_{d|n} 1 \cdot 1 = \sum_{d|n} 1 $$
Эта сумма равна количеству делителей числа $n$, то есть $\tau(n)$. Таким образом, $\tau = u * u$.

### Задачи для самопроверки

1.  Вычислите $\mu(105)$, $\mu(99)$, $\phi(18)$ с помощью формулы обращения Мёбиуса.
2.  Докажите, что если $f$ — вполне мультипликативная функция, то $f \cdot (g * h) = (f \cdot g) * (f \cdot h)$, где $(f \cdot g)(n) = f(n)g(n)$ (поточечное произведение).
3.  Выразите функцию $\sigma(n)$ (сумма делителей) через свёртку Дирихле с функцией Мёбиуса. Для этого используйте тождество $\sum_{d|n} \sigma(d) = \sum_{d|n} d \cdot \tau(n/d)$.
4.  Вычислите значение свёртки $(\mu * \tau)(12)$. Чему равна свёртка $\mu * \tau$ в общем виде?
5.  Покажите, что $\sum_{d|n} \mu(d)\tau(n/d) = 1$ для любого $n \in \mathbb{N}$.",True,
Функциональный анализ,1,Нормированные пространства и банаховы пространства; ограниченные операторы,"Сделай компактный конспект по теме «Нормированные пространства и банаховы пространства; ограниченные операторы» (раздел «Функциональный анализ»).

Что нужно:
- краткая мотивация и точные определения;
- ключевые утверждения/теоремы с условиями применимости (без подробных доказательств);
- 2–3 типовых примера с разбором;
- 3–5 задач для самопроверки (без решений);
Формат: Markdown с заголовками H2/H3, формулы в LaTeX ($...$). Стиль нейтральный, без дидактики. 500–900 слов.","## Нормированные и банаховы пространства

### Мотивация

Основная идея — обобщение понятий длины вектора и расстояния между точками с евклидовых пространств ($\mathbb{R}^n$) на более общие векторные пространства, например, на пространства функций. Введение нормы позволяет измерять «величину» элементов и определять сходимость последовательностей, что является фундаментом для построения анализа в бесконечномерных пространствах.

### Определения

**Нормированное пространство** — это пара $(X, \|\cdot\|)$, где $X$ — векторное пространство над полем $\mathbb{K}$ ($\mathbb{R}$ или $\mathbb{C}$), а $\|\cdot\|$ — функция (норма), сопоставляющая каждому вектору $x \in X$ неотрицательное действительное число $\|x\|$ и удовлетворяющая трем аксиомам:
1.  **Положительная определенность:** $\|x\| \ge 0$, причем $\|x\| = 0 \iff x = \mathbf{0}$.
2.  **Однородность:** $\|\alpha x\| = |\alpha| \|x\|$ для любого скаляра $\alpha \in \mathbb{K}$ и любого вектора $x \in X$.
3.  **Неравенство треугольника:** $\|x+y\| \le \|x\| + \|y\|$ для любых векторов $x, y \in X$.

Норма порождает метрику $d(x, y) = \|x - y\|$, превращая нормированное пространство в метрическое.

**Последовательность Коши (фундаментальная последовательность)** в нормированном пространстве $X$ — это последовательность $\{x_n\}_{n=1}^{\infty} \subset X$, такая что для любого $\varepsilon > 0$ существует номер $N$, начиная с которого $\|x_n - x_m\| < \varepsilon$ для всех $n, m > N$.

**Банахово пространство** — это **полное** нормированное пространство. Полнота означает, что любая последовательность Коши в этом пространстве сходится к некоторому элементу, также принадлежащему этому пространству.

### Примеры пространств

1.  **Пространство $C[a, b]$ непрерывных функций.**
    Рассматривается векторное пространство вещественных непрерывных функций на отрезке $[a, b]$. Стандартной нормой является **sup-норма** (или равномерная норма):
    $$ \|f\|_C = \sup_{t \in [a, b]} |f(t)| $$
    Пространство $(C[a, b], \|\cdot\|_C)$ является банаховым. Это следует из классической теоремы анализа: равномерный предел последовательности непрерывных функций является непрерывной функцией.

2.  **Пространство $C[a, b]$ с интегральной нормой (не-пример банахова пространства).**
    Рассмотрим то же самое векторное пространство непрерывных функций $C[a,b]$, но с другой нормой:
    $$ \|f\|_1 = \int_a^b |f(t)| dt $$
    Пространство $(C[a, b], \|\cdot\|_1)$ является нормированным, но **не является банаховым**. Можно построить последовательность Коши из непрерывных функций $\{f_n\}$, которая сходится (в смысле этой нормы) к разрывной функции. Так как предел не принадлежит исходному пространству $C[a, b]$, пространство неполно.

## Ограниченные линейные операторы

### Мотивация

Линейные операторы являются аналогом матриц для бесконечномерных пространств. В конечномерном случае любой линейный оператор является непрерывным. В бесконечномерном это не так. Свойство **ограниченности** оказывается эквивалентным непрерывности и является ключевым для анализа операторов в нормированных пространствах.

### Определения

Пусть $X$ и $Y$ — нормированные пространства.

**Линейный оператор** — это отображение $A: X \to Y$, удовлетворяющее условию линейности:
$$ A(\alpha x_1 + \beta x_2) = \alpha A(x_1) + \beta A(x_2) $$
для любых $x_1, x_2 \in X$ и скаляров $\alpha, \beta \in \mathbb{K}$.

**Ограниченный оператор** — это линейный оператор $A: X \to Y$, для которого существует константа $M > 0$ такая, что для всех $x \in X$ выполняется неравенство:
$$ \|Ax\|_Y \le M \|x\|_X $$

**Норма оператора** — наименьшая из таких констант $M$. Она вычисляется по одной из эквивалентных формул:
$$ \|A\| = \sup_{x \neq 0} \frac{\|Ax\|_Y}{\|x\|_X} = \sup_{\|x\|_X=1} \|Ax\|_Y $$

### Ключевые утверждения

1.  **Теорема об эквивалентности непрерывности и ограниченности.**
    Для линейного оператора $A: X \to Y$ между нормированными пространствами следующие три условия эквивалентны:
    *   $A$ непрерывен (в каждой точке).
    *   $A$ непрерывен в точке $\mathbf{0} \in X$.
    *   $A$ ограничен.

2.  **Пространство ограниченных операторов.**
    Множество всех ограниченных линейных операторов из $X$ в $Y$, обозначаемое $B(X, Y)$ или $L(X, Y)$, само является нормированным пространством с нормой $\|A\|$. Если пространство $Y$ является банаховым, то и пространство $B(X, Y)$ также будет **банаховым**.

### Пример оператора

**Интегральный оператор Фредгольма**
Рассмотрим оператор $A: C[0, 1] \to C[0, 1]$, заданный формулой:
$$ (Af)(x) = \int_0^1 K(x, t) f(t) dt $$
Здесь $K(x, t)$ — непрерывная на квадрате $[0, 1] \times [0, 1]$ функция (ядро оператора).

*   **Линейность:** Проверяется напрямую из свойств интеграла.
*   **Ограниченность:** Оценим норму образа:
    $$ \|Af\|_C = \sup_{x \in [0, 1]} \left| \int_0^1 K(x, t) f(t) dt \right| \le \sup_{x \in [0, 1]} \int_0^1 |K(x, t)| |f(t)| dt $$
    Поскольку $|f(t)| \le \sup_{s \in [0,1]} |f(s)| = \|f\|_C$, то:
    $$ \|Af\|_C \le \|f\|_C \cdot \sup_{x \in [0, 1]} \int_0^1 |K(x, t)| dt $$
    Обозначив $M = \sup_{x \in [0, 1]} \int_0^1 |K(x, t)| dt$, получаем $\|Af\|_C \le M \|f\|_C$. Так как $K(x, t)$ непрерывна на компакте, то $M < \infty$. Следовательно, оператор $A$ ограничен, и его норма $\|A\| \le M$.

---

### Задачи для самопроверки

1.  Проверить, является ли функция $\|x\| = \max(|x_1|, |x_2 - x_1|)$ нормой на векторном пространстве $\mathbb{R}^2$.

2.  Доказать, что пространство многочленов $P[0, 1]$ с sup-нормой $\|p\| = \sup_{t \in [0, 1]} |p(t)|$ не является банаховым. (Указание: рассмотреть последовательность частичных сумм ряда Тейлора для функции $e^x$).

3.  Пусть $C^1[0, 1]$ — пространство непрерывно дифференцируемых функций, а $C[0, 1]$ — пространство непрерывных функций, оба с sup-нормой. Исследовать оператор дифференцирования $D: C^1[0, 1] \to C[0, 1]$, $Df = f'$, на линейность и ограниченность.

4.  Найти норму оператора $A: \mathbb{R}^3 \to \mathbb{R}^3$ (с евклидовой нормой), заданного матрицей:
    $$ \begin{pmatrix} 2 & 0 & 0 \\ 0 & -1 & 0 \\ 0 & 0 & 0 \end{pmatrix} $$",True,
Функциональный анализ,2,"Гильбертовы пространства: ортонормированные базисы, теорема Рисса","Сделай компактный конспект по теме «Гильбертовы пространства: ортонормированные базисы, теорема Рисса» (раздел «Функциональный анализ»).

Что нужно:
- краткая мотивация и точные определения;
- ключевые утверждения/теоремы с условиями применимости (без подробных доказательств);
- 2–3 типовых примера с разбором;
- 3–5 задач для самопроверки (без решений);
Формат: Markdown с заголовками H2/H3, формулы в LaTeX ($...$). Стиль нейтральный, без дидактики. 500–900 слов.","## Гильбертовы пространства: ортонормированные базисы и теорема Рисса

### Введение и определения

Гильбертово пространство — это обобщение евклидова пространства на бесконечномерный случай. Ключевая структура, которая переносится из $\mathbb{R}^n$, — это скалярное произведение, позволяющее определять геометрические понятия: длину (норму), угол и ортогональность.

**Определение 1: Гильбертово пространство**
Комплексное (или вещественное) векторное пространство $H$ со скалярным произведением $\langle \cdot, \cdot \rangle$ называется гильбертовым, если оно является полным относительно нормы $\|x\| = \sqrt{\langle x, x \rangle}$.

Свойства скалярного произведения (для комплексного пространства):
1.  **Линейность по первому аргументу:** $\langle \alpha x + \beta y, z \rangle = \alpha \langle x, z \rangle + \beta \langle y, z \rangle$
2.  **Сопряженная симметрия:** $\langle x, y \rangle = \overline{\langle y, x \rangle}$
3.  **Положительная определенность:** $\langle x, x \rangle \ge 0$, причем $\langle x, x \rangle = 0 \iff x = 0$

**Определение 2: Ортогональность и ортонормированные системы**
- Два вектора $x, y \in H$ называются **ортогональными** ($x \perp y$), если $\langle x, y \rangle = 0$.
- Система векторов $\{e_k\}$ называется **ортонормированной (ОНС)**, если $\langle e_i, e_j \rangle = \delta_{ij}$ (символ Кронекера).

**Определение 3: Ортонормированный базис (ОНБ)**
Ортонормированная система $\{e_k\}$ называется **ортонормированным базисом** в сепарабельном гильбертовом пространстве $H$, если она является **полной**. Полнота означает, что не существует ненулевого вектора $x \in H$, ортогонального всем элементам системы. То есть, если $\langle x, e_k \rangle = 0$ для всех $k$, то $x=0$.

---

### Ключевые утверждения и теоремы

#### Коэффициенты и ряд Фурье

Если $\{e_k\}_{k=1}^\infty$ — ОНБ в гильбертовом пространстве $H$, то любой вектор $x \in H$ может быть единственным образом представлен в виде сходящегося ряда (ряда Фурье):
$$ x = \sum_{k=1}^{\infty} c_k e_k, \quad \text{где } c_k = \langle x, e_k \rangle $$
Числа $c_k$ называются **коэффициентами Фурье** вектора $x$ по базису $\{e_k\}$.

#### Неравенство Бесселя и равенство Парсеваля

*   **Неравенство Бесселя.** Для любой ОНС $\{e_k\}$ и любого $x \in H$ справедливо:
    $$ \sum_{k=1}^{\infty} |\langle x, e_k \rangle|^2 \le \|x\|^2 $$
    Геометрический смысл: энергия проекции не превосходит энергии самого вектора.

*   **Равенство Парсеваля.** Ортонормированная система $\{e_k\}$ является базисом тогда и только тогда, когда для любого $x \in H$ выполняется равенство Парсеваля:
    $$ \sum_{k=1}^{\infty} |\langle x, e_k \rangle|^2 = \|x\|^2 $$
    Это тождество является критерием полноты ОНС.

#### Процесс ортогонализации Грама-Шмидта

**Утверждение.** Из любой счетной системы линейно независимых векторов $\{f_n\}$ в гильбертовом пространстве можно построить ортонормированную систему $\{e_n\}$, линейная оболочка которой совпадает с линейной оболочкой исходной системы.

Процесс является конструктивным и рекуррентным.

#### Теорема Рисса о представлении линейных непрерывных функционалов

Эта теорема устанавливает фундаментальную связь между гильбертовым пространством $H$ и его сопряженным пространством $H^*$, состоящим из всех линейных непрерывных функционалов на $H$.

**Теорема.** Для всякого линейного непрерывного функционала $f \in H^*$ существует единственный вектор $y \in H$ такой, что для любого $x \in H$ выполняется:
$$ f(x) = \langle x, y \rangle $$
При этом норма функционала равна норме соответствующего ему вектора:
$$ \|f\|_{H^*} = \|y\|_H $$
Эта теорема показывает, что пространства $H$ и $H^*$ изометрически изоморфны.

---

### Примеры

#### 1. Пространство последовательностей $l_2$

Пространство $l_2$ состоит из всех комплексных последовательностей $x = (x_1, x_2, \dots)$ таких, что $\sum_{k=1}^\infty |x_k|^2 < \infty$.
- **Скалярное произведение:** $\langle x, y \rangle = \sum_{k=1}^\infty x_k \overline{y_k}$.
- **Стандартный ОНБ:** $\{e_k\}_{k=1}^\infty$, где $e_k = (0, \dots, 0, 1, 0, \dots)$ (1 на $k$-й позиции).
    Любой вектор $x \in l_2$ представляется в виде $x = \sum_{k=1}^\infty x_k e_k$. Здесь коэффициенты Фурье — это просто компоненты самого вектора: $\langle x, e_k \rangle = x_k$.

#### 2. Пространство функций $L_2[-\pi, \pi]$

Пространство $L_2[-\pi, \pi]$ состоит из измеримых функций $f(t)$, для которых $\int_{-\pi}^{\pi} |f(t)|^2 dt < \infty$.
- **Скалярное произведение:** $\langle f, g \rangle = \int_{-\pi}^{\pi} f(t) \overline{g(t)} dt$.
- **Классический ОНБ (тригонометрическая система):**
  $$ \left\{ \frac{1}{\sqrt{2\pi}}, \frac{\cos(kt)}{\sqrt{\pi}}, \frac{\sin(kt)}{\sqrt{\pi}} \right\}_{k=1}^\infty $$
  Разложение функции $f(t)$ по этому базису — это классический ряд Фурье. Равенство Парсеваля для этого базиса связывает интеграл от квадрата функции с суммой квадратов ее коэффициентов Фурье.

#### 3. Применение теоремы Рисса в $L_2[0, 1]$

Рассмотрим гильбертово пространство $H = L_2[0, 1]$ и линейный функционал $f: H \to \mathbb{C}$, определенный как:
$$ f(\phi) = \int_0^1 (t^2 + 2t) \phi(t) dt $$
Этот функционал непрерывен (можно доказать с помощью неравенства Коши-Буняковского). По теореме Рисса, существует единственная функция $y(t) \in L_2[0, 1]$ такая, что $f(\phi) = \langle \phi, y \rangle$ для всех $\phi \in H$.
В $L_2[0, 1]$ скалярное произведение имеет вид $\langle \phi, y \rangle = \int_0^1 \phi(t) \overline{y(t)} dt$.
Сравнивая два выражения для $f(\phi)$:
$$ \int_0^1 (t^2 + 2t) \phi(t) dt = \int_0^1 \phi(t) \overline{y(t)} dt $$
Отсюда, $\overline{y(t)} = t^2 + 2t$. Поскольку функция вещественная, $y(t) = t^2 + 2t$.
Таким образом, функционал $f$ порождается вектором $y(t) = t^2 + 2t$.

---

### Задачи для самопроверки

1.  Проверить, являются ли функции $P_0(t)=1$, $P_1(t)=t$, $P_2(t)=\frac{1}{2}(3t^2-1)$ ортогональными в пространстве $L_2[-1, 1]$. Если да, то найти их нормы.
2.  В пространстве $l_2$ дан вектор $x = (1, 1/2, 1/3, \dots, 1/n, \dots)$. Вычислить его норму $\|x\|$ напрямую и проверить, выполняется ли равенство Парсеваля для стандартного базиса.
3.  Применить первые два шага процесса ортогонализации Грама-Шмидта к системе векторов $\{1, t, t^2\}$ в пространстве $L_2[0, 1]$ со скалярным произведением $\langle f,g \rangle = \int_0^1 f(t)g(t)dt$.
4.  Найти вектор $y \in L_2[0, 2\pi]$, который представляет линейный функционал $f(\phi) = \int_0^{2\pi} \phi(t) \cos(t) dt$ согласно теореме Рисса.
5.  Пусть $\{e_k\}_{k=1}^\infty$ — ОНБ в $H$. Является ли система $\{d_k\}_{k=1}^\infty$, где $d_k = e_{2k}$, ортонормированным базисом? Почему?",True,
Функциональный анализ,5,Спектральная теория на гильбертовых пространствах (самосопряжённые и компактные операторы),"Сделай компактный конспект по теме «Спектральная теория на гильбертовых пространствах (самосопряжённые и компактные операторы)» (раздел «Функциональный анализ»).

Что нужно:
- краткая мотивация и точные определения;
- ключевые утверждения/теоремы с условиями применимости (без подробных доказательств);
- 2–3 типовых примера с разбором;
- 3–5 задач для самопроверки (без решений);
Формат: Markdown с заголовками H2/H3, формулы в LaTeX ($...$). Стиль нейтральный, без дидактики. 500–900 слов.","Конечно. Вот конспект по спектральной теории операторов.

### Введение и мотивация

Спектральная теория обобщает концепцию собственных значений и собственных векторов из конечномерной линейной алгебры на операторы в бесконечномерных (гильбертовых) пространствах. В конечномерном случае для любого самосопряжённого оператора (симметричной матрицы) существует ортонормированный базис из собственных векторов. Это позволяет «диагонализовать» оператор, что упрощает его анализ.

Цель спектральной теории — получить аналогичные результаты для операторов в гильбертовых пространствах. Ключевую роль здесь играют самосопряжённые и компактные операторы, для которых удаётся построить наиболее полную и наглядную теорию.

### Основные определения

Пусть $H$ — комплексное гильбертово пространство со скалярным произведением $\langle \cdot, \cdot \rangle$.

*   **Линейный оператор** — это линейное отображение $A: D(A) \to H$, где область определения $D(A)$ является подпространством $H$. Оператор называется **ограниченным**, если существует $C > 0$ такое, что $\|Ax\| \le C\|x\|$ для всех $x \in D(A)$.

*   **Резольвентное множество и спектр.**
    *   **Резольвента** оператора $A$ — это оператор $R_\lambda(A) = (A - \lambda I)^{-1}$, где $\lambda \in \mathbb{C}$ и $I$ — тождественный оператор.
    *   **Резольвентное множество** $\rho(A)$ — это множество всех $\lambda \in \mathbb{C}$, для которых резольвента $R_\lambda(A)$ существует, является ограниченным оператором и определена на всём $H$.
    *   **Спектр** $\sigma(A)$ — это дополнение резольвентного множества в $\mathbb{C}$: $\sigma(A) = \mathbb{C} \setminus \rho(A)$.

*   **Классификация спектра.** Спектр $\sigma(A)$ разделяется на три непересекающиеся части:
    1.  **Точечный спектр** $\sigma_p(A)$: множество собственных значений. $\lambda \in \sigma_p(A)$, если оператор $(A - \lambda I)$ не инъективен, т.е. существует ненулевой вектор $x \in D(A)$ (собственный вектор), такой что $Ax = \lambda x$.
    2.  **Непрерывный спектр** $\sigma_c(A)$: множество $\lambda \in \mathbb{C}$, для которых $(A - \lambda I)$ инъективен, его образ $\text{Im}(A - \lambda I)$ плотен в $H$, но обратный оператор $(A - \lambda I)^{-1}$ не является ограниченным.
    3.  **Остаточный спектр** $\sigma_r(A)$: множество $\lambda \in \mathbb{C}$, для которых $(A - \lambda I)$ инъективен, но его образ $\text{Im}(A - \lambda I)$ не плотен в $H$.

*   **Сопряжённый оператор.** Для плотно определённого оператора $A$ сопряжённый оператор $A^*$ определяется через тождество:
    $$ \langle Ax, y \rangle = \langle x, A^*y \rangle \quad \forall x \in D(A), \forall y \in D(A^*) $$
    Оператор $A$ называется **самосопряжённым**, если $A = A^*$ и $D(A) = D(A^*)$.

*   **Компактный оператор.** Линейный оператор $A: H \to H$ называется компактным, если он переводит любое ограниченное подмножество $H$ в предкомпактное (т.е., замыкание образа является компактом).

### Ключевые утверждения и теоремы

#### Свойства спектра самосопряжённого оператора

Пусть $A$ — самосопряжённый оператор.
1.  Спектр $A$ является вещественным: $\sigma(A) \subset \mathbb{R}$.
2.  Собственные векторы, отвечающие различным собственным значениям, ортогональны.
3.  Остаточный спектр пуст: $\sigma_r(A) = \emptyset$.
4.  Если $A$ ограничен, то его спектр — компактное подмножество $\mathbb{R}$.

#### Спектральная теорема для компактных самосопряжённых операторов

Пусть $A: H \to H$ — компактный самосопряжённый оператор в бесконечномерном гильбертовом пространстве $H$. Тогда:
1.  Существует ортонормированная система $\{e_k\}$ собственных векторов оператора $A$ и соответствующая ей последовательность вещественных собственных значений $\{\lambda_k\}$.
2.  Эта система полна в $H$ (т.е. образует ортонормированный базис) тогда и только тогда, когда $\text{ker}(A) = \{0\}$. Если $\text{ker}(A) \neq \{0\}$, то базис $H$ можно получить, дополнив систему $\{e_k\}$ базисом из $\text{ker}(A)$.
3.  Оператор $A$ имеет спектральное разложение:
    $$ Ax = \sum_{k=1}^\infty \lambda_k \langle x, e_k \rangle e_k $$
4.  Спектр состоит из собственных значений и, возможно, нуля. Если число собственных значений бесконечно, то $\lambda_k \to 0$ при $k \to \infty$. Таким образом, $0$ — единственная возможная предельная точка спектра. $\sigma(A) = \{\lambda_k\}_{k=1}^\infty \cup \{0\}$ (если $\dim H = \infty$).

#### Спектральная теорема для ограниченных самосопряжённых операторов

Для любого ограниченного самосопряжённого оператора $A$ существует единственное семейство проекционных операторов $\{E_\lambda\}_{\lambda \in \mathbb{R}}$ (спектральная мера), такое что:
1.  $E_\lambda$ — ортогональный проектор.
2.  $E_\lambda \le E_\mu$ при $\lambda \le \mu$.
3.  $E_\lambda \to 0$ при $\lambda \to -\infty$, $E_\lambda \to I$ при $\lambda \to +\infty$.
4.  Оператор $A$ представим в виде интеграла Стилтьеса:
    $$ A = \int_{-\infty}^{\infty} \lambda \, dE_\lambda $$
Этот интеграл представляет собой обобщение разложения по собственным векторам на случай, когда у оператора есть непрерывный спектр.

### Типовые примеры

#### Пример 1: Оператор умножения

Рассмотрим пространство $H = L^2[0, 1]$ и оператор умножения на независимую переменную:
$$ (A f)(x) = x \cdot f(x) $$
*   **Самосопряжённость:** Оператор $A$ является самосопряжённым.
*   **Спектр:**
    *   **Точечный спектр:** Уравнение $x \cdot f(x) = \lambda f(x)$ или $(x - \lambda)f(x) = 0$ имеет нетривиальное решение $f(x)$ в $L^2[0, 1]$ только если $f(x)=0$ почти всюду. Таким образом, $\sigma_p(A) = \emptyset$.
    *   **Непрерывный спектр:** Для любого $\lambda \in [0, 1]$ оператор $(A - \lambda I)$ инъективен, но обратный к нему $(A - \lambda I)^{-1}$, который является оператором умножения на функцию $1/(x-\lambda)$, не ограничен. Следовательно, весь отрезок $[0, 1]$ входит в спектр.
*   **Итог:** $\sigma(A) = \sigma_c(A) = [0, 1]$. Оператор не является компактным.

#### Пример 2: Интегральный оператор Фредгольма

Рассмотрим $H = L^2[0, 1]$ и интегральный оператор с вырожденным ядром $K(x, y) = xy$:
$$ (A f)(x) = \int_0^1 xy \cdot f(y) \, dy = x \int_0^1 y f(y) \, dy $$
*   **Свойства:** Оператор $A$ является самосопряжённым и компактным (поскольку его ядро квадратично интегрируемо). Его ранг равен 1.
*   **Поиск собственных значений:** Ищем решения уравнения $Af = \lambda f$.
    $$ x \int_0^1 y f(y) \, dy = \lambda f(x) $$
    Обозначим константу $C = \int_0^1 y f(y) \, dy$. Тогда $f(x) = (C/\lambda) \cdot x$. Подставим это обратно в определение $C$:
    $$ C = \int_0^1 y \cdot \frac{C}{\lambda} y \, dy = \frac{C}{\lambda} \int_0^1 y^2 \, dy = \frac{C}{3\lambda} $$
    Если $C \neq 0$, то $1 = 1/(3\lambda)$, откуда $\lambda = 1/3$.
*   **Итог:** Спектр состоит из единственного ненулевого собственного значения $\lambda_1 = 1/3$ и точки $0$ (которая также является собственным значением с бесконечной кратностью, так как $\text{ker}(A)$ бесконечномерно). $\sigma(A) = \sigma_p(A) = \{1/3, 0\}$.

### Задачи для самопроверки

1.  Найдите спектр и его классификацию для оператора правого сдвига $A: l_2 \to l_2$, заданного как $(Ax)_n = x_{n-1}$ для $n > 1$ и $(Ax)_1 = 0$, где $x = (x_1, x_2, \dots) \in l_2$.
2.  Рассмотрите оператор дифференцирования $A = i \frac{d}{dx}$ на пространстве $L^2[0, 2\pi]$ с областью определения, состоящей из функций $f(x)$ с периодическими граничными условиями $f(0) = f(2\pi)$. Докажите, что он самосопряжённый, и найдите его спектр.
3.  Пусть $A$ — компактный самосопряжённый оператор в бесконечномерном гильбертовом пространстве $H$. Докажите, что $0 \in \sigma(A)$.
4.  Интегральный оператор на $L^2[a, b]$ с ядром $K(x, y)$ является самосопряжённым, если $K(x,y) = \overline{K(y,x)}$. Проверьте это свойство для оператора из Примера 2.",True,
Функциональный анализ,3,"Принципы Хана–Банаха, об открытом отображении, о замкнутом графике","Сделай компактный конспект по теме «Принципы Хана–Банаха, об открытом отображении, о замкнутом графике» (раздел «Функциональный анализ»).

Что нужно:
- краткая мотивация и точные определения;
- ключевые утверждения/теоремы с условиями применимости (без подробных доказательств);
- 2–3 типовых примера с разбором;
- 3–5 задач для самопроверки (без решений);
Формат: Markdown с заголовками H2/H3, формулы в LaTeX ($...$). Стиль нейтральный, без дидактики. 500–900 слов.","## Конспект: Принципы Хана–Банаха, открытого отображения, замкнутого графика

### Теорема Хана–Банаха

#### Мотивация

Теорема Хана–Банаха является фундаментальным инструментом в функциональном анализе, который гарантирует существование нетривиальных непрерывных линейных функционалов на нормированном пространстве. Основная идея — возможность продолжить (расширить) линейный функционал, определённый на подпространстве, на всё пространство с сохранением определённых свойств (например, нормы). Это обеспечивает богатство структуры сопряжённого пространства.

#### Определения

*   **Линейный функционал** — это линейное отображение $f: X \to \mathbb{K}$, где $X$ — векторное пространство над полем $\mathbb{K}$ ($\mathbb{R}$ или $\mathbb{C}$).
*   **Сублинейный функционал (полунорма)** — это отображение $p: X \to \mathbb{R}$ (на вещественном векторном пространстве $X$), удовлетворяющее условиям:
    1.  **Субаддитивность:** $p(x+y) \le p(x) + p(y)$ для всех $x, y \in X$.
    2.  **Положительная однородность:** $p(\alpha x) = \alpha p(x)$ для всех $x \in X$ и $\alpha \ge 0$.

Норма в нормированном пространстве является примером сублинейного функционала.

#### Ключевые утверждения

1.  **Аналитическая форма (для вещественных пространств).** Пусть $X$ — вещественное векторное пространство, $p: X \to \mathbb{R}$ — сублинейный функционал, $M$ — подпространство в $X$. Если $f_0: M \to \mathbb{R}$ — линейный функционал, такой что $f_0(x) \le p(x)$ для всех $x \in M$, то существует линейный функционал $f: X \to \mathbb{R}$ (продолжение $f_0$), такой что:
    *   $f(x) = f_0(x)$ для всех $x \in M$.
    *   $f(x) \le p(x)$ для всех $x \in X$.

2.  **Теорема о продолжении функционала в нормированном пространстве.** Пусть $M$ — подпространство нормированного пространства $X$, и $f_0$ — непрерывный линейный функционал на $M$. Тогда существует непрерывный линейный функционал $f$ на $X$, такой что:
    *   $f(x) = f_0(x)$ для всех $x \in M$.
    *   $\|f\|_{X^*} = \|f_0\|_{M^*}$. (Норма сохраняется).

3.  **Следствие.** Для любого ненулевого элемента $x_0$ нормированного пространства $X$ существует непрерывный линейный функционал $f \in X^*$ такой, что $\|f\| = 1$ и $f(x_0) = \|x_0\|$.

#### Пример

**Задача:** Показать, что для любого $x_0 \neq 0$ в нормированном пространстве $X$ существует функционал $f$ с $\|f\|=1$ и $f(x_0)=\|x_0\|$.

**Разбор:**
1.  Рассмотрим одномерное подпространство $M = \text{span}\{x_0\} = \{\alpha x_0 \mid \alpha \in \mathbb{K}\}$.
2.  Определим на $M$ линейный функционал $f_0$ правилом $f_0(\alpha x_0) = \alpha\|x_0\|$.
3.  Проверим норму $f_0$.
    $$ \|f_0\|_{M^*} = \sup_{\alpha x_0 \in M, \|\alpha x_0\| \le 1} |f_0(\alpha x_0)| = \sup_{|\alpha|\|x_0\| \le 1} |\alpha\|x_0\|| = \sup_{|\alpha| \le 1/\|x_0\|} |\alpha|\|x_0\| = 1. $$
4.  По теореме Хана–Банаха, существует продолжение $f$ функционала $f_0$ на всё пространство $X$ с сохранением нормы: $\|f\|_{X^*} = \|f_0\|_{M^*} = 1$.
5.  При этом по построению $f(x_0) = f_0(1 \cdot x_0) = 1 \cdot \|x_0\| = \|x_0\|$.

***

### Теорема об открытом отображении

#### Мотивация

Теорема устанавливает связь между алгебраическими и топологическими свойствами линейных операторов. Она утверждает, что непрерывный сюръективный линейный оператор между банаховыми пространствами автоматически является открытым отображением. Это имеет важное следствие для обратимых операторов: если оператор и его образ — банаховы пространства, то непрерывность обратного оператора следует автоматически.

#### Определения

*   **Банахово пространство** — полное нормированное векторное пространство.
*   **Открытое отображение** — отображение $A: X \to Y$ между топологическими пространствами, которое переводит любое открытое множество в $X$ в открытое множество в $Y$.

#### Ключевые утверждения

1.  **Теорема об открытом отображении.** Пусть $X$ и $Y$ — банаховы пространства, а $A: X \to Y$ — непрерывный линейный оператор, являющийся сюръекцией (т.е. $A(X) = Y$). Тогда $A$ — открытое отображение.

2.  **Следствие (Теорема Банаха об изоморфизме).** Пусть $X$ и $Y$ — банаховы пространства, а $A: X \to Y$ — непрерывный линейный оператор, являющийся биекцией. Тогда обратный оператор $A^{-1}: Y \to X$ также непрерывен.

#### Пример

**Задача:** Доказать, что если векторное пространство $X$ является банаховым относительно двух норм, $\|\cdot\|_1$ и $\|\cdot\|_2$, и одна норма мажорирует другую (например, $\|x\|_1 \le C\|x\|_2$ для некоторой константы $C > 0$), то эти нормы эквивалентны.

**Разбор:**
1.  Обозначим $X_1 = (X, \|\cdot\|_1)$ и $X_2 = (X, \|\cdot\|_2)$. По условию, это банаховы пространства.
2.  Рассмотрим тождественный оператор $I: X_2 \to X_1$, который каждому $x \in X$ ставит в соответствие тот же элемент $x$. Оператор $I$ является линейным и биективным.
3.  Проверим его непрерывность. $\|I(x)\|_1 = \|x\|_1 \le C\|x\|_2$. Это означает, что оператор $I$ непрерывен (и его норма $\|I\| \le C$).
4.  Поскольку $I: X_2 \to X_1$ — непрерывная биекция между банаховыми пространствами, по теореме Банаха об изоморфизме обратный оператор $I^{-1}: X_1 \to X_2$ также непрерывен.
5.  Непрерывность $I^{-1}$ означает, что существует константа $C' > 0$ такая, что $\|I^{-1}(x)\|_2 \le C'\|x\|_1$, что эквивалентно $\|x\|_2 \le C'\|x\|_1$.
6.  Из наличия неравенств $\|x\|_1 \le C\|x\|_2$ и $\|x\|_2 \le C'\|x\|_1$ следует эквивалентность норм.

***

### Теорема о замкнутом графике

#### Мотивация

Проверка непрерывности оператора по определению (через поиск константы $M$ такой, что $\|Ax\| \le M\|x\|$) может быть сложной. Теорема о замкнутом графике предоставляет альтернативный, часто более удобный, критерий непрерывности для операторов, определённых на всём банаховом пространстве.

#### Определения

*   **График оператора** $A: D(A) \subset X \to Y$ — это подмножество в декартовом произведении $X \times Y$, определяемое как $G(A) = \{(x, Ax) \mid x \in D(A)\}$.
*   **Замкнутый оператор** — это линейный оператор $A$, график которого $G(A)$ является замкнутым множеством в $X \times Y$. Это означает, что если последовательность $\{x_n\} \subset D(A)$ сходится к $x \in X$, а последовательность $\{Ax_n\}$ сходится к $y \in Y$, то $x \in D(A)$ и $y = Ax$.

#### Ключевое утверждение

**Теорема о замкнутом графике.** Пусть $X$ и $Y$ — банаховы пространства, а $A: X \to Y$ — линейный оператор, определённый на всём пространстве $X$ (т.е. $D(A) = X$). Оператор $A$ непрерывен тогда и только тогда, когда он замкнут.

#### Пример

**Задача:** Пусть $g: [0, 1] \to \mathbb{R}$ — непрерывная функция. Рассмотрим оператор умножения $A: C[0, 1] \to C[0, 1]$, заданный как $(Af)(t) = g(t)f(t)$. Доказать, что $A$ непрерывен, используя теорему о замкнутом графике.

**Разбор:**
1.  Пространство $C[0, 1]$ с нормой $\|f\|_\infty = \sup_{t \in [0, 1]} |f(t)|$ является банаховым. Оператор $A$ определён на всём $C[0, 1]$.
2.  Чтобы доказать непрерывность $A$, достаточно показать, что его график замкнут.
3.  Пусть $(f_n, Af_n)$ — последовательность в графике $G(A)$, сходящаяся к $(f, h)$ в пространстве $C[0, 1] \times C[0, 1]$. Это означает:
    *   $f_n \to f$ равномерно на $[0, 1]$.
    *   $Af_n \to h$ равномерно на $[0, 1]$.
4.  По определению оператора, $Af_n(t) = g(t)f_n(t)$.
5.  Поскольку сходимость равномерная, мы можем перейти к поточечному пределу:
    $$ \lim_{n \to \infty} g(t)f_n(t) = g(t) \left(\lim_{n \to \infty} f_n(t)\right) = g(t)f(t). $$
6.  С другой стороны, $\lim_{n \to \infty} (Af_n)(t) = h(t)$.
7.  Следовательно, $h(t) = g(t)f(t) = (Af)(t)$ для всех $t \in [0, 1]$. Это означает, что предельная точка $(f, h)$ принадлежит графику $G(A)$.
8.  График $G(A)$ замкнут. Так как $A$ определён на всём банаховом пространстве $C[0, 1]$, по теореме о замкнутом графике оператор $A$ непрерывен.

***

### Задачи для самопроверки

1.  Используя следствия из теоремы Хана–Банаха, докажите, что для любого $x \in X$ норма вычисляется по формуле $\|x\| = \sup_{\|f\|=1, f \in X^*} |f(x)|$.

2.  Докажите, что оператор проекции $P: X \times Y \to X$, заданный как $P(x, y) = x$, является открытым отображением, если $X$ и $Y$ — банаховы пространства.

3.  Рассмотрим оператор дифференцирования $D: C^1[0,1] \to C[0,1]$, где $Df = f'$. Является ли этот оператор замкнутым? (Пространства рассматриваются с sup-нормой).

4.  Пусть $A: X \to Y$ — линейный оператор между банаховыми пространствами. Докажите, что если существует последовательность непрерывных линейных операторов $A_n: X \to Y$ такая, что для любого $x \in X$ предел $\lim_{n \to \infty} A_n x$ существует и равен $Ax$, то оператор $A$ является непрерывным. (Указание: примените теорему о замкнутом графике или теорему Банаха–Штейнгауза).",True,
Прикладная математика,1,"Математическое моделирование, масштабирование и безразмерные параметры","Сделай компактный конспект по теме «Математическое моделирование, масштабирование и безразмерные параметры» (раздел «Прикладная математика»).

Что нужно:
- краткая мотивация и точные определения;
- ключевые утверждения/теоремы с условиями применимости (без подробных доказательств);
- 2–3 типовых примера с разбором;
- 3–5 задач для самопроверки (без решений);
Формат: Markdown с заголовками H2/H3, формулы в LaTeX ($...$). Стиль нейтральный, без дидактики. 500–900 слов.","## Математическое моделирование

### Определение и цели

**Математическая модель** — это система математических соотношений (уравнений, неравенств, функций), описывающая свойства и поведение реального объекта или процесса. Моделирование является абстракцией, которая упрощает реальность, выделяя наиболее существенные факторы и связи.

**Основные цели:**
*   **Анализ и понимание:** Выявление ключевых параметров, влияющих на систему.
*   **Прогнозирование:** Предсказание поведения системы в различных условиях.
*   **Оптимизация:** Нахождение наилучших параметров системы для достижения заданной цели.
*   **Управление:** Разработка алгоритмов для управления поведением объекта.

Процесс моделирования включает постановку задачи, построение модели, ее исследование (аналитическое или численное) и, наконец, интерпретацию и верификацию результатов путем сравнения с экспериментальными данными.

## Анализ размерностей и масштабирование

### Основные понятия

**Размерность** — это качественная характеристика физической величины, отражающая ее связь с основными физическими величинами (длина $L$, масса $M$, время $T$, температура $\Theta$ и т.д.). Например, размерность скорости — $L/T$, а силы — $ML/T^2$.

**Масштабирование (обезразмеривание)** — это процесс преобразования уравнений, содержащих размерные переменные, к виду, в котором все переменные и параметры являются безразмерными.

Процесс обезразмеривания включает следующие шаги:
1.  Выбор **характерных масштабов** для каждой независимой переменной (например, характерная длина $L_0$, характерная скорость $U_0$). Эти масштабы выбираются из параметров задачи.
2.  Введение новых безразмерных переменных. Если $x$ — размерная координата, а $L_0$ — характерная длина, то безразмерная координата $x^*$ определяется как $x^* = x / L_0$.
3.  Подстановка новых переменных в исходные уравнения модели.
4.  Группировка параметров в безразмерные комбинации.

**Преимущества обезразмеривания:**
*   Уменьшение числа параметров, описывающих задачу.
*   Выявление универсальных зависимостей.
*   Определение доминирующих физических эффектов в системе.

## Теорема Пи (Buckingham π-theorem)

### Формулировка

Если физический закон выражается через функциональную зависимость $f(q_1, q_2, \dots, q_n) = 0$, где $n$ — число физических переменных, а их размерности выражаются через $k$ независимых основных единиц (например, $M, L, T$), то этот закон может быть представлен в виде соотношения между $p = n - k$ безразмерными параметрами ($\Pi_1, \Pi_2, \dots, \Pi_p$):

$$ \Phi(\Pi_1, \Pi_2, \dots, \Pi_p) = 0 $$

или, если разрешимо относительно одного из параметров:

$$ \Pi_1 = \Psi(\Pi_2, \dots, \Pi_p) $$

Каждый параметр $\Pi_i$ является безразмерной комбинацией исходных переменных $q_j$. Теорема позволяет определить количество таких параметров и их структуру, но не определяет вид функции $\Phi$ или $\Psi$. Эта функция находится из эксперимента или более глубокой теории.

## Примеры

### Пример 1: Период математического маятника

Пусть период колебаний $T$ математического маятника зависит от его длины $l$, массы груза $m$ и ускорения свободного падения $g$.

1.  **Переменные ($n=4$):** $T, l, m, g$.
2.  **Основные размерности ($k=3$):** Время ($T$), Длина ($L$), Масса ($M$).
    *   $[T] = T$
    *   $[l] = L$
    *   $[m] = M$
    *   $[g] = L T^{-2}$
3.  **Число безразмерных параметров:** $p = n - k = 4 - 3 = 1$.
4.  **Построение $\Pi$-группы:**
    Ищем комбинацию $\Pi_1 = T^a l^b m^c g^d$ такую, чтобы она была безразмерной:
    $$ [\Pi_1] = (T)^a (L)^b (M)^c (L T^{-2})^d = M^c L^{b+d} T^{a-2d} = M^0 L^0 T^0 $$
    Получаем систему уравнений для степеней:
    *   $c = 0$
    *   $b+d = 0 \implies b = -d$
    *   $a-2d = 0 \implies a = 2d$
    Выберем $d=1/2$, тогда $a=1, b=-1/2$. Получаем:
    $$ \Pi_1 = T^1 l^{-1/2} g^{1/2} = T \sqrt{\frac{g}{l}} $$
5.  **Результат:** Так как параметр всего один, он должен быть константой: $\Phi(\Pi_1) = 0 \implies \Pi_1 = C$.
    $$ T \sqrt{\frac{g}{l}} = C \implies T = C \sqrt{\frac{l}{g}} $$
    Анализ размерностей показал, что период не зависит от массы, а его зависимость от $l$ и $g$ имеет определенный вид. Константа $C=2\pi$ находится из решения дифференциального уравнения.

### Пример 2: Сила сопротивления при обтекании тела

Рассмотрим силу лобового сопротивления $F_D$, действующую на шар диаметром $D$, который обтекается потоком жидкости со скоростью $U$. Сила зависит от $D$, $U$, плотности жидкости $\rho$ и ее динамической вязкости $\mu$.

1.  **Переменные ($n=5$):** $F_D, D, U, \rho, \mu$.
2.  **Основные размерности ($k=3$):** $M, L, T$.
    *   $[F_D] = M L T^{-2}$
    *   $[D] = L$
    *   $[U] = L T^{-1}$
    *   $[\rho] = M L^{-3}$
    *   $[\mu] = M L^{-1} T^{-1}$
3.  **Число безразмерных параметров:** $p = n - k = 5 - 3 = 2$.
4.  **Построение $\Pi$-групп:** Выберем повторяющиеся переменные, через которые выразим остальные: $\rho, U, D$.
    *   **$\Pi_1$ (для силы $F_D$):** $\Pi_1 = F_D \rho^a U^b D^c$.
        $$ [\Pi_1] = (M L T^{-2}) (M L^{-3})^a (L T^{-1})^b (L)^c = M^{1+a} L^{1-3a+b+c} T^{-2-b} = M^0 L^0 T^0 $$
        Система: $1+a=0 \implies a=-1$; $-2-b=0 \implies b=-2$; $1-3a+b+c=0 \implies 1+3-2+c=0 \implies c=-2$.
        $$ \Pi_1 = \frac{F_D}{\rho U^2 D^2} $$
        Это выражение пропорционально **коэффициенту сопротивления $C_D$**.
    *   **$\Pi_2$ (для вязкости $\mu$):** $\Pi_2 = \mu \rho^a U^b D^c$.
        $$ [\Pi_2] = (M L^{-1} T^{-1}) (M L^{-3})^a (L T^{-1})^b (L)^c = M^{1+a} L^{-1-3a+b+c} T^{-1-b} = M^0 L^0 T^0 $$
        Система: $1+a=0 \implies a=-1$; $-1-b=0 \implies b=-1$; $-1-3a+b+c=0 \implies -1+3-1+c=0 \implies c=-1$.
        $$ \Pi_2 = \frac{\mu}{\rho U D} $$
        Это величина, обратная **числу Рейнольдса $Re = \rho U D / \mu$**.
5.  **Результат:** $\Phi(\Pi_1, 1/\Pi_2) = 0$, или:
    $$ \frac{F_D}{\rho U^2 D^2} = \Psi\left(\frac{\rho U D}{\mu}\right) \implies C_D = \Psi(Re) $$
    Таким образом, сложная зависимость от пяти переменных свелась к зависимости одной безразмерной величины от другой.

## Задачи для самопроверки

1.  Период колебаний $T$ пружинного маятника зависит от массы груза $m$ и жесткости пружины $k$ (размерность $M T^{-2}$). Используя анализ размерностей, найдите вид зависимости $T(m, k)$.
2.  Мощность $P$, вырабатываемая ветряной турбиной, зависит от диаметра ротора $D$, скорости ветра $v$ и плотности воздуха $\rho$. Найдите безразмерное выражение для мощности (коэффициент мощности) и безразмерный параметр, от которого он может зависеть.
3.  Скорость распространения $c$ капиллярно-гравитационных волн на поверхности жидкости зависит от длины волны $\lambda$, плотности жидкости $\rho$, ускорения свободного падения $g$ и коэффициента поверхностного натяжения $\sigma$ (размерность $M T^{-2}$). Определите безразмерные параметры, управляющие этим процессом.
4.  Падение давления $\Delta P$ на участке трубы длиной $L$ зависит от диаметра трубы $D$, средней скорости потока $v$, плотности $\rho$ и вязкости $\mu$ жидкости. Найдите связь между безразмерным падением давления и другими безразмерными параметрами.",True,
Прикладная математика,3,"Теория управления: модели состояния, устойчивость по Ляпунову, обратные связи","Сделай компактный конспект по теме «Теория управления: модели состояния, устойчивость по Ляпунову, обратные связи» (раздел «Прикладная математика»).

Что нужно:
- краткая мотивация и точные определения;
- ключевые утверждения/теоремы с условиями применимости (без подробных доказательств);
- 2–3 типовых примера с разбором;
- 3–5 задач для самопроверки (без решений);
Формат: Markdown с заголовками H2/H3, формулы в LaTeX ($...$). Стиль нейтральный, без дидактики. 500–900 слов.","Конечно. Вот конспект по указанной теме в запрашиваемом формате.

---

## Теория управления: Базовые концепции

### Мотивация
Классические методы теории управления, основанные на передаточных функциях, описывают систему как ""черный ящик"", связывая один вход и один выход. Метод пространства состояний позволяет описывать внутреннюю динамику системы с помощью набора дифференциальных уравнений первого порядка. Этот подход более универсален, так как он применим к системам с множественными входами и выходами (MIMO), нестационарным и нелинейным системам.

## Модели в пространстве состояний

### Определения
Модель динамической системы в пространстве состояний описывает ее поведение через вектор состояний $x(t) \in \mathbb{R}^n$. Для **линейной стационарной системы (LTI)** она имеет вид:

1.  **Уравнение состояния:** $\dot{x}(t) = Ax(t) + Bu(t)$
2.  **Уравнение выхода:** $y(t) = Cx(t) + Du(t)$

где:
- $x(t)$ — вектор состояния ($n \times 1$). Его компоненты $x_1(t), ..., x_n(t)$ называются переменными состояния.
- $u(t)$ — вектор управляющих входов ($m \times 1$).
- $y(t)$ — вектор выходов ($p \times 1$).
- $A$ — матрица системы ($n \times n$). Определяет собственную динамику системы (без входов).
- $B$ — матрица управления ($n \times m$). Определяет, как входы влияют на состояние.
- $C$ — матрица выхода ($p \times n$). Определяет, как состояние преобразуется в выход.
- $D$ — матрица прямой связи ($p \times m$). Определяет прямое влияние входа на выход. Часто $D=0$.

### Пример: Система «масса-пружина-демпфер»
Рассмотрим механическую систему, описываемую уравнением:
$m\ddot{q}(t) + c\dot{q}(t) + kq(t) = F(t)$

где $q$ — смещение массы, $F(t)$ — внешняя сила.

1.  **Выбор переменных состояния.** Естественный выбор — положение и скорость:
    - $x_1(t) = q(t)$
    - $x_2(t) = \dot{q}(t)$
2.  **Составление уравнений состояния.**
    - $\dot{x}_1 = \dot{q} = x_2$
    - $\dot{x}_2 = \ddot{q} = \frac{1}{m}(F(t) - c\dot{q} - kq) = -\frac{k}{m}x_1 - \frac{c}{m}x_2 + \frac{1}{m}F(t)$
3.  **Матричная форма.** Пусть вход $u(t) = F(t)$, а выход — положение массы $y(t) = q(t)$. Тогда:
    $\dot{x} = \begin{pmatrix} \dot{x}_1 \\ \dot{x}_2 \end{pmatrix} = \underbrace{\begin{pmatrix} 0 & 1 \\ -k/m & -c/m \end{pmatrix}}_{A} \begin{pmatrix} x_1 \\ x_2 \end{pmatrix} + \underbrace{\begin{pmatrix} 0 \\ 1/m \end{pmatrix}}_{B} u(t)$
    $y = \underbrace{\begin{pmatrix} 1 & 0 \end{pmatrix}}_{C} \begin{pmatrix} x_1 \\ x_2 \end{pmatrix} + \underbrace{\begin{pmatrix} 0 \end{pmatrix}}_{D} u(t)$

## Устойчивость по Ляпунову

### Определения
Анализ устойчивости отвечает на вопрос: вернется ли система в состояние равновесия после малого возмущения? Рассматривается автономная система $\dot{x} = f(x)$ с положением равновесия $x_e$ (где $f(x_e) = 0$). Для LTI систем $\dot{x}=Ax$ положение равновесия — это $x_e = 0$.

- **Устойчивость по Ляпунову.** Положение равновесия $x_e=0$ устойчиво, если для любого $\epsilon > 0$ существует $\delta > 0$ такое, что если $\|x(0)\| < \delta$, то $\|x(t)\| < \epsilon$ для всех $t \geq 0$. (Траектории, начавшиеся достаточно близко, остаются близко).

- **Асимптотическая устойчивость.** Положение равновесия $x_e=0$ асимптотически устойчиво, если оно устойчиво по Ляпунову и существует $\delta > 0$ такое, что если $\|x(0)\| < \delta$, то $x(t) \to 0$ при $t \to \infty$. (Траектории не только остаются близко, но и сходятся к равновесию).

### Ключевые утверждения (Прямой метод Ляпунова)
Метод позволяет судить об устойчивости, не решая дифференциальное уравнение, а анализируя скалярную ""энергоподобную"" функцию $V(x)$.

**Теорема (для LTI системы $\dot{x}=Ax$):**
Система $\dot{x} = Ax$ асимптотически устойчива тогда и только тогда, когда для любой симметричной положительно определённой матрицы $Q$ (например, $Q=I$) уравнение Ляпунова:
$A^T P + PA = -Q$
имеет единственное решение $P$, которое также является симметричной положительно определённой матрицей.

*   Функция Ляпунова в этом случае имеет вид $V(x) = x^T P x$.
*   Её производная по времени: $\dot{V}(x) = \dot{x}^T P x + x^T P \dot{x} = (Ax)^T P x + x^T P (Ax) = x^T(A^T P + PA)x = -x^T Q x$.
*   Если $P>0$ и $Q>0$, то $V(x)>0$ и $\dot{V}(x)<0$ для всех $x \neq 0$, что доказывает асимптотическую устойчивость.

### Пример: Проверка устойчивости
Проверить на асимптотическую устойчивость систему с матрицей $A = \begin{pmatrix} -1 & -1 \\ 2 & -4 \end{pmatrix}$.

1.  **Выберем $Q=I$.** $I = \begin{pmatrix} 1 & 0 \\ 0 & 1 \end{pmatrix}$.
2.  **Решим уравнение Ляпунова $A^T P + PA = -I$.** Пусть $P = \begin{pmatrix} p_{11} & p_{12} \\ p_{12} & p_{22} \end{pmatrix}$.
    $\begin{pmatrix} -1 & 2 \\ -1 & -4 \end{pmatrix}\begin{pmatrix} p_{11} & p_{12} \\ p_{12} & p_{22} \end{pmatrix} + \begin{pmatrix} p_{11} & p_{12} \\ p_{12} & p_{22} \end{pmatrix}\begin{pmatrix} -1 & -1 \\ 2 & -4 \end{pmatrix} = \begin{pmatrix} -1 & 0 \\ 0 & -1 \end{pmatrix}$
    Выполнение умножения и приравнивание элементов матриц дает систему линейных уравнений:
    - $-2p_{11} + 4p_{12} = -1$
    - $-p_{11} - 5p_{12} + 2p_{22} = 0$
    - $-2p_{12} - 8p_{22} = -1$
    Решение этой системы: $p_{11} = 23/60$, $p_{12} = 7/60$, $p_{22} = 13/120$.
3.  **Проверим $P$ на положительную определённость** (критерий Сильвестра).
    - $p_{11} = 23/60 > 0$.
    - $\det(P) = p_{11}p_{22} - p_{12}^2 = (23/60)(13/120) - (7/60)^2 > 0$.
    Так как $P$ — положительно определённая матрица, система асимптотически устойчива.

## Управление с обратной связью

### Определения
Обратная связь по состоянию используется для изменения динамики системы (например, для стабилизации). Управление формируется как линейная функция от вектора состояния:
$u(t) = -Kx(t)$
где $K$ — матрица коэффициентов обратной связи ($m \times n$).

Подстановка в уравнение состояния дает **замкнутую систему**:
$\dot{x} = Ax + B(-Kx) = (A-BK)x$
Новая матрица замкнутой системы $A_{cl} = A-BK$. Устойчивость теперь определяется собственными числами матрицы $A_{cl}$.

### Ключевое утверждение: Размещение полюсов
Если пара $(A, B)$ является **управляемой**, то с помощью выбора матрицы $K$ можно расположить собственные числа (полюсы) матрицы $A_{cl}$ в любом желаемом месте комплексной плоскости (с условием комплексной сопряженности для парных полюсов).

**Критерий управляемости:** Система управляема, если ранг матрицы управляемости $\mathcal{C}$ равен $n$:
$\text{rank}(\mathcal{C}) = \text{rank}([B, AB, A^2B, \dots, A^{n-1}B]) = n$

### Пример: Стабилизация обратной связью
Рассмотрим неустойчивую систему (перевернутый маятник):
$\dot{x} = \begin{pmatrix} 0 & 1 \\ 1 & 0 \end{pmatrix}x + \begin{pmatrix} 0 \\ 1 \end{pmatrix}u$. Собственные числа $A$: $\lambda = \pm 1$.

1.  **Проверка управляемости.** $n=2$.
    $B = \begin{pmatrix} 0 \\ 1 \end{pmatrix}$, $AB = \begin{pmatrix} 0 & 1 \\ 1 & 0 \end{pmatrix}\begin{pmatrix} 0 \\ 1 \end{pmatrix} = \begin{pmatrix} 1 \\ 0 \end{pmatrix}$.
    $\mathcal{C} = [B, AB] = \begin{pmatrix} 0 & 1 \\ 1 & 0 \end{pmatrix}$. $\text{rank}(\mathcal{C})=2=n$. Система управляема.
2.  **Формирование замкнутой системы.** Пусть $K = [k_1, k_2]$.
    $A_{cl} = A - BK = \begin{pmatrix} 0 & 1 \\ 1 & 0 \end{pmatrix} - \begin{pmatrix} 0 \\ 1 \end{pmatrix}[k_1, k_2] = \begin{pmatrix} 0 & 1 \\ 1-k_1 & -k_2 \end{pmatrix}$
3.  **Размещение полюсов.** Желаем, чтобы полюсы замкнутой системы были в устойчивой области, например $\lambda_1 = -2, \lambda_2 = -3$.
    Желаемый характеристический полином:
    $(\lambda - (-2))(\lambda - (-3)) = (\lambda+2)(\lambda+3) = \lambda^2 + 5\lambda + 6 = 0$.
    Характеристический полином матрицы $A_{cl}$:
    $\det(\lambda I - A_{cl}) = \lambda(\lambda+k_2) - (1-k_1) = \lambda^2 + k_2\lambda + (k_1-1) = 0$.
4.  **Приравнивание коэффициентов.**
    - $\lambda^1: k_2 = 5$
    - $\lambda^0: k_1 - 1 = 6 \implies k_1 = 7$
    Матрица обратной связи $K = [7, 5]$ размещает полюсы в точках -2 и -3, делая систему асимптотически устойчивой.

---
## Задачи для самопроверки

1.  Преобразуйте дифференциальное уравнение $\ddot{y} + 3\dot{y} + 2y = u(t)$ в модель в пространстве состояний $(A, B, C, D)$, считая выходом $y(t)$.
2.  Проверьте систему $\dot{x} = \begin{pmatrix} 0 & 1 \\ -5 & -2 \end{pmatrix}x$ на асимптотическую устойчивость с помощью уравнения Ляпунова, взяв $Q = \begin{pmatrix} 1 & 0 \\ 0 & 1 \end{pmatrix}$.
3.  Для системы с матрицами $A = \begin{pmatrix} 0 & 1 \\ -1 & 0 \end{pmatrix}$ и $B = \begin{pmatrix} 0 \\ 1 \end{pmatrix}$ найдите матрицу обратной связи $K$ такую, чтобы полюсы замкнутой системы находились в точках $\lambda_1 = -1$ и $\lambda_2 = -1$.
4.  Проверьте на управляемость систему, заданную матрицами $A=\begin{pmatrix} 1 & 1 \\ 0 & 1 \end{pmatrix}$ и $B=\begin{pmatrix} 0 \\ 1 \end{pmatrix}$.",True,
Функциональный анализ,4,"Слабая/слаб-* сходимость, теорема Банаха–Алаоглу","Сделай компактный конспект по теме «Слабая/слаб-* сходимость, теорема Банаха–Алаоглу» (раздел «Функциональный анализ»).

Что нужно:
- краткая мотивация и точные определения;
- ключевые утверждения/теоремы с условиями применимости (без подробных доказательств);
- 2–3 типовых примера с разбором;
- 3–5 задач для самопроверки (без решений);
Формат: Markdown с заголовками H2/H3, формулы в LaTeX ($...$). Стиль нейтральный, без дидактики. 500–900 слов.","Конечно, вот конспект по теме слабой и слабой-* сходимости.

### Слабая и слабая-* сходимость. Теорема Банаха–Алаоглу

## Мотивация

В бесконечномерных пространствах сильная (по норме) сходимость является очень строгим условием. Например, в гильбертовом пространстве $l_2$ замкнутый единичный шар не является компактом. Это означает, что из ограниченной последовательности (например, из ортонормированного базиса $\{e_n\}$) не всегда можно выделить сильно сходящуюся подпоследовательность.

Слабая сходимость — это ослабленное понятие сходимости, которое позволяет восстановить свойство компактности для ограниченных множеств в некоторых важных случаях. Введение более грубой (слабой) топологии делает большее число множеств компактными. Это имеет фундаментальное значение в вариационном исчислении и теории дифференциальных уравнений в частных производных, где часто доказывается существование решения как слабого предела некоторой минимизирующей последовательности.

## Определения

### Слабая сходимость
Пусть $X$ — нормированное пространство, $X^*$ — его сопряженное пространство (пространство всех непрерывных линейных функционалов на $X$).

Последовательность $\{x_n\}_{n=1}^\infty \subset X$ **слабо сходится** к элементу $x \in X$, если для любого функционала $f \in X^*$ выполняется:
$$ \lim_{n \to \infty} f(x_n) = f(x) $$
Обозначение: $x_n \rightharpoonup x$.

Иными словами, последовательность сходится слабо, если она сходится поточечно на всех элементах сопряженного пространства.

### Слабая-* сходимость (weak-star, слабая со звездочкой)
Пусть $X$ — нормированное пространство, и рассмотрим его сопряженное пространство $X^*$.

Последовательность функционалов $\{f_n\}_{n=1}^\infty \subset X^*$ **слабо-* сходится** к функционалу $f \in X^*$, если для любого элемента $x \in X$ выполняется:
$$ \lim_{n \to \infty} f_n(x) = f(x) $$
Обозначение: $f_n \rightharpoonup^* f$.

**Ключевое различие:** Слабая сходимость в $X^*$ требует сходимости $g(f_n) \to g(f)$ для всех $g \in X^{**}$ (второе сопряженное). Слабая-* сходимость требует этого только для тех $g \in X^{**}$, которые являются образами элементов из $X$ при каноническом вложении $J: X \to X^{**}$.

## Ключевые утверждения

1.  **Свойства слабой сходимости:**
    *   Сильная сходимость влечет слабую: если $\|x_n - x\| \to 0$, то $x_n \rightharpoonup x$. Обратное, в общем случае, неверно.
    *   Слабый предел единствен.
    *   Если последовательность $\{x_n\}$ сходится слабо, то она ограничена по норме, т.е. $\sup_n \|x_n\| < \infty$.
    *   Норма слабого предела не превосходит нижнего предела норм последовательности: $\|x\| \le \liminf_{n \to \infty} \|x_n\|$.

2.  **Связь слабой и слабой-*** сходимости:
    *   Из слабой сходимости функционалов $\{f_n\} \subset X^*$ следует их слабая-* сходимость.
    *   Если пространство $X$ рефлексивно (т.е. каноническое вложение $J: X \to X^{**}$ является сюръективным изоморфизмом), то понятия слабой и слабой-* сходимости в $X^*$ совпадают.

3.  **Теорема Банаха–Алаоглу:**
    *   **Формулировка:** Пусть $X$ — нормированное пространство. Замкнутый единичный шар в сопряженном пространстве $B^* = \{f \in X^* : \|f\| \le 1\}$ является компактом в слабой-* топологии.
    *   **Следствие:** Любая ограниченная по норме последовательность в $X^*$ содержит слабо-* сходящуюся подпоследовательность.

4.  **Слабая компактность в рефлексивных пространствах:**
    *   **Теорема:** Если $X$ — рефлексивное банахово пространство, то его замкнутый единичный шар $B = \{x \in X : \|x\| \le 1\}$ является слабо компактным.
    *   **Следствие:** Любая ограниченная последовательность в рефлексивном пространстве содержит слабо сходящуюся подпоследовательность. Это утверждение неверно для нерефлексивных пространств (например, для $c_0$ или $L_1$).

## Примеры

### Пример 1: Стандартный базис в $l_2$
Рассмотрим гильбертово пространство $l_2$ и последовательность $e_n = (0, \dots, 0, 1, 0, \dots)$, где 1 стоит на $n$-й позиции.
*   **Нет сильной сходимости:** Для $n \neq m$, $\|e_n - e_m\|_{l_2} = \sqrt{1^2 + (-1)^2} = \sqrt{2}$. Последовательность не является фундаментальной и, следовательно, не сходится сильно.
*   **Слабая сходимость к нулю:** Пространство $(l_2)^*$ изоморфно $l_2$. Любой функционал $f \in (l_2)^*$ представляется в виде $f(x) = \langle x, a \rangle = \sum_{k=1}^\infty x_k a_k$ для некоторого $a = (a_k) \in l_2$.
    Применим его к $e_n$:
    $$ f(e_n) = \langle e_n, a \rangle = a_n $$
    Поскольку $a \in l_2$, ряд $\sum_{k=1}^\infty |a_k|^2$ сходится, а это означает, что $a_n \to 0$ при $n \to \infty$.
    Таким образом, для любого $f \in (l_2)^*$ имеем $f(e_n) \to 0 = f(0)$.
    **Вывод:** $e_n \rightharpoonup 0$.

### Пример 2: Осциллирующая последовательность в $L_2[0, 2\pi]$
Рассмотрим последовательность функций $x_n(t) = \sin(nt)$ в пространстве $L_2[0, 2\pi]$.
*   **Нет сильной сходимости:** Норма $\|x_n\|_{L_2}^2 = \int_0^{2\pi} \sin^2(nt) dt = \pi$. Последовательность не сходится к нулю по норме.
*   **Слабая сходимость к нулю:** Пространство $(L_2[0, 2\pi])^*$ изоморфно $L_2[0, 2\pi]$. Любой функционал $f$ имеет вид $f(x) = \int_0^{2\pi} x(t)g(t) dt$ для некоторой $g \in L_2[0, 2\pi]$.
    $$ f(x_n) = \int_0^{2\pi} \sin(nt) g(t) dt $$
    Это выражение является коэффициентом Фурье функции $g(t)$ (с точностью до множителя). Согласно лемме Римана–Лебега, коэффициенты Фурье любой функции из $L_1$ (а значит, и из $L_2$) стремятся к нулю.
    $$ \lim_{n \to \infty} \int_0^{2\pi} g(t) \sin(nt) dt = 0 = f(0) $$
    **Вывод:** $\sin(nt) \rightharpoonup 0$ в $L_2[0, 2\pi]$.

## Задачи для самопроверки

1.  Исследовать на сильную и слабую сходимость последовательность $x_n(t) = t^n$ в пространстве $C[0,1]$.
2.  Пусть в гильбертовом пространстве $H$ последовательность $\{x_n\}$ такова, что $x_n \rightharpoonup x$ и $\|x_n\| \to \|x\|$. Доказать, что тогда $x_n \to x$ сильно (т.е. по норме).
3.  Пространство $c_0$ (последовательности, сходящиеся к нулю, с sup-нормой) не является рефлексивным. Привести пример ограниченной последовательности в $c_0$, которая не содержит ни одной слабо сходящейся подпоследовательности.
4.  Рассмотрим пространство $X = L^1[0,1]$. Его сопряженное $X^* = L^\infty[0,1]$. Пусть $f_n(t) = \sin(nt) \in L^\infty[0,1]$. Имеет ли последовательность $\{f_n\}$ слабо-* сходящуюся подпоследовательность? Если да, найти ее предел.",True,
Прикладная математика,2,Марковские цепи и теории очередей,"Сделай компактный конспект по теме «Марковские цепи и теории очередей» (раздел «Прикладная математика»).

Что нужно:
- краткая мотивация и точные определения;
- ключевые утверждения/теоремы с условиями применимости (без подробных доказательств);
- 2–3 типовых примера с разбором;
- 3–5 задач для самопроверки (без решений);
Формат: Markdown с заголовками H2/H3, формулы в LaTeX ($...$). Стиль нейтральный, без дидактики. 500–900 слов.","## Марковские цепи и теория очередей

### Мотивация

Марковские цепи и теория очередей являются разделами теории случайных процессов, которые позволяют моделировать и анализировать системы, изменяющие свое состояние во времени. Ключевая идея — **отсутствие памяти** у процесса (марковское свойство), что значительно упрощает анализ.

*   **Марковские цепи** используются для моделирования систем с дискретными состояниями, где переходы между состояниями вероятностны. Примеры: моделирование погоды, блуждание частиц, анализ надежности оборудования, ранжирование веб-страниц (PageRank).
*   **Теория очередей (теория массового обслуживания)** применяет эти подходы для анализа систем, где формируются очереди. Примеры: колл-центры, кассы в супермаркетах, сетевые маршрутизаторы, транспортные потоки. Цель — найти баланс между стоимостью обслуживания и временем ожидания.

---

## 1. Марковские цепи с дискретным временем (МЦДВ)

### Определения

*   **Марковская цепь** — это последовательность случайных величин $\{X_0, X_1, X_2, ...\}$, принимающих значения из множества состояний $S = \{s_1, s_2, ...\}$.
*   **Свойство Маркова (отсутствие памяти)**: вероятность перехода в следующее состояние зависит только от текущего состояния, но не от предыдущих.
    $P(X_{n+1} = j | X_n = i, X_{n-1} = i_{n-1}, ..., X_0 = i_0) = P(X_{n+1} = j | X_n = i)$
*   **Однородная цепь**: вероятности перехода не зависят от шага $n$.
*   **Матрица переходных вероятностей** $P$: квадратная матрица, где элемент $p_{ij}$ — это вероятность перехода из состояния $i$ в состояние $j$ за один шаг.
    $p_{ij} = P(X_{n+1} = j | X_n = i)$.
    Для каждой строки матрицы сумма элементов равна 1: $\sum_{j \in S} p_{ij} = 1$.
*   **Стационарное распределение** $\pi$: вектор-строка вероятностей $\pi = (\pi_1, \pi_2, ...)$, для которого выполняется условие $\pi P = \pi$, при этом $\sum_{i \in S} \pi_i = 1$. Компоненты $\pi_i$ представляют собой долгосрочную долю времени, которую система проводит в состоянии $i$.

### Ключевые утверждения

*   **Уравнение Чепмена-Колмогорова**: Вероятность перехода из $i$ в $j$ за $n$ шагов, $p_{ij}^{(n)}$, является элементом матрицы $P^n$ (матрица $P$, возведенная в степень $n$).
*   **Эргодическая теорема**: для конечной цепи Маркова, которая является **неприводимой** (из любого состояния можно попасть в любое другое) и **апериодичной** (нет строгой цикличности в переходах), существует единственное стационарное распределение $\pi$. При $n \to \infty$ вероятность нахождения системы в состоянии $j$ стремится к $\pi_j$ независимо от начального состояния:
    $\lim_{n \to \infty} p_{ij}^{(n)} = \pi_j$

### Пример 1: Модель погоды

Рассмотрим упрощенную модель погоды с двумя состояниями: $S_1$ — Солнечно, $S_2$ — Облачно.
Матрица переходных вероятностей:
$P = \begin{pmatrix} 0.9 & 0.1 \\ 0.5 & 0.5 \end{pmatrix}$
Здесь $p_{11}=0.9$ — вероятность, что солнечный день сменится солнечным, а $p_{21}=0.5$ — вероятность, что облачный день сменится солнечным.

**Задача**: Найти стационарное распределение $(\pi_1, \pi_2)$.

**Решение**:
1.  Составляем систему уравнений $\pi P = \pi$:
    $\begin{cases} 0.9\pi_1 + 0.5\pi_2 = \pi_1 \\ 0.1\pi_1 + 0.5\pi_2 = \pi_2 \end{cases}$
2.  Добавляем условие нормировки:
    $\pi_1 + \pi_2 = 1$
3.  Из первого уравнения: $0.5\pi_2 = 0.1\pi_1 \implies \pi_1 = 5\pi_2$.
4.  Подставляем в условие нормировки: $5\pi_2 + \pi_2 = 1 \implies 6\pi_2 = 1 \implies \pi_2 = 1/6$.
5.  Находим $\pi_1 = 5/6$.

**Результат**: $\pi = (5/6, 1/6)$. В долгосрочной перспективе примерно 83.3% дней будут солнечными, а 16.7% — облачными.

---

## 2. Теория очередей

### Определения

Системы массового обслуживания (СМО) описываются в **нотации Кендалла**: A/B/c/k/N/D.
Основные компоненты:
*   **A**: закон распределения времени между поступлениями заявок.
*   **B**: закон распределения времени обслуживания.
*   **c**: количество каналов обслуживания (серверов).

Чаще всего используются обозначения: `M` (Markovian) — пуассоновский поток заявок или экспоненциальное время обслуживания; `D` — детерминированное время; `G` — общее (любое) распределение.

**Ключевые параметры**:
*   $\lambda$ — интенсивность потока заявок (среднее число заявок в единицу времени).
*   $\mu$ — интенсивность обслуживания (среднее число заявок, которое может обслужить один канал в единицу времени).
*   $\rho = \frac{\lambda}{c \mu}$ — коэффициент загрузки системы. Для стабильной работы системы (чтобы очередь не росла бесконечно) необходимо выполнение условия $\rho < 1$.

### Ключевые утверждения: Формулы для системы M/M/1

Это простейшая модель: пуассоновский поток заявок, экспоненциальное время обслуживания, один канал. Условие стабильности: $\rho = \lambda/\mu < 1$.

*   Среднее число заявок в системе (в очереди + на обслуживании): $L_s = \frac{\rho}{1-\rho} = \frac{\lambda}{\mu-\lambda}$.
*   Среднее число заявок в очереди: $L_q = \frac{\rho^2}{1-\rho} = \frac{\lambda^2}{\mu(\mu-\lambda)}$.
*   Среднее время пребывания заявки в системе: $W_s = \frac{1}{\mu-\lambda}$.
*   Среднее время ожидания в очереди: $W_q = \frac{\lambda}{\mu(\mu-\lambda)}$.
*   **Закон Литтла (Little's Law)**, связывающий среднее число заявок и среднее время: $L_s = \lambda W_s$ и $L_q = \lambda W_q$.

### Пример 2: Одноканальная СМО

На автомойку в среднем приезжает 10 машин в час ($\lambda=10$). Мойка способна обслуживать 15 машин в час ($\mu=15$). Потоки пуассоновские, время обслуживания экспоненциальное (система M/M/1).

**Задача**: Рассчитать основные характеристики системы.

**Решение**:
1.  Коэффициент загрузки: $\rho = \lambda / \mu = 10 / 15 = 2/3$. Так как $\rho < 1$, система стабильна.
2.  Среднее число машин в системе (на мойке и в очереди):
    $L_s = \frac{\rho}{1-\rho} = \frac{2/3}{1 - 2/3} = 2$ машины.
3.  Среднее число машин в очереди:
    $L_q = L_s - \rho = 2 - 2/3 = 4/3 \approx 1.33$ машины.
4.  Среднее время пребывания в системе (ожидание + мойка):
    $W_s = \frac{1}{\mu-\lambda} = \frac{1}{15-10} = \frac{1}{5}$ часа = 12 минут.
5.  Среднее время ожидания в очереди:
    $W_q = W_s - \frac{1}{\mu} = \frac{1}{5} - \frac{1}{15} = \frac{2}{15}$ часа = 8 минут.

---

## 3. Задачи для самопроверки

1.  **Задача по МЦ**. Устройство имеет три состояния: $S_1$ (исправно), $S_2$ (сбой), $S_3$ (отказ). Матрица переходов за один час:
    $P = \begin{pmatrix} 0.9 & 0.09 & 0.01 \\ 0.6 & 0.3 & 0.1 \\ 0 & 0 & 1 \end{pmatrix}$.
    Найдите стационарное распределение. Имеет ли оно смысл в данном случае (обратите внимание на состояние $S_3$)?

2.  **Задача по МЦ**. Дана цепь Маркова с двумя состояниями и матрицей переходов $P = \begin{pmatrix} 0 & 1 \\ 1 & 0 \end{pmatrix}$. Существует ли для нее стационарное распределение? Является ли она эргодической?

3.  **Задача по теории очередей**. В справку банка поступает в среднем 30 звонков в час ($\lambda=30$). Оператор в среднем обрабатывает один звонок за 1.5 минуты. Считая систему M/M/1, определите, справится ли один оператор с нагрузкой. Если да, рассчитайте среднюю длину очереди и среднее время ожидания ответа.

4.  **Задача по теории очередей**. Сетевой принтер получает в среднем 20 заданий на печать в час. Среднее время печати одного задания — 2 минуты. Какова минимальная производительность (в страницах/мин), которой должен обладать принтер, чтобы система оставалась стабильной, если среднее задание содержит 5 страниц?

5.  **Задача по теории очередей (M/M/c)**. Колл-центр с 3 операторами ($\text{c}=3$) получает 40 звонков в час. Каждый оператор тратит на обслуживание в среднем 3 минуты. Рассчитайте коэффициент загрузки системы $\rho$. Является ли система стабильной?",True,
Прикладная математика,5,"Финансовая математика: дисконтирование, Блэка–Шоулза, риск-нейтральные оценки","Сделай компактный конспект по теме «Финансовая математика: дисконтирование, Блэка–Шоулза, риск-нейтральные оценки» (раздел «Прикладная математика»).

Что нужно:
- краткая мотивация и точные определения;
- ключевые утверждения/теоремы с условиями применимости (без подробных доказательств);
- 2–3 типовых примера с разбором;
- 3–5 задач для самопроверки (без решений);
Формат: Markdown с заголовками H2/H3, формулы в LaTeX ($...$). Стиль нейтральный, без дидактики. 500–900 слов.","## Конспект: Финансовая математика (Дисконтирование, Блэка–Шоулза, Риск-нейтральные оценки)

### Введение и мотивация

Финансовая математика применяет математические методы для анализа финансовых рынков. Ключевая концепция — **временная стоимость денег**: одна и та же сумма денег сегодня ценнее, чем в будущем, из-за возможности ее инвестирования под процент. Это порождает необходимость в механизме **дисконтирования** для сравнения денежных потоков, разнесенных во времени.

Оценка сложных финансовых инструментов (деривативов), цена которых зависит от будущей стоимости базовых активов (например, акций), требует более сложных моделей. **Риск-нейтральная оценка** предоставляет теоретическую основу для такого ценообразования в условиях неопределенности, а модель **Блэка–Шоулза** является ее конкретной реализацией для оценки опционов.

### Дисконтирование

#### Основные определения

*   **Будущая стоимость (Future Value, $FV$)**: Стоимость актива или денежной суммы в будущем, рассчитанная на основе текущей стоимости и процентной ставки.
*   **Приведенная (текущая) стоимость (Present Value, $PV$)**: Сегодняшняя стоимость будущей денежной суммы, рассчитанная с учетом ставки дисконтирования.
*   **Ставка дисконтирования ($r$)**: Процентная ставка, используемая для пересчета будущих денежных потоков к их текущей стоимости. Часто в качестве нее используется безрисковая процентная ставка.

#### Ключевые формулы

1.  **Дискретное начисление процентов**: Проценты начисляются $n$ раз в год.
    $FV = PV \cdot (1 + \frac{r}{n})^{nt}$

2.  **Непрерывное начисление процентов**: Предельный случай, когда $n \to \infty$. Эта модель является стандартом в теоретических финансах.
    *   Расчет будущей стоимости: $FV = PV \cdot e^{rt}$
    *   Расчет приведенной стоимости (дисконтирование): $PV = FV \cdot e^{-rt}$
    Здесь $t$ — время в годах.

#### Пример 1: Расчет приведенной стоимости

**Задача**: Какова приведенная стоимость 100 000 руб., которые будут получены через 2 года, если безрисковая ставка составляет 7% годовых с непрерывным начислением?

**Решение**:
Используется формула дисконтирования при непрерывном начислении:
$PV = FV \cdot e^{-rt}$

*   $FV = 100\,000$ руб.
*   $r = 0.07$
*   $t = 2$ года

$PV = 100\,000 \cdot e^{-0.07 \cdot 2} = 100\,000 \cdot e^{-0.14} \approx 100\,000 \cdot 0.86936 \approx 86\,936$ руб.

### Риск-нейтральная оценка

#### Мотивация и определение

Ценообразование деривативов осложнено тем, что их будущая выплата случайна. Простое дисконтирование математического ожидания выплаты некорректно, так как не учитывает премию за риск.

**Риск-нейтральная оценка** — это метод, позволяющий обойти эту проблему. Он основан на построении гипотетического **риск-нейтрального мира**, в котором все инвесторы безразличны к риску.

*   В таком мире ожидаемая доходность любого актива (включая рискованные акции) равна безрисковой процентной ставке $r$.
*   Цена производного инструмента (дериватива) определяется как его **ожидаемая будущая выплата, рассчитанная в риск-нейтральном мире и дисконтированная к настоящему моменту по безрисковой ставке**.

#### Ключевое утверждение: Фундаментальная теорема ценообразования активов

Теорема устанавливает связь между отсутствием арбитража (возможности получить безрисковую прибыль) и существованием риск-нейтральной вероятностной меры.

*   **Утверждение**: Рынок является безарбитражным тогда и только тогда, когда существует хотя бы одна риск-нейтральная вероятностная мера. Если рынок является полным (любой денежный поток можно реплицировать портфелем из торгуемых активов), то такая мера единственна.

*   **Условие применимости**: Теорема применима к рынкам, где отсутствуют арбитражные возможности.

### Модель Блэка–Шоулза

Модель Блэка–Шоулза — это математическая модель для оценки европейских опционов, основанная на принципе риск-нейтрального ценообразования.

#### Предпосылки модели

1.  Цена базового актива (акции) следует процессу **геометрического броуновского движения**: $dS_t = \mu S_t dt + \sigma S_t dW_t$.
2.  Безрисковая процентная ставка $r$ и волатильность $\sigma$ постоянны.
3.  Отсутствуют дивиденды по акции (в базовой версии модели).
4.  Рынок является безарбитражным, отсутствуют транзакционные издержки и налоги.
5.  Возможна непрерывная торговля.

#### Формулы Блэка–Шоулза

*   $C$ — цена европейского опциона Call.
*   $P$ — цена европейского опциона Put.
*   $S_0$ — текущая цена базового актива.
*   $K$ — цена исполнения (страйк).
*   $T$ — время до истечения срока опциона (в годах).
*   $r$ — безрисковая ставка (непрерывная).
*   $\sigma$ — волатильность доходности базового актива.
*   $N(x)$ — интегральная функция распределения для стандартного нормального распределения.

$C(S_0, T) = S_0 N(d_1) - K e^{-rT} N(d_2)$
$P(S_0, T) = K e^{-rT} N(-d_2) - S_0 N(-d_1)$

где:
$d_1 = \frac{\ln(S_0/K) + (r + \sigma^2/2)T}{\sigma\sqrt{T}}$
$d_2 = d_1 - \sigma\sqrt{T}$

#### Пример 2: Оценка европейского Call-опциона

**Задача**: Рассчитать цену европейского Call-опциона со следующими параметрами:
*   Текущая цена акции ($S_0$): 100$
*   Цена исполнения ($K$): 100$
*   Срок до истечения ($T$): 1 год
*   Безрисковая ставка ($r$): 5% (0.05)
*   Волатильность ($\sigma$): 20% (0.20)

**Решение**:
1.  **Вычислить $d_1$ и $d_2$**:

    $d_1 = \frac{\ln(100/100) + (0.05 + 0.20^2/2) \cdot 1}{0.20\sqrt{1}} = \frac{0 + (0.05 + 0.02)}{0.20} = \frac{0.07}{0.20} = 0.35$

    $d_2 = 0.35 - 0.20\sqrt{1} = 0.15$

2.  **Найти значения $N(d_1)$ и $N(d_2)$** по таблице стандартного нормального распределения или с помощью калькулятора:

    $N(0.35) \approx 0.6368$
    $N(0.15) \approx 0.5596$

3.  **Подставить значения в формулу для Call-опциона**:

    $C = 100 \cdot N(0.35) - 100 \cdot e^{-0.05 \cdot 1} \cdot N(0.15)$
    $C \approx 100 \cdot 0.6368 - 100 \cdot 0.9512 \cdot 0.5596$
    $C \approx 63.68 - 95.12 \cdot 0.5596 \approx 63.68 - 53.23 \approx 10.45$

    Цена опциона составляет примерно 10.45$.

---

### Задачи для самопроверки

1.  Инвестор планирует через 5 лет накопить 500 000 руб. Какую сумму ему нужно положить на счет сегодня при ставке 8% годовых с непрерывным начислением?

2.  Рассчитать теоретическую цену европейского Put-опциона, если $S_0=50$, $K=55$, $T=0.5$ года, $r=4\%$, $\sigma=25\%$.

3.  В рамках модели Блэка–Шоулза, чему равна ожидаемая доходность акции в риск-нейтральном мире?

4.  Как изменится цена Call-опциона при прочих равных условиях, если волатильность $\sigma$ увеличится? Качественно объясните почему.",True,
Прикладная математика,4,"Обработка сигналов и изображений: преобразование Фурье, вейвлеты","Сделай компактный конспект по теме «Обработка сигналов и изображений: преобразование Фурье, вейвлеты» (раздел «Прикладная математика»).

Что нужно:
- краткая мотивация и точные определения;
- ключевые утверждения/теоремы с условиями применимости (без подробных доказательств);
- 2–3 типовых примера с разбором;
- 3–5 задач для самопроверки (без решений);
Формат: Markdown с заголовками H2/H3, формулы в LaTeX ($...$). Стиль нейтральный, без дидактики. 500–900 слов.","## Обработка сигналов и изображений: Преобразование Фурье и Вейвлеты

Конспект по основным методам частотного и частотно-временного анализа сигналов.

### Преобразование Фурье

#### Мотивация

Основная идея преобразования Фурье — представление сигнала (функции времени или пространственных координат) в виде суммы (или интеграла) гармонических колебаний (синусов и косинусов) различных частот. Это позволяет перейти из *временной/пространственной области* в *частотную область*.

Переход к частотному представлению полезен для:
- Анализа частотного состава сигнала (спектра).
- Фильтрации сигналов (удаления или выделения определённых частот).
- Упрощения операции свертки.
- Решения некоторых дифференциальных уравнений.

#### Определения

**Прямое непрерывное преобразование Фурье (ПФ)** для функции $f(t)$ определяет её спектральную плотность $\hat{f}(\omega)$:
$$ \hat{f}(\omega) = \mathcal{F}\{f(t)\} = \int_{-\infty}^{\infty} f(t) e^{-i\omega t} dt $$
Здесь $\omega$ — угловая частота, $i$ — мнимая единица.

**Обратное непрерывное преобразование Фурье (ОПФ)** восстанавливает исходный сигнал из его спектра:
$$ f(t) = \mathcal{F}^{-1}\{\hat{f}(\omega)\} = \frac{1}{2\pi} \int_{-\infty}^{\infty} \hat{f}(\omega) e^{i\omega t} d\omega $$
*Примечание: Коэффициент $1/(2\pi)$ может по-разному распределяться между прямым и обратным преобразованиями в разных определениях.*

**Дискретное преобразование Фурье (ДПФ)** применяется к дискретным сигналам конечной длины. Для последовательности из $N$ отсчётов $\{x_n\}_{n=0}^{N-1}$ его компоненты $\{X_k\}_{k=0}^{N-1}$ вычисляются как:
$$ X_k = \sum_{n=0}^{N-1} x_n e^{-i \frac{2\pi}{N} kn} $$
ДПФ является основой для цифровой обработки сигналов. Эффективный алгоритм его вычисления называется **Быстрым преобразованием Фурье (БПФ)**.

#### Ключевые утверждения

**Теорема о свёртке:** Преобразование Фурье от свёртки двух функций равно произведению их преобразований Фурье.
$$ \mathcal{F}\{f(t) * g(t)\} = \hat{f}(\omega) \cdot \hat{g}(\omega) $$
где свёртка $(f * g)(t) = \int_{-\infty}^{\infty} f(\tau)g(t-\tau)d\tau$.
*Условие применимости:* Функции $f, g$ должны быть абсолютно интегрируемыми (принадлежать пространству $L_1(\mathbb{R})$).

**Равенство Парсеваля:** Энергия сигнала во временной области равна энергии его спектра в частотной области (с точностью до множителя).
$$ \int_{-\infty}^{\infty} |f(t)|^2 dt = \frac{1}{2\pi} \int_{-\infty}^{\infty} |\hat{f}(\omega)|^2 d\omega $$
Теорема утверждает, что преобразование Фурье сохраняет энергию сигнала.

#### Примеры

**Пример 1: Гармонический сигнал**
Сигнал $f(t) = \cos(\omega_0 t)$. Используя формулу Эйлера $\cos(x) = (e^{ix} + e^{-ix})/2$, его преобразование Фурье представляет собой два пика в частотной области:
$$ \hat{f}(\omega) = \pi[\delta(\omega - \omega_0) + \delta(\omega + \omega_0)] $$
где $\delta(\cdot)$ — дельта-функция Дирака. Спектр показывает, что вся энергия сигнала сосредоточена на частотах $\pm\omega_0$.

**Пример 2: Прямоугольный импульс**
Функция $f(t) = \text{rect}(t)$, равная 1 при $|t| \le 1/2$ и 0 в остальных случаях. Её преобразование Фурье:
$$ \hat{f}(\omega) = \int_{-1/2}^{1/2} 1 \cdot e^{-i\omega t} dt = \frac{\sin(\omega/2)}{\omega/2} = \text{sinc}(\omega/2) $$
Резкие границы импульса во временной области порождают бесконечный, затухающий спектр в частотной области.

### Вейвлет-преобразование

#### Мотивация

Преобразование Фурье эффективно для анализа **стационарных** сигналов, частотные характеристики которых не меняются со временем. Однако оно не даёт информации о том, **в какой момент времени** появилась та или иная частота.

Вейвлет-преобразование решает эту проблему, раскладывая сигнал по базису, локализованному не только по частоте, но и по времени. Это позволяет получить **частотно-временное** представление сигнала. Оно идеально подходит для анализа **нестационарных** сигналов с резкими всплесками, переходными процессами или меняющимися частотами.

#### Определения

Вейвлет-преобразование использует одну базовую функцию — **материнский вейвлет** $\psi(t)$, которая должна удовлетворять определённым условиям (например, иметь нулевое среднее и конечную энергию).

Семейство вейвлетов генерируется из материнского путём операций **сдвига (b)** и **масштабирования (a)**:
$$ \psi_{a,b}(t) = \frac{1}{\sqrt{a}} \psi\left(\frac{t-b}{a}\right) $$
- Параметр $b$ отвечает за локализацию во времени.
- Параметр $a$ отвечает за масштаб (обратно пропорционален частоте). Малые $a$ соответствуют высоким частотам (сжатый вейвлет), большие $a$ — низким (растянутый вейвлет).

**Непрерывное вейвлет-преобразование (НВП)** сигнала $f(t)$ определяется как:
$$ W_{\psi}f(a,b) = \int_{-\infty}^{\infty} f(t) \overline{\psi_{a,b}(t)} dt $$
Результатом является функция двух переменных $(a,b)$, называемая скалограммой, которая показывает амплитуду сигнала для каждого масштаба $a$ и положения $b$.

В цифровой обработке чаще используется **дискретное вейвлет-преобразование (ДВП)**, где масштабы и сдвиги дискретизируются по степеням двойки ($a=2^j$, $b=k \cdot 2^j$).

#### Ключевые аспекты

**Многомасштабный анализ (Multi-Resolution Analysis, MRA):** ДВП реализуется с помощью набора цифровых фильтров (квадратурных зеркальных фильтров). Сигнал пропускается через:
1.  **Низкочастотный фильтр (НЧ):** Выделяет «грубую» часть сигнала — **аппроксимирующие коэффициенты**.
2.  **Высокочастотный фильтр (ВЧ):** Выделяет «детали» сигнала — **детализирующие коэффициенты**.

Этот процесс можно применять итеративно к аппроксимирующим коэффициентам, получая разложение сигнала по разным уровням детализации.

#### Пример

**Пример 3: Сигнал с локальной аномалией**
Рассмотрим сигнал $f(t) = \sin(2\pi f_0 t) + g(t-t_0)$, где $g(t)$ — короткий высокочастотный всплеск (например, импульс Гаусса) в момент времени $t_0$.

- **Анализ с помощью ПФ:** Спектр покажет отчётливый пик на частоте $f_0$ и широкий «шумовой» пьедестал, обусловленный всплеском. Информация о времени $t_0$ будет полностью утеряна.

- **Анализ с помощью НВП/ДВП:** Вейвлет-спектр (скалограмма) покажет:
    - Горизонтальную линию на масштабе, соответствующем частоте $f_0$, на всём протяжении сигнала.
    - Локализованную область высокой энергии в момент времени $t_0$ на малых масштабах (высоких частотах).
Таким образом, вейвлет-анализ точно указывает, где и на каких частотах произошла аномалия.

---

### Задачи для самопроверки

1.  Найти преобразование Фурье для функции затухающей экспоненты $f(t) = e^{-a|t|}$ при $a > 0$.
2.  Сигнал $h(t)$ является свёрткой прямоугольного импульса $\text{rect}(t)$ и функции $e^{-|t|}$. Как найти его преобразование Фурье $\hat{h}(\omega)$, не вычисляя интеграл свёртки напрямую?
3.  Для анализа сигнала ЭКГ (электрокардиограммы), который содержит как квазипериодические участки (сердечный ритм), так и резкие пики (QRS-комплекс), какой метод анализа предпочтительнее: преобразование Фурье или вейвлет-преобразование? Обосновать выбор.
4.  Как изменится 2D-спектр изображения (полученный с помощью 2D-ДПФ), если к исходному изображению применить фильтр, подчёркивающий резкие границы и контуры объектов?
5.  Дан дискретный сигнал $\{x_n\}$. Как изменится модуль его ДПФ-коэффициентов $\{|X_k|\}$, если каждый отсчёт исходного сигнала умножить на 2?",True,
Геометрия (дополнение),1,Аффинная и проективная геометрия: преобразования и инварианты,"Сделай компактный конспект по теме «Аффинная и проективная геометрия: преобразования и инварианты» (раздел «Геометрия (дополнение)»).

Что нужно:
- краткая мотивация и точные определения;
- ключевые утверждения/теоремы с условиями применимости (без подробных доказательств);
- 2–3 типовых примера с разбором;
- 3–5 задач для самопроверки (без решений);
Формат: Markdown с заголовками H2/H3, формулы в LaTeX ($...$). Стиль нейтральный, без дидактики. 500–900 слов.","Отлично, вот конспект по аффинной и проективной геометрии в запрошенном формате.

---

## Аффинная и проективная геометрия: преобразования и инварианты

### Введение

В евклидовой геометрии изучаются свойства фигур, сохраняющиеся при движениях (повороты, сдвиги, отражения). Основные инварианты — длина, угол, площадь. Аффинная и проективная геометрии обобщают евклидову, рассматривая более широкие классы преобразований и, соответственно, меньшее число инвариантов.

*   **Аффинная геометрия** «забывает» про углы и длины, но сохраняет параллельность прямых. Её можно представить как геометрию теней, отбрасываемых параллельными лучами света.
*   **Проективная геометрия** идёт дальше и «забывает» про параллельность, допуская, что параллельные прямые могут пересекаться в «бесконечно удалённых точках». Это геометрия центральной проекции (например, изображения, получаемого камерой).

### Аффинная геометрия

#### Мотивация и определение

Аффинная геометрия изучает свойства, инвариантные относительно аффинных преобразований.

**Определение:** Аффинное преобразование пространства $\mathbb{R}^n$ — это отображение $f: \mathbb{R}^n \to \mathbb{R}^n$ вида:
$f(\mathbf{x}) = A\mathbf{x} + \mathbf{b}$
где $A$ — невырожденная линейная операторная матрица ($det(A) \neq 0$), а $\mathbf{b}$ — вектор сдвига (трансляции). В координатах на плоскости ($n=2$):
$\begin{cases} x' = a_{11}x + a_{12}y + b_1 \\ y' = a_{21}x + a_{22}y + b_2 \end{cases}$, при условии $a_{11}a_{22} - a_{12}a_{21} \neq 0$.

#### Аффинные инварианты

Свойства, которые сохраняются при аффинных преобразованиях:
1.  **Коллинеарность точек:** точки, лежащие на одной прямой, переходят в точки, также лежащие на одной прямой.
2.  **Параллельность прямых:** параллельные прямые переходят в параллельные.
3.  **Простое отношение трёх коллинеарных точек:** для трёх точек $A, B, C$ на одной прямой, где $C$ делит отрезок $AB$ в некотором отношении, т.е. $\vec{AC} = \lambda \vec{CB}$, величина $\lambda$ является инвариантом.
4.  **Отношение площадей (объёмов):** сами площади не сохраняются, но их отношение — инвариант. $S(F_1')/S(F_2') = S(F_1)/S(F_2)$.

Свойства, которые **не** являются аффинными инвариантами: длины отрезков, величины углов, площади фигур, форма окружности (окружность может перейти в эллипс).

#### Основная теорема аффинной геометрии

Любое аффинное преобразование на плоскости однозначно определяется образами трёх точек, не лежащих на одной прямой. То есть, для двух треугольников $ABC$ и $A'B'C'$ существует единственное аффинное преобразование, переводящее $A \to A'$, $B \to B'$, $C \to C'$.

#### Примеры

**Пример 1: Нахождение аффинного преобразования.**
Найти аффинное преобразование плоскости, переводящее точки $O(0,0)$, $E_1(1,0)$, $E_2(0,1)$ в точки $O'(1,1)$, $E_1'(3,2)$, $E_2'(2,4)$ соответственно.

*   Используем формулу $\mathbf{x}' = A\mathbf{x} + \mathbf{b}$.
*   $f(O) = O'$: $A \begin{pmatrix} 0 \\ 0 \end{pmatrix} + \mathbf{b} = \begin{pmatrix} 1 \\ 1 \end{pmatrix} \implies \mathbf{b} = \begin{pmatrix} 1 \\ 1 \end{pmatrix}$.
*   $f(E_1) = E_1'$: $A \begin{pmatrix} 1 \\ 0 \end{pmatrix} + \begin{pmatrix} 1 \\ 1 \end{pmatrix} = \begin{pmatrix} 3 \\ 2 \end{pmatrix} \implies A \begin{pmatrix} 1 \\ 0 \end{pmatrix} = \begin{pmatrix} 2 \\ 1 \end{pmatrix}$. Это первый столбец матрицы $A$.
*   $f(E_2) = E_2'$: $A \begin{pmatrix} 0 \\ 1 \end{pmatrix} + \begin{pmatrix} 1 \\ 1 \end{pmatrix} = \begin{pmatrix} 2 \\ 4 \end{pmatrix} \implies A \begin{pmatrix} 0 \\ 1 \end{pmatrix} = \begin{pmatrix} 1 \\ 3 \end{pmatrix}$. Это второй столбец матрицы $A$.

Матрица $A = \begin{pmatrix} 2 & 1 \\ 1 & 3 \end{pmatrix}$. Преобразование имеет вид:
$\begin{cases} x' = 2x + y + 1 \\ y' = x + 3y + 1 \end{cases}$

**Пример 2: Инвариантность середины отрезка.**
Середина отрезка $AB$ — это точка $M$ такая, что $\vec{AM} = \vec{MB}$ или $\vec{AM} = 1 \cdot \vec{MB}$. Простое отношение $\lambda=1$. Поскольку простое отношение является аффинным инвариантом, образ середины отрезка будет серединой образа отрезка.

### Проективная геометрия

#### Мотивация и определение

Проективная геометрия возникает при добавлении к аффинному пространству «бесконечно удалённых точек», в которых пересекаются параллельные прямые.

Для этого используются **однородные координаты**. Точка $(x,y)$ на аффинной плоскости представляется тройкой чисел $(x_1: x_2: x_3)$, где $x = x_1/x_3$, $y = x_2/x_3$ и $x_3 \neq 0$. Обычно полагают $x_3=1$, получая $(x:y:1)$. Бесконечно удалённые точки соответствуют случаю $x_3 = 0$. Все точки вида $(kx_1: kx_2: kx_3)$ при $k \neq 0$ считаются одной и той же точкой.

**Определение:** Проективное преобразование (гомография) проективной плоскости — это обратимое линейное преобразование в пространстве однородных координат:
$\mathbf{x}' = H\mathbf{x}$,
где $H$ — невырожденная матрица $3 \times 3$ ($det(H) \neq 0$).

#### Проективные инварианты

Основной и практически единственный числовой инвариант проективной геометрии.
1.  **Коллинеарность точек:** сохраняется.
2.  **Двойное отношение (cross-ratio) четырёх коллинеарных точек:** для четырёх точек $A, B, C, D$ на одной прямой их двойное отношение $(A, B; C, D)$ является инвариантом. Если точки заданы своими координатами $x_A, x_B, x_C, x_D$ на прямой, то:
    $(A, B; C, D) = \frac{x_C - x_A}{x_C - x_B} : \frac{x_D - x_A}{x_D - x_B} = \frac{(x_C - x_A)(x_D - x_B)}{(x_C - x_B)(x_D - x_A)}$

Параллельность, простое отношение, отношения площадей **не сохраняются**.

#### Основная теорема проективной геометрии

Любое проективное преобразование на проективной прямой однозначно определяется образами трёх различных точек. На проективной плоскости — образами четырёх точек в общем положении (никакие три не лежат на одной прямой).

#### Пример

**Пример 3: Инвариантность двойного отношения.**
Даны четыре точки на прямой: $A=1$, $B=3$, $C=4$, $D=5$. Применим проективное преобразование $f(x) = \frac{2x}{x-2}$. Найдём образы точек и проверим инвариантность двойного отношения.
*   $A'=f(1)=-2$, $B'=f(3)=6$, $C'=f(4)=4$, $D'=f(5)=10/3$.
*   Двойное отношение для исходных точек:
    $(A,B; C,D) = \frac{(4-1)(5-3)}{(4-3)(5-1)} = \frac{3 \cdot 2}{1 \cdot 4} = \frac{6}{4} = \frac{3}{2}$.
*   Двойное отношение для образов:
    $(A',B'; C',D') = \frac{(4 - (-2))(10/3 - 6)}{(4 - 6)(10/3 - (-2))} = \frac{6 \cdot (-8/3)}{(-2) \cdot (16/3)} = \frac{-16}{-32/3} = \frac{16 \cdot 3}{32} = \frac{3}{2}$.
Значения совпали, что демонстрирует инвариантность двойного отношения.

### Задачи для самопроверки

1.  Найдите аффинное преобразование, которое оставляет точку $(1,1)$ неподвижной и переводит точки $(2,1)$ и $(1,2)$ в $(3,1)$ и $(1,4)$ соответственно.
2.  Докажите, что свойство «быть параллелограммом» является аффинно инвариантным, а свойство «быть ромбом» — нет.
3.  Вычислите двойное отношение четырёх точек на прямой: $A=0, B=2, C=-1, D=\infty$. (Указание: при $x_D \to \infty$ дробь $\frac{x_D-x_B}{x_D-x_A}$ стремится к 1).
4.  Проективное преобразование прямой задано формулой $x' = \frac{x-1}{x+1}$. Найдите образ точки $x=1$ и прообраз точки $y=2$.
5.  Что может случиться с парой пересекающихся прямых при аффинном преобразовании? А при проективном?",True,
Геометрия (дополнение),2,"Дифференциальная геометрия кривых и поверхностей: кривизна, геодезические","Сделай компактный конспект по теме «Дифференциальная геометрия кривых и поверхностей: кривизна, геодезические» (раздел «Геометрия (дополнение)»).

Что нужно:
- краткая мотивация и точные определения;
- ключевые утверждения/теоремы с условиями применимости (без подробных доказательств);
- 2–3 типовых примера с разбором;
- 3–5 задач для самопроверки (без решений);
Формат: Markdown с заголовками H2/H3, формулы в LaTeX ($...$). Стиль нейтральный, без дидактики. 500–900 слов.","## Конспект: Дифференциальная геометрия кривых и поверхностей

### Введение

Дифференциальная геометрия изучает кривые, поверхности и их обобщения (многообразия) с помощью методов математического анализа. Основная задача — охарактеризовать локальные геометрические свойства, такие как «изогнутость» или «скрученность», в каждой точке объекта. Ключевые понятия — кривизна и геодезические линии. Свойства объектов делятся на *внутренние* (определяемые только измерениями на самой поверхности, например, длина пути) и *внешние* (зависящие от вложения объекта в окружающее пространство).

---

### Кривые в евклидовом пространстве ($\mathbb{R}^3$)

#### Определения
**Кривая** — это отображение $\vec{r}(t): I \to \mathbb{R}^3$, где $I$ — интервал в $\mathbb{R}$.
**Регулярная кривая** — кривая, для которой вектор скорости $\vec{r}'(t)$ существует и отличен от нуля ($\vec{r}'(t) \neq \vec{0}$) для всех $t \in I$.
**Натуральный параметр** $s$ — это длина дуги кривой, отсчитываемая от некоторой начальной точки. Параметризация натуральным параметром $\vec{r}(s)$ обладает свойством $\|\vec{r}'(s)\| = 1$. Вектор $\vec{\tau}(s) = \vec{r}'(s)$ является единичным касательным вектором.

#### Кривизна и кручение
Для кривой, параметризованной натуральным параметром $s$, вводятся:
1.  **Сопровождающий репер Френе**: ортонормированный базис $(\vec{\tau}, \vec{n}, \vec{b})$ в каждой точке кривой.
    *   **Касательный вектор**: $\vec{\tau} = \vec{r}'(s)$.
    *   **Вектор главной нормали**: $\vec{n} = \frac{\vec{\tau}'(s)}{\|\vec{\tau}'(s)\|}$. Направлен в сторону изгиба кривой.
    *   **Вектор бинормали**: $\vec{b} = \vec{\tau} \times \vec{n}$.

2.  **Кривизна** $k(s)$: мера отклонения кривой от прямой линии.
    *   Определение: $k(s) = \|\vec{\tau}'(s)\| = \|\vec{r}''(s)\|$.
    *   Геометрический смысл: скорость поворота касательного вектора. Для прямой $k \equiv 0$.

3.  **Кручение** $\kappa(s)$ (иногда обозначается $\chi(s)$): мера отклонения кривой от плоскости.
    *   Определение: $\vec{b}'(s) = -\kappa(s) \vec{n}(s)$.
    *   Геометрический смысл: скорость поворота соприкасающейся плоскости (плоскости, натянутой на $\vec{\tau}$ и $\vec{n}$). Для плоской кривой $\kappa \equiv 0$.

#### Ключевое утверждение: Формулы Френе-Серре
Описывают изменение репера Френе при движении вдоль кривой.
Условия применимости: кривая должна быть регулярной, с ненулевой кривизной ($k > 0$).

$$
\begin{cases}
\vec{\tau}'(s) = k(s) \vec{n}(s) \\
\vec{n}'(s) = -k(s) \vec{\tau}(s) + \kappa(s) \vec{b}(s) \\
\vec{b}'(s) = -\kappa(s) \vec{n}(s)
\end{cases}
$$
В матричном виде: $\frac{d}{ds} \begin{pmatrix} \vec{\tau} \\ \vec{n} \\ \vec{b} \end{pmatrix} = \begin{pmatrix} 0 & k & 0 \\ -k & 0 & \kappa \\ 0 & -\kappa & 0 \end{pmatrix} \begin{pmatrix} \vec{\tau} \\ \vec{n} \\ \vec{b} \end{pmatrix}$.

---

### Поверхности в евклидовом пространстве ($\mathbb{R}^3$)

#### Основные определения
**Поверхность** — это отображение $\vec{r}(u, v): U \to \mathbb{R}^3$, где $U$ — область в $\mathbb{R}^2$.
**Регулярная поверхность** — поверхность, для которой касательные векторы $\vec{r}_u = \frac{\partial \vec{r}}{\partial u}$ и $\vec{r}_v = \frac{\partial \vec{r}}{\partial v}$ линейно независимы ($\vec{r}_u \times \vec{r}_v \neq \vec{0}$).

#### Первая и вторая квадратичные формы
1.  **Первая квадратичная форма ($I$)**: описывает внутреннюю геометрию поверхности (длины, углы, площади).
    $I = ds^2 = E\,du^2 + 2F\,du\,dv + G\,dv^2$, где коэффициенты (метрический тензор):
    *   $E = \langle \vec{r}_u, \vec{r}_u \rangle$
    *   $F = \langle \vec{r}_u, \vec{r}_v \rangle$
    *   $G = \langle \vec{r}_v, \vec{r}_v \rangle$

2.  **Вторая квадратичная форма ($II$)**: описывает внешнюю геометрию (изгиб поверхности в пространстве).
    $II = L\,du^2 + 2M\,du\,dv + N\,dv^2$, где коэффициенты:
    *   $L = \langle \vec{r}_{uu}, \vec{n} \rangle$
    *   $M = \langle \vec{r}_{uv}, \vec{n} \rangle$
    *   $N = \langle \vec{r}_{vv}, \vec{n} \rangle$
    Здесь $\vec{n} = \frac{\vec{r}_u \times \vec{r}_v}{\|\vec{r}_u \times \vec{r}_v\|}$ — единичный вектор нормали.

#### Кривизна поверхностей
**Главные кривизны** $k_1, k_2$ — это экстремальные значения нормальной кривизны в данной точке. Они являются собственными числами оператора Вейнгартена (матрицы $I^{-1}II$).

1.  **Гауссова кривизна**: $K = k_1 k_2$.
    *   **Theorema Egregium (Гаусс)**: Гауссова кривизна является *внутренним* инвариантом поверхности. Она может быть вычислена, зная только коэффициенты первой квадратичной формы ($E, F, G$) и их производные (формула Бриоски), без информации о вложении в $\mathbb{R}^3$.
    *   $K > 0$: эллиптическая точка (поверхность локально похожа на эллипсоид).
    *   $K < 0$: гиперболическая точка (похожа на седло).
    *   $K = 0$: параболическая точка (похожа на цилиндр).

2.  **Средняя кривизна**: $H = \frac{k_1 + k_2}{2}$.
    *   $H$ является *внешним* инвариантом. Поверхности, у которых $H \equiv 0$, называются **минимальными** (например, мыльная пленка, затягивающая контур).

#### Геодезические линии
**Геодезическая** — это кривая на поверхности, являющаяся аналогом прямой линии в евклидовой геометрии.
*   **Определение (внешнее)**: Кривая $\gamma(s)$ на поверхности, вектор ускорения которой в каждой точке ортогонален касательной плоскости к поверхности: $\gamma''(s) \perp T_p S$.
*   **Свойство**: Геодезическая локально минимизирует расстояние между точками на поверхности.
*   Геодезические полностью определяются внутренней геометрией поверхности (первой квадратичной формой).

---

### Примеры

1.  **Кривая: Винтовая линия**
    $\vec{r}(t) = (a \cos t, a \sin t, bt)$, где $a>0, b \neq 0$.
    *   После перехода к натуральному параметру $s = c t$ (где $c=\sqrt{a^2+b^2}$), кривая имеет вид $\vec{r}(s) = (a \cos(s/c), a \sin(s/c), b s/c)$.
    *   **Кривизна**: $k = \frac{a}{a^2+b^2}$ (постоянна).
    *   **Кручение**: $\kappa = \frac{b}{a^2+b^2}$ (постоянно).
    *   Если $b=0$, кривая становится окружностью (кривизна $1/a$, кручение 0). Если $a=0$, получается прямая (кривизна и кручение 0).

2.  **Поверхность: Цилиндр**
    $\vec{r}(u, v) = (R \cos u, R \sin u, v)$.
    *   **Первая квадратичная форма**: $\vec{r}_u = (-R \sin u, R \cos u, 0)$, $\vec{r}_v = (0, 0, 1)$.
        $E = R^2$, $F=0$, $G=1$. Метрика: $ds^2 = R^2 du^2 + dv^2$.
    *   **Гауссова кривизна**: $K=0$. Это означает, что цилиндр — развертываемая на плоскость поверхность (его внутренняя геометрия эквивалентна геометрии плоскости).
    *   **Главные кривизны**: $k_1 = 1/R$ (кривизна окружности в сечении), $k_2 = 0$ (кривизна прямой образующей). Средняя кривизна $H = 1/(2R)$.
    *   **Геодезические**: кривые, которые становятся прямыми при развертке цилиндра на плоскость. Это винтовые линии, окружности (при $b=0$) и прямые образующие.

---

### Задачи для самопроверки

1.  Найти кривизну и кручение для кривой $\vec{r}(t) = (t, t^2, t^3)$ в точке $t=0$.
2.  Вычислить коэффициенты первой и второй квадратичных форм для сферы радиуса $R$, заданной параметризацией $\vec{r}(\theta, \phi) = (R\sin\theta\cos\phi, R\sin\theta\sin\phi, R\cos\theta)$.
3.  Используя результаты задачи 2, найти главные, гауссову и среднюю кривизны для сферы.
4.  Показать, что большие круги (сечения сферы плоскостью, проходящей через ее центр) являются геодезическими линиями на сфере.
5.  Найти гауссову кривизну поверхности, заданной уравнением $z = xy$ (гиперболический параболоид).",True,
Геометрия (дополнение),3,Тензоры и формы; внешнее дифференцирование,"Сделай компактный конспект по теме «Тензоры и формы; внешнее дифференцирование» (раздел «Геометрия (дополнение)»).

Что нужно:
- краткая мотивация и точные определения;
- ключевые утверждения/теоремы с условиями применимости (без подробных доказательств);
- 2–3 типовых примера с разбором;
- 3–5 задач для самопроверки (без решений);
Формат: Markdown с заголовками H2/H3, формулы в LaTeX ($...$). Стиль нейтральный, без дидактики. 500–900 слов.","Конечно, вот конспект по теме «Тензоры и формы; внешнее дифференцирование».

## Тензоры и формы; внешнее дифференцирование

### Тензоры

#### Мотивация
Тензоры являются обобщением скаляров (тензоры ранга 0), векторов (контравариантные тензоры ранга 1) и ковекторов (ковариантные тензоры ранга 1). Они позволяют описывать физические и геометрические величины, не зависящие от выбора системы координат, а также линейные преобразования между векторными пространствами.

#### Определение
Пусть $V$ — векторное пространство над полем $\mathbb{R}$, а $V^*$ — сопряженное (дуальное) ему пространство линейных функционалов.

**Тензор типа $(p, q)$** на $V$ — это полилинейное отображение $T$, которое принимает $p$ ковекторов и $q$ векторов и возвращает скаляр:
$$
T: \underbrace{V^* \times \dots \times V^*}_{p} \times \underbrace{V \times \dots \times V}_{q} \to \mathbb{R}
$$
Число $p$ называется **контравариантной валентностью**, а $q$ — **ковариантной валентностью**. Сумма $p+q$ — общая валентность или ранг тензора.

В координатах, если $\{e_i\}$ — базис в $V$, а $\{e^j\}$ — дуальный базис в $V^*$, тензор $T$ представляется набором компонент $T_{j_1 \dots j_q}^{i_1 \dots i_p}$. Верхние индексы называются контравариантными, нижние — ковариантными.

#### Ключевые операции
*   **Тензорное произведение ($\otimes$)**: Произведение тензора типа $(p, q)$ и тензора типа $(r, s)$ дает тензор типа $(p+r, q+s)$.
*   **Свёртка (contraction)**: Операция, которая ""сворачивает"" один контравариантный и один ковариантный индекс, уменьшая ранг тензора на 2. В координатах это суммирование по паре одинаковых верхнего и нижнего индексов: $T^{i...}_{i...} = \sum_i T^{i...}_{i...}$.

---

### Дифференциальные формы (внешние формы)

#### Мотивация
Дифференциальные формы — это объекты, предназначенные для интегрирования по кривым, поверхностям и многообразиям высших размерностей. Они обобщают подынтегральное выражение и элемент объёма ($dx$, $dx\,dy$ и т.д.) в координатно-независимом виде.

#### Определение
**Дифференциальная $k$-форма** на многообразии $M$ — это гладкое ковариантное тензорное поле ранга $k$, которое является полностью антисимметричным. Это означает, что в каждой точке $x \in M$ форма $\omega_x$ является полилинейным отображением, меняющим знак при перестановке двух любых своих аргументов (векторов):
$$
\omega_x(v_1, \dots, v_i, \dots, v_j, \dots, v_k) = -\omega_x(v_1, \dots, v_j, \dots, v_i, \dots, v_k)
$$
Пространство $k$-форм на $M$ обозначается $\Omega^k(M)$.
*   $k=0$: 0-формы — это гладкие функции $f \in C^\infty(M)$.
*   $k=1$: 1-формы — это ковекторные поля.

#### Внешнее произведение ($\wedge$)
Это основная операция над формами. Для 1-форм $\alpha$ и $\beta$ она обладает свойством антикоммутативности: $\alpha \wedge \beta = - \beta \wedge \alpha$. В общем случае, для $k$-формы $\omega$ и $l$-формы $\eta$:
$$
\omega \wedge \eta = (-1)^{kl} \eta \wedge \omega
$$
В локальных координатах $\{x^i\}$ любая $k$-форма является линейной комбинацией базисных элементов $dx^{i_1} \wedge \dots \wedge dx^{i_k}$ с функциональными коэффициентами.

---

### Внешнее дифференцирование

#### Мотивация
Оператор внешнего дифференциала $d$ обобщает операции векторного анализа (градиент, ротор, дивергенция) на многообразия произвольной размерности.

#### Определение и свойства
**Внешний дифференциал** — это линейный оператор $d: \Omega^k(M) \to \Omega^{k+1}(M)$, который удовлетворяет трём аксиомам:

1.  Для 0-формы (функции $f$): $df = \sum_{i=1}^n \frac{\partial f}{\partial x^i} dx^i$. Это дифференциал функции.
2.  **Свойство нильпотентности**: $d(d\omega) = d^2\omega = 0$ для любой формы $\omega$. Это фундаментальное свойство, являющееся аналогом тождеств $\text{rot}(\text{grad}\, f) = 0$ и $\text{div}(\text{rot}\, \mathbf{A}) = 0$.
3.  **Правило Лейбница** для внешнего произведения: для $k$-формы $\omega$ и произвольной формы $\eta$:
    $$
    d(\omega \wedge \eta) = d\omega \wedge \eta + (-1)^k \omega \wedge d\eta
    $$

#### Обобщенная теорема Стокса
Это центральный результат всего формализма. Он связывает интеграл от внешней производной формы по многообразию с интегралом от самой формы по его границе.

**Формулировка**: Пусть $M$ — компактное ориентированное $n$-мерное многообразие с границей $\partial M$, а $\omega$ — гладкая $(n-1)$-форма на $M$. Тогда:
$$
\int_M d\omega = \int_{\partial M} \omega
$$
Эта теорема объединяет теорему Ньютона-Лейбница, теорему Грина, классическую теорему Стокса и теорему Гаусса-Остроградского.

---

### Примеры

#### Пример 1: Внешнее произведение в $\mathbb{R}^3$
Даны две 1-формы: $\omega = x\,dx + z\,dy$ и $\eta = y\,dx - dz$.
Найти $\omega \wedge \eta$.
```latex
  \omega \wedge \eta = (x\,dx + z\,dy) \wedge (y\,dx - dz)
= x \cdot y \cdot (dx \wedge dx) - x \cdot (dx \wedge dz) + z \cdot y \cdot (dy \wedge dx) - z \cdot (dy \wedge dz)
```
Используя свойства $dx \wedge dx = 0$ и $dy \wedge dx = -dx \wedge dy$:
```latex
  = 0 - x\,(dx \wedge dz) - yz\,(dx \wedge dy) - z\,(dy \wedge dz)
= -yz\,(dx \wedge dy) + x\,(dz \wedge dx) - z\,(dy \wedge dz)
```

#### Пример 2: Внешний дифференциал в $\mathbb{R}^3$
Найти внешний дифференциал 1-формы $\omega = x^2y\,dx + z^2\,dy$.
```latex
d\omega = d(x^2y\,dx + z^2\,dy) = d(x^2y) \wedge dx + d(z^2) \wedge dy
```
Вычисляем дифференциалы функций:
$d(x^2y) = \frac{\partial(x^2y)}{\partial x}dx + \frac{\partial(x^2y)}{\partial y}dy + \frac{\partial(x^2y)}{\partial z}dz = 2xy\,dx + x^2\,dy$
$d(z^2) = 2z\,dz$
Подставляем обратно:
```latex
d\omega = (2xy\,dx + x^2\,dy) \wedge dx + (2z\,dz) \wedge dy
      = 2xy\,(dx \wedge dx) + x^2\,(dy \wedge dx) + 2z\,(dz \wedge dy)
      = 0 - x^2\,(dx \wedge dy) - 2z\,(dy \wedge dz)
      = -x^2\,(dx \wedge dy) - 2z\,(dy \wedge dz)
```

#### Пример 3: Связь с векторным анализом в $\mathbb{R}^3$
Существует канонический изоморфизм между формами и векторными полями в $\mathbb{R}^3$:
*   **0-форма** $f \leftrightarrow$ скалярное поле $f$.
*   **1-форма** $\omega = F_1 dx + F_2 dy + F_3 dz \leftrightarrow$ векторное поле $\mathbf{F} = (F_1, F_2, F_3)$.
*   **2-форма** $\eta = G_1 dy \wedge dz + G_2 dz \wedge dx + G_3 dx \wedge dy \leftrightarrow$ векторное поле $\mathbf{G} = (G_1, G_2, G_3)$.

Тогда оператор $d$ действует следующим образом:
1.  $df = \frac{\partial f}{\partial x}dx + \frac{\partial f}{\partial y}dy + \frac{\partial f}{\partial z}dz \leftrightarrow \text{grad}\,f = \nabla f$
2.  $d\omega \leftrightarrow \text{rot}\,\mathbf{F} = \nabla \times \mathbf{F}$
3.  $d\eta \leftrightarrow \text{div}\,\mathbf{G} = \nabla \cdot \mathbf{G}$

---

### Задачи для самопроверки

1.  Вычислите внешнее произведение $(\sin(z)\,dx + y\,dz) \wedge (x\,dy - \cos(z)\,dz)$ в $\mathbb{R}^3$.
2.  Найдите внешний дифференциал 2-формы $\eta = x^2y\,(dx \wedge dy) + y^2z\,(dx \wedge dz)$ в $\mathbb{R}^3$.
3.  Проверьте тождество $d^2\omega = 0$ для 1-формы $\omega = xy^2\,dx + yz^2\,dy + zx^2\,dz$ в $\mathbb{R}^3$.
4.  Форма $\omega$ называется **замкнутой**, если $d\omega = 0$, и **точной**, если существует форма $\eta$ такая, что $\omega=d\eta$. Докажите, что любая точная форма является замкнутой.
5.  Используя обобщенную теорему Стокса, объясните, почему интеграл от точной $(n-1)$-формы по замкнутой границе $\partial M$ ($M$ — $n$-мерное многообразие) всегда равен нулю, если $\partial M$ само не имеет границы.",True,
Геометрия (дополнение),4,"Риманова геометрия: метрика, связность, кривизна","Сделай компактный конспект по теме «Риманова геометрия: метрика, связность, кривизна» (раздел «Геометрия (дополнение)»).

Что нужно:
- краткая мотивация и точные определения;
- ключевые утверждения/теоремы с условиями применимости (без подробных доказательств);
- 2–3 типовых примера с разбором;
- 3–5 задач для самопроверки (без решений);
Формат: Markdown с заголовками H2/H3, формулы в LaTeX ($...$). Стиль нейтральный, без дидактики. 500–900 слов.","## Риманова геометрия: метрика, связность, кривизна

### Введение и мотивация

Риманова геометрия обобщает евклидову геометрию на пространства с переменной кривизной — гладкие многообразия. Основная идея заключается в том, чтобы наделить каждое касательное пространство многообразия структурой евклидова пространства (задать скалярное произведение) и обеспечить гладкое изменение этой структуры от точки к точке. Это позволяет определять на многообразии такие геометрические понятия, как длина кривой, угол между векторами, площадь поверхности, а также аналоги «прямых линий» — геодезические.

---

### H2: Основные определения и утверждения

#### H3: Метрика и риманово многообразие

**Определение (Риманово многообразие):** Риманово многообразие — это пара $(M, g)$, где $M$ — гладкое многообразие, а $g$ — риманова метрика.

**Определение (Риманова метрика):** Риманова метрика $g$ — это семейство $g_p$ скалярных произведений (положительно определённых симметричных билинейных форм) на каждом касательном пространстве $T_p M$, которое гладко зависит от точки $p \in M$.

В локальных координатах $(x^1, \dots, x^n)$ метрика задаётся матрицей своих компонент $g_{ij}(x) = g(\frac{\partial}{\partial x^i}, \frac{\partial}{\partial x^j})$. Элемент длины дуги $ds$ при этом записывается как:
$ds^2 = g_{ij} dx^i dx^j$
(здесь и далее предполагается суммирование по повторяющимся верхним и нижним индексам — соглашение Эйнштейна).

С помощью метрики определяются:
*   **Длина кривой** $\gamma: [a, b] \to M$:
    $L(\gamma) = \int_a^b \sqrt{g_{\gamma(t)}(\dot{\gamma}(t), \dot{\gamma}(t))} dt = \int_a^b \sqrt{g_{ij}(\gamma(t)) \frac{dx^i}{dt} \frac{dx^j}{dt}} dt$
*   **Угол** $\theta$ между касательными векторами $v, w \in T_p M$:
    $\cos\theta = \frac{g_p(v, w)}{\sqrt{g_p(v, v) g_p(w, w)}}$

#### H3: Связность и ковариантное дифференцирование

**Мотивация:** На многообразии нельзя просто «вычесть» векторы из разных касательных пространств. Связность — это структура, которая позволяет сравнивать векторы в бесконечно близких точках и, как следствие, дифференцировать векторные поля.

**Определение (Аффинная связность):** Аффинная связность $\nabla$ на $M$ — это оператор $\nabla: \mathfrak{X}(M) \times \mathfrak{X}(M) \to \mathfrak{X}(M)$, обозначаемый $(X, Y) \mapsto \nabla_X Y$ (ковариантная производная поля $Y$ вдоль поля $X$), удовлетворяющий определённым аксиомам линейности и правилу Лейбница.

**Теорема (Основная теорема римановой геометрии):** На любом римановом многообразии $(M, g)$ существует единственная связность $\nabla$ (называемая **связностью Леви-Чивиты**), которая удовлетворяет двум условиям:
1.  **Совместимость с метрикой:** $\nabla g = 0$, то есть $X(g(Y, Z)) = g(\nabla_X Y, Z) + g(Y, \nabla_X Z)$ для любых векторных полей $X, Y, Z$. Это означает, что скалярное произведение векторов сохраняется при параллельном переносе.
2.  **Отсутствие кручения:** $\nabla_X Y - \nabla_Y X = [X, Y]$, где $[X, Y]$ — скобка Ли векторных полей.

В локальных координатах связность полностью определяется **символами Кристоффеля** $\Gamma^k_{ij}$:
$(\nabla_X Y)^k = X^i \frac{\partial Y^k}{\partial x^i} + X^i Y^j \Gamma^k_{ij}$

Символы Кристоффеля для связности Леви-Чивиты выражаются через производные компонент метрики:
$\Gamma^k_{ij} = \frac{1}{2} g^{kl} \left(\frac{\partial g_{lj}}{\partial x^i} + \frac{\partial g_{il}}{\partial x^j} - \frac{\partial g_{ij}}{\partial x^l}\right)$
где $g^{kl}$ — компоненты матрицы, обратной к $g_{kl}$.

**Геодезические:** Кривая $\gamma(t)$ называется геодезической, если её вектор скорости $\dot{\gamma}(t)$ параллельно переносится вдоль самой кривой. Уравнение геодезической: $\nabla_{\dot{\gamma}}\dot{\gamma} = 0$. В координатах:
$\frac{d^2 x^k}{dt^2} + \Gamma^k_{ij} \frac{dx^i}{dt} \frac{dx^j}{dt} = 0$

#### H3: Кривизна

**Мотивация:** Кривизна измеряет, насколько геометрия многообразия локально отличается от евклидовой. Один из способов её увидеть — результат параллельного переноса вектора вдоль замкнутого контура. В плоском пространстве вектор вернётся в исходное состояние, в искривлённом — нет.

**Определение (Тензор кривизны Римана):** Тензор кривизны $R$ — это оператор, который измеряет некоммутативность ковариантных производных:
$R(X, Y)Z = \nabla_X \nabla_Y Z - \nabla_Y \nabla_X Z - \nabla_{[X,Y]} Z$

*   **Ключевое свойство:** Пространство является **локально плоским** (локально изометричным евклидову пространству) тогда и только тогда, когда его тензор кривизны равен нулю ($R \equiv 0$).

Из тензора Римана путём операции «свёртки» (взятия следа) получают:
*   **Тензор Риччи:** $R_{ij} = R^k_{ikj}$. Это симметричный тензор.
*   **Скалярная кривизна:** $S = g^{ij}R_{ij}$. Это функция на многообразии, которая сопоставляет каждой точке число, характеризующее «усреднённую» кривизну в этой точке.

---

### H2: Ключевые примеры

#### H3: Евклидово пространство $\mathbb{R}^n$

*   **Метрика:** Стандартная евклидова метрика. В декартовых координатах $g_{ij} = \delta_{ij}$ (символ Кронекера). $ds^2 = (dx^1)^2 + \dots + (dx^n)^2$.
*   **Связность:** Компоненты метрики — константы, поэтому все их производные равны нулю. Следовательно, все символы Кристоффеля $\Gamma^k_{ij} = 0$.
*   **Кривизна:** Так как $\Gamma^k_{ij} = 0$, то тензор кривизны $R^l_{ijk} \equiv 0$. Пространство плоское.
*   **Геодезические:** Уравнение $\frac{d^2 x^k}{dt^2} = 0$ даёт в качестве решений прямые линии.

#### H3: Двумерная сфера $S^2$ радиуса $R$

*   **Метрика:** В сферических координатах $(\theta, \phi)$, где $\theta \in [0, \pi]$ — полярный угол, $\phi \in [0, 2\pi)$ — азимутальный.
    $ds^2 = R^2 d\theta^2 + R^2 \sin^2\theta d\phi^2$
    Матрица метрики: $g = \begin{pmatrix} R^2 & 0 \\ 0 & R^2 \sin^2\theta \end{pmatrix}$.
*   **Связность:** Компоненты $g_{\phi\phi}$ зависят от $\theta$, поэтому некоторые символы Кристоффеля ненулевые. Например:
    $\Gamma^\theta_{\phi\phi} = -\sin\theta \cos\theta$
    $\Gamma^\phi_{\theta\phi} = \Gamma^\phi_{\phi\theta} = \cot\theta$
    Остальные равны нулю.
*   **Кривизна:** Пространство не является плоским. Скалярная кривизна постоянна и положительна: $S = \frac{2}{R^2}$.
*   **Геодезические:** Решениями уравнений геодезических являются большие круги сферы.

---

### H2: Задачи для самопроверки

1.  Рассмотрим метрику на верхней полуплоскости $\mathbb{H}^2 = \{(x, y) \in \mathbb{R}^2 | y > 0\}$, заданную формулой $ds^2 = \frac{dx^2 + dy^2}{y^2}$. Вычислите символы Кристоффеля $\Gamma^x_{xy}$ и $\Gamma^y_{xx}$. (Это метрика модели Пуанкаре для гиперболической геометрии).

2.  Используя уравнение геодезических в координатной форме, покажите, что в евклидовом пространстве $\mathbb{R}^2$ с полярными координатами $(r, \phi)$ геодезическими являются не только кривые $r(t)=const$, но и кривые $\phi(t)=const$, проходящие через начало координат.

3.  Докажите, что если связность совместима с метрикой, то длина касательного вектора $V$ сохраняется при его параллельном переносе вдоль произвольной кривой $\gamma(t)$. (Указание: покажите, что $\frac{d}{dt} g(V, V) = 0$, если $\nabla_{\dot{\gamma}} V = 0$).

4.  Для двумерной сферы $S^2$ радиуса $R$ вычислите длину экватора ($\theta=\pi/2$) и меридиана (кривой, где $\phi = \text{const}$).

5.  Объясните, почему в определении тензора кривизны $R(X, Y)Z$ присутствует член $\nabla_{[X,Y]}Z$. Что произойдёт, если его убрать? (Подсказка: рассмотрите, как определение будет работать в локальных координатах).",True,
Геометрия (дополнение),5,Геометрические группы и действия на пространствах,"Сделай компактный конспект по теме «Геометрические группы и действия на пространствах» (раздел «Геометрия (дополнение)»).

Что нужно:
- краткая мотивация и точные определения;
- ключевые утверждения/теоремы с условиями применимости (без подробных доказательств);
- 2–3 типовых примера с разбором;
- 3–5 задач для самопроверки (без решений);
Формат: Markdown с заголовками H2/H3, формулы в LaTeX ($...$). Стиль нейтральный, без дидактики. 500–900 слов.","## Геометрические группы и действия на пространствах

### Мотивация и основные определения

Основная идея — изучение геометрических объектов через их симметрии. Симметрии объекта образуют алгебраическую структуру, называемую группой. Способ, которым эти симметрии преобразуют объект, формализуется понятием **действия группы на пространстве**. Этот подход позволяет применять мощные методы теории групп для решения геометрических задач, включая задачи классификации и перечисления.

#### Определения

**Группа**
Группа — это непустое множество $G$ с бинарной операцией $\cdot : G \times G \to G$, удовлетворяющей трем аксиомам:
1.  **Ассоциативность:** $(a \cdot b) \cdot c = a \cdot (b \cdot c)$ для любых $a, b, c \in G$.
2.  **Нейтральный элемент:** Существует элемент $e \in G$ (называемый нейтральным или единичным) такой, что $a \cdot e = e \cdot a = a$ для любого $a \in G$.
3.  **Обратный элемент:** Для каждого $a \in G$ существует элемент $a^{-1} \in G$ такой, что $a \cdot a^{-1} = a^{-1} \cdot a = e$.

**Действие группы**
Говорят, что группа $(G, \cdot)$ **действует** на множестве (пространстве) $X$, если задано отображение $\phi: G \times X \to X$, которое мы для краткости будем обозначать $(g, x) \mapsto g \cdot x$, удовлетворяющее двум аксиомам:
1.  $e \cdot x = x$ для любого $x \in X$ (нейтральный элемент действует тождественно).
2.  $(g_1 \cdot g_2) \cdot x = g_1 \cdot (g_2 \cdot x)$ для любых $g_1, g_2 \in G$ и $x \in X$.

#### Основные понятия, связанные с действием

*   **Орбита** точки $x \in X$ — это множество всех точек, в которые $x$ может быть переведена элементами группы $G$:
    $Orb(x) = \{ g \cdot x \mid g \in G \}$.
*   **Стабилизатор** (или **стационарная подгруппа**) точки $x \in X$ — это подгруппа в $G$, состоящая из всех элементов, оставляющих $x$ на месте:
    $Stab(x) = \{ g \in G \mid g \cdot x = x \}$.
*   **Транзитивное действие:** Действие называется транзитивным, если для любых двух точек $x, y \in X$ существует элемент $g \in G$ такой, что $y = g \cdot x$. Это эквивалентно тому, что у действия ровно одна орбита, совпадающая со всем пространством $X$.
*   **Свободное действие:** Действие называется свободным, если стабилизатор любой точки тривиален, т.е. $Stab(x) = \{e\}$ для всех $x \in X$.

### Ключевые утверждения

**Теорема о стабилизаторе и орбите**
Пусть конечная группа $G$ действует на множестве $X$. Тогда для любой точки $x \in X$ размер группы $G$ равен произведению размера ее орбиты и размера ее стабилизатора:
$$ |G| = |Orb(x)| \cdot |Stab(x)| $$
Это утверждение — фундаментальный инструмент для анализа действий групп.

**Лемма Бёрнсайда (Теорема Коши-Фробениуса)**
Число орбит $N$ действия конечной группы $G$ на конечном множестве $X$ равно среднему числу неподвижных точек:
$$ N = \frac{1}{|G|} \sum_{g \in G} |X^g| $$
где $X^g = \{x \in X \mid g \cdot x = x \}$ — множество точек, неподвижных относительно действия элемента $g$. Лемма незаменима в комбинаторных задачах перечисления объектов с точностью до симметрии.

### Типовые примеры

**Пример 1: Действие группы диэдра $D_4$ на вершинах квадрата**
*   **Группа $G$**: Группа симметрий квадрата $D_4$, состоящая из 8 элементов: 4 поворота (на 0°, 90°, 180°, 270°) и 4 осевые симметрии. $|D_4|=8$.
*   **Пространство $X$**: Множество вершин квадрата $\{v_1, v_2, v_3, v_4\}$. $|X|=4$.
*   **Анализ**:
    *   **Транзитивность**: Действие транзитивно, так как любую вершину можно перевести в любую другую поворотом. Следовательно, есть только одна орбита $Orb(v_1) = X$. $|Orb(v_1)| = 4$.
    *   **Стабилизатор**: Найдем стабилизатор вершины $v_1$. Только тождественное преобразование $e$ и отражение относительно диагонали, проходящей через $v_1$, оставляют $v_1$ на месте. Таким образом, $Stab(v_1) = \{e, s_{diag}\}$, где $s_{diag}$ — это отражение. $|Stab(v_1)| = 2$.
    *   **Проверка теоремы**: $|D_4| = 8$, $|Orb(v_1)| \cdot |Stab(v_1)| = 4 \cdot 2 = 8$. Равенство выполняется.

**Пример 2: Действие группы вращений $SO(3)$ на сфере $S^2$**
*   **Группа $G$**: Группа $SO(3)$ — всевозможные вращения 3D-пространства вокруг начала координат. Это бесконечная (непрерывная) группа.
*   **Пространство $X$**: Единичная сфера $S^2 \subset \mathbb{R}^3$.
*   **Анализ**:
    *   **Транзитивность**: Действие транзитивно: любую точку на сфере можно перевести в любую другую подходящим поворотом. Орбита любой точки — вся сфера $S^2$.
    *   **Стабилизатор**: Рассмотрим стабилизатор «северного полюса» $P=(0,0,1)$. Точка $P$ остается неподвижной при вращениях вокруг оси $Oz$. Множество таких вращений образует группу, изоморфную группе вращений плоскости $SO(2)$. Таким образом, $Stab(P) \cong SO(2)$.

**Пример 3: Подсчет числа раскрасок граней куба**
Сколько существует различных способов раскрасить грани куба в два цвета (черный и белый) с точностью до вращений?
*   **Группа $G$**: Группа вращений куба. $|G|=24$.
*   **Пространство $X$**: Множество всех возможных $2^6=64$ раскрасок (без учета симметрии).
*   **Цель**: Найти число орбит с помощью леммы Бёрнсайда.
*   **Расчет неподвижных точек $X^g$**:
    1.  **Тождественное вращение ($e$)**: $g=e$. Фиксирует все 64 раскраски. $|X^e|=64$. (1 элемент)
    2.  **Повороты на $\pm 90^\circ$ вокруг осей, проходящих через центры граней**: 3 оси, 2 поворота на ось. Всего 6 таких вращений. Каждое такое вращение циклически переставляет 4 грани, оставляя 2 на месте. Чтобы раскраска была неподвижной, все грани в цикле должны быть одного цвета. Имеем 3 группы граней (цикл из 4, 1, 1). $2^3=8$ неподвижных раскрасок. Суммарный вклад: $6 \times 8 = 48$.
    3.  **Повороты на $180^\circ$ вокруг тех же осей**: 3 вращения. Каждое разбивает грани на 3 пары и 2 неподвижные. Не так, оно разбивает на три пары, которые меняются местами. $2^{(2+2+2)/2} = 2^3$. Нет, $(12)(34)(5)(6) \to 4$ компоненты, 2^4 = 16. Правильно: грани разбиваются на 3 пары, меняющиеся местами, и 2 неподвижные грани. Стоп, тут ошибка. Поворот на 180 вокруг оси через центры граней разбивает грани на 3 пары `(g1,g2)(g3,g4)(g5,g6)`. Нет. 2 грани неподвижны, 4 оставшиеся меняются парами. 4 независимых выбора цвета. $2^4=16$. Вклад: $3 \times 16 = 48$.
    4.  **Повороты на $180^\circ$ вокруг осей, проходящих через середины противоположных ребер**: 6 таких вращений. Разбивают 6 граней на 3 пары. $2^3=8$ инвариантных раскрасок. Вклад: $6 \times 8 = 48$.
    5.  **Повороты на $\pm 120^\circ$ вокруг главных диагоналей**: 4 диагонали, 2 поворота. Всего 8 вращений. Разбивают грани на 2 цикла по 3. $2^2=4$ инвариантных раскраски. Вклад: $8 \times 4 = 32$.
*   **Итог по лемме Бёрнсайда**:
    $N = \frac{1}{24}(64 + 48 + 48 + 48 + 32) = \frac{240}{24} = 10$.
    Существует 10 различных способов раскраски.

### Задачи для самопроверки

1.  Рассмотреть действие группы диэдра $D_5$ (симметрии правильного пятиугольника) на множестве его диагоналей. Является ли это действие транзитивным? Найти орбиту и стабилизатор для произвольной диагонали.
2.  Сколько существует различных (с точностью до вращений) способов раскрасить вершины правильного тетраэдра в три цвета?
3.  Пусть группа $G$ действует на себе сопряжениями: $g \cdot h = ghg^{-1}$ для $g, h \in G$. Описать орбиты (классы сопряженности) и стабилизаторы (централизаторы) для группы симметрий квадрата $D_4$.
4.  Доказать, что для любого $x \in X$ стабилизатор $Stab(x)$ является подгруппой в $G$.",True,
